350.000	5436.8
350.128	5459.4
350.256	5524.9
350.384	5542.7
350.511	5523.9
350.639	5483.8
350.767	5393.2
350.895	5454.7
351.023	5483.3
351.151	5477.2
351.278	5462.8
351.406	5458.7
351.534	5448.8
351.662	5494.5
351.790	5492.2
351.918	5496.8
352.045	5521.2
352.173	5541.7
352.301	5447
352.429	5403
352.557	5469.4
352.685	5462.9
352.812	5450.5
352.940	5471
353.068	5463.4
353.196	5441.4
353.324	5460.2
353.452	5482.1
353.579	5462.9
353.707	5425.3
353.835	5513.3
353.963	5429.5
354.091	5504.2
354.219	5462.3
354.346	5426
354.474	5455.2
354.602	5497.3
354.730	5499.2
354.858	5508.6
354.986	5468.7
355.113	5438
355.241	5447.7
355.369	5493.7
355.497	5489.8
355.625	5579.7
355.753	5484.2
355.880	5425.7
356.008	5464.6
356.136	5508.1
356.264	5535.6
356.392	5512.6
356.520	5493.1
356.647	5458.6
356.775	5430.2
356.903	5453.7
357.031	5495.3
357.159	5461.3
357.287	5481.6
357.414	5472.7
357.542	5461.4
357.670	5515.9
357.798	5474.2
357.926	5407.8
358.054	5454.4
358.182	5492.3
358.309	5502.3
358.437	5494.9
358.565	5384.5
358.693	5505.3
358.821	5522.1
358.949	5479.1
359.076	5455.5
359.204	5502.2
359.332	5450.3
359.460	5472.5
359.588	5536.6
359.716	5526.8
359.843	5477.2
359.971	5449.6
360.099	5496.1
360.227	5431.2
360.355	5472.3
360.483	5496.6
360.610	5499.3
360.738	5493.5
360.866	5500.1
360.994	5446.9
361.122	5447.1
361.250	5372.9
361.377	5336
361.505	5397.5
361.633	5518.3
361.761	5480
361.889	5491.4
362.017	5505.8
362.144	5502.8
362.272	5471
362.400	5410.9
362.528	5476.6
362.656	5503.6
362.784	5480.9
362.911	5485.9
363.039	5508.2
363.167	5483.4
363.295	5425.2
363.423	5481.8
363.551	5493.6
363.678	5495.1
363.806	5509.6
363.934	5543.7
364.062	5503
364.190	5498
364.318	5525.4
364.445	5511.8
364.573	5467.4
364.701	5425.8
364.829	5422.3
364.957	5448.8
365.085	5486.6
365.212	5456.8
365.340	5451.9
365.468	5511.4
365.596	5486.6
365.724	5502.1
365.852	5490.3
365.979	5505.2
366.107	5504.9
366.235	5489.6
366.363	5526.7
366.491	5501.1
366.619	5475
366.747	5533.7
366.874	5521.5
367.002	5451.9
367.130	5469
367.258	5431.1
367.386	5471.7
367.514	5505.1
367.641	5501.8
367.769	5478.2
367.897	5478.3
368.025	5588.7
368.153	5479.2
368.281	5488.8
368.408	5498.4
368.536	5500.5
368.664	5502.2
368.792	5461.8
368.920	5489.3
369.048	5482.4
369.175	5519.6
369.303	5547.2
369.431	5530.7
369.559	5503.5
369.687	5533.2
369.815	5507.4
369.942	5497.6
370.070	5480.3
370.198	5461.7
370.326	5478.9
370.454	5433.9
370.582	5467.6
370.709	5459.7
370.837	5456.7
370.965	5465.8
371.093	5473.5
371.221	5481.6
371.349	5447.9
371.476	5475.2
371.604	5481.9
371.732	5483.2
371.860	5511.2
371.988	5567.1
372.116	5438
372.243	5512.4
372.371	5513.2
372.499	5497.8
372.627	5519.7
372.755	5549.3
372.883	5550.4
373.010	5502.9
373.138	5517.6
373.266	5534.6
373.394	5534
373.522	5538.6
373.650	5551.1
373.777	5485.4
373.905	5497.5
374.033	5506.3
374.161	5517.6
374.289	5558.8
374.417	5548.3
374.545	5513.9
374.672	5495.2
374.800	5508.6
374.928	5535
375.056	5547.6
375.184	5521.2
375.312	5504.6
375.439	5486
375.567	5505.1
375.695	5543.1
375.823	5549.4
375.951	5450.9
376.079	5579.1
376.206	5475.7
376.334	5481.7
376.462	5505
376.590	5504.2
376.718	5484.8
376.846	5616.5
376.973	5604.6
377.101	5567.6
377.229	5524.4
377.357	5513.3
377.485	5546.5
377.613	5566.7
377.740	5502.4
377.868	5568
377.996	5602.3
378.124	5560.5
378.252	5490.9
378.380	5533
378.507	5487.1
378.635	5486.8
378.763	5495.2
378.891	5520.1
379.019	5552.5
379.147	5570.3
379.274	5527.4
379.402	5649
379.530	5641.8
379.658	5579.5
379.786	5540.2
379.914	5565.7
380.041	5598.2
380.169	5574.2
380.297	5550.1
380.425	5529.5
380.553	5524.2
380.681	5541.7
380.808	5573.6
380.936	5479
381.064	5528.3
381.192	5576.9
381.320	5558.4
381.448	5525.9
381.575	5563.4
381.703	5643.2
381.831	5561.3
381.959	5547.6
382.087	5525.4
382.215	5525.3
382.343	5563.7
382.470	5521.1
382.598	5589.5
382.726	5618.5
382.854	5628.3
382.982	5615.5
383.110	5604.9
383.237	5617.8
383.365	5602.1
383.493	5652.4
383.621	5639.7
383.749	5576.1
383.877	5527.7
384.004	5550.7
384.132	5570
384.260	5576.8
384.388	5617.1
384.516	5638.7
384.644	5608.5
384.771	5571.8
384.899	5639.1
385.027	5595.1
385.155	5498.5
385.283	5572.8
385.411	5644.9
385.538	5663.4
385.666	5643.7
385.794	5627.8
385.922	5662.6
386.050	5659.6
386.178	5630.1
386.305	5625.4
386.433	5637
386.561	5606
386.689	5677.9
386.817	5619.2
386.945	5646
387.072	5640.6
387.200	5620.1
387.328	5676.5
387.456	5662
387.584	5587.2
387.712	5589.8
387.839	5604.9
387.967	5603.3
388.095	5593.7
388.223	5630.1
388.351	5619.6
388.479	5574.5
388.606	5599.6
388.734	5629.7
388.862	5675.1
388.990	5721
389.118	5641.9
389.246	5593.6
389.373	5652.6
389.501	5677.9
389.629	5704
389.757	5735
389.885	5712.4
390.013	5672.1
390.141	5647.1
390.268	5648.7
390.396	5710.8
390.524	5755.8
390.652	5670.5
390.780	5661
390.908	5658.7
391.035	5706.6
391.163	5670.3
391.291	5594.2
391.419	5565
391.547	5672.9
391.675	5684
391.802	5739
391.930	5752.8
392.058	5764.2
392.186	5761
392.314	5732
392.442	5698.3
392.569	5667.4
392.697	5665.3
392.825	5658.2
392.953	5673.6
393.081	5727.7
393.209	5799.2
393.336	5670.5
393.464	5718.8
393.592	5713.4
393.720	5686.1
393.848	5691.8
393.976	5768.2
394.103	5716.7
394.231	5726.3
394.359	5718.6
394.487	5744.5
394.615	5757.3
394.743	5766.3
394.870	5756.5
394.998	5688.1
395.126	5764.4
395.254	5766.5
395.382	5724.1
395.510	5706.7
395.637	5727.2
395.765	5782.6
395.893	5733.7
396.021	5752.2
396.149	5763.3
396.277	5770.5
396.404	5772.4
396.532	5771.4
396.660	5738.1
396.788	5778.6
396.916	5767.6
397.044	5740.5
397.171	5735.9
397.299	5759.2
397.427	5661
397.555	5752.4
397.683	5710.2
397.811	5721.3
397.938	5730.9
398.066	5740.6
398.194	5759.5
398.322	5786.8
398.450	5735.1
398.578	5749.2
398.706	5770.7
398.833	5799
398.961	5796.7
399.089	5737.9
399.217	5811
399.345	5764.7
399.473	5733.6
399.600	5733.5
399.728	5775.7
399.856	5870.3
399.984	5733.6
400.112	5794.6
400.240	5797.1
400.367	5792.5
400.495	5802.2
400.623	5800.8
400.751	5822
400.879	5816.3
401.007	5864.3
401.134	5849.5
401.262	5786.6
401.390	5763.9
401.518	5822.3
401.646	5755.8
401.774	5761.5
401.901	5810.8
402.029	5802.5
402.157	5770.4
402.285	5768.1
402.413	5814.9
402.541	5803.2
402.668	5778.1
402.796	5769.4
402.924	5748
403.052	5768.2
403.180	5822.6
403.308	5811.3
403.435	5795.3
403.563	5787.1
403.691	5838.1
403.819	5805.8
403.947	5776.2
404.075	5816.3
404.202	5855.3
404.330	5751.2
404.458	5813.8
404.586	5828.7
404.714	5797.7
404.842	5842.2
404.969	5867.1
405.097	5852
405.225	5813.6
405.353	5878.9
405.481	5897.3
405.609	5875.6
405.736	5890.6
405.864	5818.1
405.992	5853.1
406.120	5820.7
406.248	5847.1
406.376	5892.2
406.504	5892
406.631	5911.6
406.759	5867.7
406.887	5847.5
407.015	5860.3
407.143	5882.9
407.271	5845.4
407.398	5831.6
407.526	5909.3
407.654	5960.9
407.782	5961.1
407.910	5958.5
408.038	5911.1
408.165	5894
408.293	5920.8
408.421	5940.3
408.549	5813.3
408.677	5868.8
408.805	5879.9
408.932	5938.8
409.060	5930.5
409.188	5790.8
409.316	5900.6
409.444	5905.4
409.572	5963.5
409.699	5926.6
409.827	5852
409.955	5828.9
410.083	5882.5
410.211	5961.4
410.339	5871.5
410.466	5921.9
410.594	5892.1
410.722	5864.3
410.850	5878.6
410.978	5895.1
411.106	5908.6
411.233	5922.6
411.361	5945.7
411.489	5936.6
411.617	5878.8
411.745	5891.2
411.873	5872.6
412.000	5901
412.128	5900.9
412.256	5933.3
412.384	5904.2
412.512	5917.2
412.640	5941.7
412.767	5960.2
412.895	6031.7
413.023	6035.7
413.151	5981.5
413.279	6023.3
413.407	6048
413.534	5967.6
413.662	5923.6
413.790	5935.4
413.918	6011.1
414.046	6027
414.174	6045
414.302	6027.1
414.429	5921.5
414.557	5977.4
414.685	5989.3
414.813	6001.4
414.941	5968.1
415.069	5982
415.196	6028.2
415.324	6030.9
415.452	5941.1
415.580	5978.3
415.708	5941.8
415.836	5905.3
415.963	6005.1
416.091	6041.9
416.219	6000.9
416.347	6028.9
416.475	6001.4
416.603	6034.8
416.730	6036.4
416.858	5940.2
416.986	5972.4
417.114	5971.8
417.242	5995
417.370	6016.4
417.497	6050.1
417.625	6073.1
417.753	6049.6
417.881	6018.3
418.009	6065.7
418.137	6040.4
418.264	6010.4
418.392	5999.2
418.520	6024.1
418.648	6042.9
418.776	6062
418.904	6072.8
419.031	6101.9
419.159	6084.4
419.287	6122.2
419.415	6115.1
419.543	6061.6
419.671	6004.3
419.798	6113.4
419.926	6112.2
420.054	6135.7
420.182	6127.1
420.310	6085.2
420.438	6071.2
420.565	6149.9
420.693	6154.1
420.821	6195.9
420.949	6170.3
421.077	6162.6
421.205	6162.5
421.332	6096
421.460	6063
421.588	6050.6
421.716	6060.1
421.844	6065.2
421.972	6099.4
422.100	6063.5
422.227	6124.3
422.355	6094.4
422.483	6121.3
422.611	6140.7
422.739	6127.4
422.867	6111.4
422.994	6059.6
423.122	6088.7
423.250	6176.4
423.378	6135.5
423.506	6077.7
423.634	6166.2
423.761	6124.9
423.889	6138.2
424.017	6129.2
424.145	6127.4
424.273	6146.6
424.401	6238
424.528	6232.4
424.656	6187.1
424.784	6149.6
424.912	6186.4
425.040	6228.8
425.168	6239.7
425.295	6183.1
425.423	6179.8
425.551	6236
425.679	6279
425.807	6280.9
425.935	6270.2
426.062	6159
426.190	6229.4
426.318	6244.6
426.446	6203.3
426.574	6181.2
426.702	6183.8
426.829	6214.8
426.957	6183.1
427.085	6227
427.213	6229.1
427.341	6224.3
427.469	6171.4
427.596	6196.5
427.724	6216.7
427.852	6186.7
427.980	6165.9
428.108	6221.5
428.236	6215.9
428.363	6227.1
428.491	6235.2
428.619	6179.7
428.747	6282.1
428.875	6234.6
429.003	6224
429.130	6167.3
429.258	6276.8
429.386	6296.4
429.514	6235
429.642	6225.1
429.770	6243.4
429.898	6258
430.025	6289.7
430.153	6268
430.281	6271.1
430.409	6213.7
430.537	6205.9
430.665	6368.3
430.792	6337.7
430.920	6320.8
431.048	6278.7
431.176	6273.5
431.304	6359.2
431.432	6353.4
431.559	6278.2
431.687	6296.6
431.815	6321.9
431.943	6310.1
432.071	6303.8
432.199	6325.1
432.326	6290.7
432.454	6319.6
432.582	6349.6
432.710	6362.7
432.838	6368.4
432.966	6355.4
433.093	6333
433.221	6299.9
433.349	6356.4
433.477	6398.5
433.605	6406.8
433.733	6376.3
433.860	6366.1
433.988	6390.4
434.116	6327.9
434.244	6325.3
434.372	6294.1
434.500	6334.5
434.627	6407.2
434.755	6342.3
434.883	6308.9
435.011	6394.2
435.139	6424.1
435.267	6353.8
435.394	6394.3
435.522	6380
435.650	6432.9
435.778	6456
435.906	6420.4
436.034	6479.9
436.161	6368.1
436.289	6455.1
436.417	6511
436.545	6520
436.673	6511.7
436.801	6478
436.928	6419.7
437.056	6561.2
437.184	6466.8
437.312	6462.9
437.440	6479.8
437.568	6456
437.695	6422.2
437.823	6528.9
437.951	6512.2
438.079	6557.4
438.207	6519.6
438.335	6526.7
438.463	6616.3
438.590	6496.3
438.718	6551.4
438.846	6592.2
438.974	6543.1
439.102	6498.9
439.230	6515.4
439.357	6517.9
439.485	6530.4
439.613	6583.6
439.741	6476.8
439.869	6470.5
439.997	6490.9
440.124	6443.2
440.252	6461.6
440.380	6488.1
440.508	6529.3
440.636	6623.4
440.764	6585.4
440.891	6591.8
441.019	6499.7
441.147	6566.3
441.275	6577.1
441.403	6599.3
441.531	6625.9
441.658	6608.7
441.786	6551.4
441.914	6654.9
442.042	6631.4
442.170	6642.4
442.298	6677.8
442.425	6691.4
442.553	6645.3
442.681	6619.4
442.809	6618.8
442.937	6623
443.065	6679.8
443.192	6753.6
443.320	6722.5
443.448	6711.5
443.576	6679.4
443.704	6633.5
443.832	6646.8
443.959	6709.5
444.087	6730.2
444.215	6652.8
444.343	6710
444.471	6676.8
444.599	6660.6
444.726	6677.7
444.854	6714.8
444.982	6631.7
445.110	6712.1
445.238	6665.5
445.366	6632.7
445.493	6644.3
445.621	6714.3
445.749	6743
445.877	6753.5
446.005	6777.2
446.133	6757.2
446.261	6716.9
446.388	6775.2
446.516	6827.3
446.644	6747
446.772	6695.1
446.900	6768.9
447.028	6819.2
447.155	6843.2
447.283	6827.2
447.411	6882.1
447.539	6890.4
447.667	6886.1
447.795	6847
447.922	6842
448.050	6815.8
448.178	6871
448.306	6938.4
448.434	6888.5
448.562	6912
448.689	6913.6
448.817	6864
448.945	6896.5
449.073	6917.3
449.201	6877.8
449.329	6883.5
449.456	6880.4
449.584	6836.6
449.712	6794.7
449.840	6895.8
449.968	6884.1
450.096	6840.1
450.223	6851
450.351	6875.1
450.479	6843.5
450.607	6876.3
450.735	6778.9
450.863	6903
450.990	6873.1
451.118	6892.8
451.246	6945.8
451.374	6856.6
451.502	6951.4
451.630	6953.6
451.757	6961
451.885	6986.9
452.013	6969.6
452.141	7023.7
452.269	7046.1
452.397	6948.6
452.524	7002.8
452.652	7003.2
452.780	6952.1
452.908	6989.8
453.036	7077.5
453.164	7051
453.291	7023.3
453.419	7114.2
453.547	7177.7
453.675	7143.6
453.803	7003.1
453.931	7058.5
454.059	7117.5
454.186	7062.4
454.314	7030.2
454.442	7068.6
454.570	7114
454.698	7212.7
454.826	7147.9
454.953	7089.8
455.081	7073.4
455.209	7068.5
455.337	7069
455.465	7103
455.593	7004.2
455.720	7040.3
455.848	7093.4
455.976	7115.9
456.104	7100.5
456.232	7014.8
456.360	7122.2
456.487	7061
456.615	7178.5
456.743	7146.3
456.871	7083.6
456.999	7091.6
457.127	7195.8
457.254	7112.3
457.382	7079.4
457.510	7232.8
457.638	7295.5
457.766	7214.5
457.894	7125.2
458.021	7209.8
458.149	7210
458.277	7259.9
458.405	7254
458.533	7258.1
458.661	7285.8
458.788	7326.4
458.916	7445.1
459.044	7354.6
459.172	7259.3
459.300	7196.6
459.428	7238.6
459.555	7356.9
459.683	7094.8
459.811	7268.1
459.939	7287.1
460.067	7274.6
460.195	7292.3
460.322	7313.4
460.450	7199.2
460.578	7217.5
460.706	7215.1
460.834	7291.1
460.962	7270.2
461.089	7186
461.217	7251.2
461.345	7217.2
461.473	7230
461.601	7351.3
461.729	7415.3
461.856	7362.4
461.984	7264
462.112	7227.8
462.240	7426.5
462.368	7325.3
462.496	7366.6
462.624	7356.5
462.751	7377.7
462.879	7488.2
463.007	7473.3
463.135	7544.5
463.263	7523.7
463.391	7541
463.518	7618
463.646	7636
463.774	7380.7
463.902	7473.9
464.030	7722.7
464.158	7561.8
464.285	7422
464.413	7408.7
464.541	7514.3
464.669	7506.4
464.797	7596.1
464.925	7496.8
465.052	7495.7
465.180	7554.8
465.308	7554.6
465.436	7517.6
465.564	7413.2
465.692	7499
465.819	7536.7
465.947	7471
466.075	7456
466.203	7611.8
466.331	7550.2
466.459	7621.9
466.586	7533.6
466.714	7527.6
466.842	7637.6
466.970	7745.9
467.098	7597.4
467.226	7780.9
467.353	7736
467.481	7792.9
467.609	7800.2
467.737	7789.6
467.865	7805.7
467.993	7742.6
468.120	7642.4
468.248	7681.5
468.376	7797.2
468.504	7916.2
468.632	7941.9
468.760	7761.5
468.887	7673.2
469.015	7826.6
469.143	7800.1
469.271	7798.3
469.399	7757.5
469.527	7690
469.654	7884.6
469.782	7609.4
469.910	7852.9
470.038	7708.5
470.166	7688.3
470.294	7788.4
470.422	7716.9
470.549	7695.3
470.677	7719
470.805	7802.5
470.933	7836.8
471.061	7818.9
471.189	7771.4
471.316	7739.8
471.444	7766.3
471.572	7877.4
471.700	7883
471.828	7873.6
471.956	7906.3
472.083	7963.6
472.211	7870.2
472.339	7998.2
472.467	8072.4
472.595	8008.6
472.723	7980.4
472.850	8021
472.978	8084.6
473.106	8150.1
473.234	7937.5
473.362	7913.2
473.490	7944.2
473.617	7959.7
473.745	7988
473.873	8099.7
474.001	7979
474.129	8239.6
474.257	8166.7
474.384	8202.4
474.512	8209.7
474.640	8083.8
474.768	8115.3
474.896	8095.8
475.024	7964.4
475.151	7967.4
475.279	7998.6
475.407	7985.8
475.535	7940
475.663	8045
475.791	8102.5
475.918	8064.7
476.046	8128.8
476.174	8184.3
476.302	8261
476.430	8443.3
476.558	8261.8
476.685	8262.2
476.813	8280.1
476.941	8223.6
477.069	8183.2
477.197	8213.3
477.325	8280.7
477.452	8562
477.580	8480.2
477.708	8417
477.836	8433.2
477.964	8431.4
478.092	8355.5
478.220	8348.1
478.347	8269.9
478.475	8352.3
478.603	8486.5
478.731	8516.7
478.859	8473.2
478.987	8435.7
479.114	8282.1
479.242	8497.2
479.370	8483.4
479.498	8461.3
479.626	8415.8
479.754	8329.5
479.881	8232.9
480.009	8393.3
480.137	8369.6
480.265	8470.5
480.393	8495.1
480.521	8415.7
480.648	8344.1
480.776	8463.8
480.904	8414.2
481.032	8184.6
481.160	8407.6
481.288	8471.1
481.415	8466.3
481.543	8508.7
481.671	8468.3
481.799	8522.2
481.927	8688.6
482.055	8741
482.182	8668.5
482.310	8658.9
482.438	8805.6
482.566	8821.8
482.694	8950.9
482.822	8962.3
482.949	8926.7
483.077	8890.6
483.205	8881.9
483.333	8915.2
483.461	9005.1
483.589	9032
483.716	9122
483.844	8921.3
483.972	8899.5
484.100	9029.6
484.228	8999.1
484.356	8962.2
484.483	8832.9
484.611	8938.8
484.739	9046.3
484.867	9094.9
484.995	9047.1
485.123	8926.4
485.250	9099.6
485.378	9039.9
485.506	9015.6
485.634	9004.1
485.762	9105.1
485.890	9249.1
486.018	9207
486.145	9065.2
486.273	9057.3
486.401	9116.3
486.529	9141.7
486.657	9188.9
486.785	9244.1
486.912	9200.4
487.040	9528.5
487.168	9338.4
487.296	9367.4
487.424	9383.2
487.552	9352.1
487.679	9311.8
487.807	9323.3
487.935	9368.6
488.063	9423.6
488.191	9460.1
488.319	9462.8
488.446	9450.6
488.574	9429.8
488.702	9368.7
488.830	9500.3
488.958	9555.3
489.086	9563.7
489.213	9519.9
489.341	9467.6
489.469	9449
489.597	9461.6
489.725	9300
489.853	9405.4
489.980	9370.7
490.108	9462.3
490.236	9529
490.364	9456.7
490.492	9590.5
490.620	9427.5
490.747	9513.4
490.875	9335.5
491.003	9292.3
491.131	9335.3
491.259	9339.2
491.387	9500.5
491.514	9602.5
491.642	9554.6
491.770	9354.4
491.898	9391.2
492.026	9557.5
492.154	9610.1
492.281	9589.6
492.409	9789
492.537	9886.6
492.665	9847.7
492.793	9775
492.921	9837.1
493.048	10014
493.176	9784.2
493.304	9865.5
493.432	9874.5
493.560	9990.1
493.688	9898.2
493.816	9834.5
493.943	10018
494.071	9976.4
494.199	9996.6
494.327	10094
494.455	10066
494.583	10058
494.710	10078
494.838	10095
494.966	10140
495.094	10131
495.222	10001
495.350	10002
495.477	10025
495.605	10053
495.733	10100
495.861	10154
495.989	10073
496.117	10201
496.244	10133
496.372	10074
496.500	10087
496.628	10166
496.756	10299
496.884	10139
497.011	10355
497.139	10282
497.267	10152
497.395	10103
497.523	10189
497.651	10368
497.778	10392
497.906	10540
498.034	10660
498.162	10410
498.290	10326
498.418	10609
498.545	10570
498.673	10485
498.801	10838
498.929	10834
499.057	10732
499.185	10656
499.312	10672
499.440	10769
499.568	10536
499.696	10715
499.824	10752
499.952	10716
500.079	10612
500.207	10506
500.335	10531
500.463	10777
500.591	10613
500.719	10736
500.846	10650
500.974	10517
501.102	10499
501.230	10600
501.358	10607
501.486	10613
501.613	10579
501.741	10459
501.869	10467
501.997	10502
502.125	10378
502.253	10581
502.381	10676
502.508	10474
502.636	10423
502.764	10463
502.892	10472
503.020	10432
503.148	10624
503.275	10511
503.403	10690
503.531	10696
503.659	10770
503.787	10844
503.915	10807
504.042	10761
504.170	10689
504.298	10958
504.426	10949
504.554	10971
504.682	11133
504.809	11264
504.937	11000
505.065	11096
505.193	11342
505.321	11126
505.449	11047
505.576	10999
505.704	10857
505.832	10705
505.960	11058
506.088	11038
506.216	10865
506.343	10640
506.471	10621
506.599	10773
506.727	10839
506.855	10652
506.983	10684
507.110	10541
507.238	10664
507.366	10675
507.494	10601
507.622	10604
507.750	10545
507.877	10914
508.005	10719
508.133	10441
508.261	10422
508.389	10543
508.517	10594
508.644	10540
508.772	10635
508.900	10495
509.028	10680
509.156	10726
509.284	10640
509.411	10586
509.539	10668
509.667	10393
509.795	10364
509.923	10346
510.051	10530
510.179	10552
510.306	10429
510.434	10422
510.562	10547
510.690	10282
510.818	10511
510.946	10462
511.073	10405
511.201	10429
511.329	10496
511.457	10534
511.585	10511
511.713	10327
511.840	10503
511.968	10652
512.096	10515
512.224	10314
512.352	10573
512.480	10649
512.607	10602
512.735	10450
512.863	10462
512.991	10610
513.119	10691
513.247	10554
513.374	10456
513.502	10736
513.630	10672
513.758	10586
513.886	10754
514.014	10884
514.141	10769
514.269	10725
514.397	10597
514.525	10833
514.653	10654
514.781	10816
514.908	10957
515.036	10906
515.164	10870
515.292	10794
515.420	10884
515.548	10923
515.675	10799
515.803	10803
515.931	10814
516.059	10669
516.187	10684
516.315	10761
516.442	10871
516.570	10818
516.698	10815
516.826	10907
516.954	10965
517.082	10844
517.209	10970
517.337	10931
517.465	11028
517.593	10857
517.721	10860
517.849	11061
517.977	11089
518.104	10656
518.232	10868
518.360	11119
518.488	10838
518.616	10994
518.744	11098
518.871	10871
518.999	10880
519.127	11053
519.255	11041
519.383	11017
519.511	10982
519.638	11039
519.766	11097
519.894	10966
520.022	11074
520.150	11284
520.278	11056
520.405	10970
520.533	11010
520.661	11096
520.789	11184
520.917	11283
521.045	11280
521.172	11310
521.300	11092
521.428	11086
521.556	11176
521.684	11234
521.812	11240
521.939	11149
522.067	11480
522.195	11272
522.323	11065
522.451	11074
522.579	11183
522.706	11232
522.834	11115
522.962	11178
523.090	11386
523.218	11269
523.346	11235
523.473	11383
523.601	11392
523.729	11134
523.857	11262
523.985	11304
524.113	11251
524.240	11189
524.368	11191
524.496	11244
524.624	11247
524.752	11125
524.880	11201
525.007	11596
525.135	11242
525.263	11318
525.391	11371
525.519	11346
525.647	11376
525.774	11386
525.902	11536
526.030	11466
526.158	11447
526.286	11486
526.414	11513
526.542	11517
526.669	11604
526.797	11679
526.925	11574
527.053	11326
527.181	11528
527.309	11545
527.436	11439
527.564	11481
527.692	11520
527.820	11641
527.948	11440
528.076	11294
528.203	11429
528.331	11620
528.459	11687
528.587	11593
528.715	11474
528.843	11581
528.970	11372
529.098	11376
529.226	11409
529.354	11471
529.482	11608
529.610	11720
529.737	11766
529.865	11346
529.993	11505
530.121	11565
530.249	11555
530.377	11590
530.504	11662
530.632	11649
530.760	11451
530.888	11605
531.016	11814
531.144	11684
531.271	11650
531.399	11691
531.527	11673
531.655	11742
531.783	11363
531.911	11728
532.038	11571
532.166	11605
532.294	11687
532.422	11670
532.550	11609
532.678	11565
532.805	11637
532.933	11721
533.061	11730
533.189	11729
533.317	11696
533.445	11714
533.572	11668
533.700	11928
533.828	11574
533.956	11512
534.084	11686
534.212	11627
534.340	11605
534.467	11617
534.595	11607
534.723	11929
534.851	11796
534.979	11578
535.107	11788
535.234	11746
535.362	11626
535.490	11626
535.618	11524
535.746	11670
535.874	11541
536.001	11706
536.129	11690
536.257	11659
536.385	11708
536.513	11759
536.641	11637
536.768	11667
536.896	11814
537.024	11853
537.152	11678
537.280	11735
537.408	11978
537.535	11859
537.663	11716
537.791	11875
537.919	11782
538.047	11721
538.175	11732
538.302	11679
538.430	11648
538.558	11672
538.686	11720
538.814	11716
538.942	11680
539.069	11919
539.197	11895
539.325	11794
539.453	11799
539.581	11914
539.709	12056
539.836	11716
539.964	11813
540.092	11789
540.220	11961
540.348	11969
540.476	11880
540.603	12063
540.731	12131
540.859	11984
540.987	12171
541.115	12072
541.243	12003
541.370	12076
541.498	12188
541.626	12051
541.754	12083
541.882	12098
542.010	11916
542.138	12018
542.265	12064
542.393	12009
542.521	12069
542.649	12328
542.777	12230
542.905	12089
543.032	11991
543.160	12233
543.288	12191
543.416	12170
543.544	12181
543.672	12318
543.799	12441
543.927	12423
544.055	12321
544.183	12343
544.311	12312
544.439	12249
544.566	12168
544.694	12164
544.822	12203
544.950	12192
545.078	12383
545.206	12289
545.333	12355
545.461	12435
545.589	12429
545.717	12447
545.845	12582
545.973	12400
546.100	12476
546.228	12389
546.356	12407
546.484	12429
546.612	12390
546.740	12334
546.867	12126
546.995	12208
547.123	12437
547.251	12321
547.379	12389
547.507	12348
547.634	12225
547.762	12485
547.890	12628
548.018	12504
548.146	12454
548.274	12256
548.401	12305
548.529	12463
548.657	12486
548.785	12545
548.913	12573
549.041	12572
549.168	12520
549.296	12519
549.424	12499
549.552	12507
549.680	12508
549.808	12504
549.936	12689
550.063	12655
550.191	12565
550.319	12520
550.447	12640
550.575	12539
550.703	12513
550.830	12654
550.958	12540
551.086	12540
551.214	12585
551.342	12754
551.470	12609
551.597	12628
551.725	12761
551.853	12685
551.981	12598
552.109	12681
552.237	12777
552.364	12719
552.492	12720
552.620	12825
552.748	12730
552.876	13135
553.004	13423
553.131	13033
553.259	12929
553.387	12734
553.515	12766
553.643	12773
553.771	12809
553.898	12804
554.026	12797
554.154	12743
554.282	12727
554.410	12948
554.538	12892
554.665	12741
554.793	12756
554.921	12714
555.049	12791
555.177	12862
555.305	12774
555.432	12769
555.560	12895
555.688	12767
555.816	12834
555.944	12829
556.072	12679
556.199	12760
556.327	12764
556.455	12802
556.583	12916
556.711	12998
556.839	12809
556.966	12738
557.094	12953
557.222	12838
557.350	12961
557.478	12891
557.606	12759
557.734	12863
557.861	12838
557.989	12802
558.117	12619
558.245	12796
558.373	12816
558.501	12945
558.628	12827
558.756	12793
558.884	12658
559.012	12917
559.140	12975
559.268	12885
559.395	12873
559.523	12836
559.651	12839
559.779	12700
559.907	12782
560.035	12970
560.162	12953
560.290	13008
560.418	12969
560.546	12837
560.674	12831
560.802	12964
560.929	12885
561.057	12784
561.185	12771
561.313	12830
561.441	12855
561.569	12899
561.696	12918
561.824	12848
561.952	12933
562.080	12947
562.208	12875
562.336	12911
562.463	13023
562.591	12810
562.719	12773
562.847	12901
562.975	13009
563.103	13019
563.230	12986
563.358	13101
563.486	12824
563.614	12791
563.742	12996
563.870	12964
563.997	12988
564.125	12953
564.253	12986
564.381	12944
564.509	12872
564.637	12820
564.764	13048
564.892	13128
565.020	13056
565.148	13124
565.276	12996
565.404	13021
565.531	13078
565.659	13176
565.787	13139
565.915	12926
566.043	12995
566.171	13035
566.299	12986
566.426	13140
566.554	13069
566.682	12971
566.810	12980
566.938	12940
567.066	13168
567.193	13297
567.321	13109
567.449	13012
567.577	13009
567.705	13035
567.833	13168
567.960	13079
568.088	12984
568.216	13095
568.344	13224
568.472	13059
568.600	13076
568.727	13056
568.855	12966
568.983	13015
569.111	13065
569.239	13011
569.367	13125
569.494	12985
569.622	12938
569.750	12955
569.878	12908
570.006	13039
570.134	13024
570.261	13024
570.389	13124
570.517	12945
570.645	13001
570.773	12922
570.901	12914
571.028	12989
571.156	13146
571.284	13275
571.412	13212
571.540	13201
571.668	13115
571.795	13015
571.923	13109
572.051	13190
572.179	13188
572.307	12947
572.435	13041
572.562	13051
572.690	13084
572.818	13034
572.946	12976
573.074	13080
573.202	13162
573.329	13086
573.457	12853
573.585	13050
573.713	13008
573.841	13161
573.969	13135
574.097	13103
574.224	13131
574.352	13147
574.480	13146
574.608	13099
574.736	13067
574.864	13042
574.991	12987
575.119	13200
575.247	13294
575.375	13149
575.503	13123
575.631	13090
575.758	13047
575.886	13149
576.014	13187
576.142	13162
576.270	13066
576.398	12903
576.525	13123
576.653	13207
576.781	13106
576.909	13055
577.037	13124
577.165	13168
577.292	13053
577.420	12958
577.548	13059
577.676	13188
577.804	13071
577.932	13092
578.059	13125
578.187	13244
578.315	13200
578.443	13092
578.571	13120
578.699	13059
578.826	13084
578.954	13358
579.082	13096
579.210	12992
579.338	13007
579.466	12998
579.593	13065
579.721	13211
579.849	13142
579.977	13001
580.105	13141
580.233	13114
580.360	13079
580.488	13012
580.616	13084
580.744	13103
580.872	13027
581.000	13097
581.127	13131
581.255	13035
581.383	12968
581.511	13010
581.639	12941
581.767	13325
581.895	12904
582.022	12952
582.150	13049
582.278	13212
582.406	13233
582.534	13142
582.662	13393
582.789	13175
582.917	13076
583.045	13057
583.173	12956
583.301	12983
583.429	13119
583.556	13143
583.684	13148
583.812	13135
583.940	13054
584.068	13047
584.196	13008
584.323	13028
584.451	13176
584.579	13199
584.707	13112
584.835	13120
584.963	13180
585.090	13095
585.218	12956
585.346	13021
585.474	12934
585.602	12803
585.730	12973
585.857	12886
585.985	12913
586.113	13012
586.241	13023
586.369	12985
586.497	13280
586.624	13101
586.752	12909
586.880	12934
587.008	12928
587.136	12885
587.264	13084
587.391	12893
587.519	12881
587.647	12973
587.775	12900
587.903	12859
588.031	12884
588.158	12932
588.286	12868
588.414	12733
588.542	12924
588.670	13082
588.798	12950
588.925	12860
589.053	12885
589.181	12968
589.309	12985
589.437	12860
589.565	12888
589.693	12825
589.820	12787
589.948	12809
590.076	12800
590.204	12776
590.332	12930
590.460	12882
590.587	12934
590.715	12846
590.843	12751
590.971	12747
591.099	12848
591.227	12835
591.354	12798
591.482	12821
591.610	12827
591.738	12793
591.866	12688
591.994	12624
592.121	12826
592.249	12910
592.377	12857
592.505	12833
592.633	12985
592.761	13079
592.888	13104
593.016	12970
593.144	12912
593.272	12875
593.400	12804
593.528	12664
593.655	12682
593.783	12784
593.911	12900
594.039	12923
594.167	12764
594.295	12850
594.422	12717
594.550	12764
594.678	12790
594.806	12732
594.934	12700
595.062	12571
595.189	12657
595.317	12789
595.445	12853
595.573	12938
595.701	12918
595.829	12780
595.956	12665
596.084	12587
596.212	12413
596.340	12658
596.468	12879
596.596	12888
596.723	12774
596.851	12717
596.979	12751
597.107	12595
597.235	12703
597.363	12814
597.490	12763
597.618	12625
597.746	12527
597.874	12497
598.002	12644
598.130	12537
598.258	12565
598.385	12533
598.513	12530
598.641	12648
598.769	12783
598.897	12743
599.025	12530
599.152	12355
599.280	12438
599.408	12558
599.536	12627
599.664	12625
599.792	12518
599.919	12531
600.047	12701
600.175	12672
600.303	12550
600.431	12555
600.559	12539
600.686	12609
600.814	12761
600.942	12545
601.070	12556
601.198	12644
601.326	12622
601.453	12571
601.581	12467
601.709	12438
601.837	12554
601.965	12464
602.093	12489
602.220	12847
602.348	12610
602.476	12505
602.604	12512
602.732	12507
602.860	12398
602.987	12491
603.115	12445
603.243	12647
603.371	12538
603.499	12561
603.627	12612
603.754	12634
603.882	12753
604.010	12755
604.138	12651
604.266	12629
604.394	12444
604.521	12395
604.649	12495
604.777	12549
604.905	12422
605.033	12390
605.161	12342
605.288	12377
605.416	12409
605.544	12473
605.672	12444
605.800	12319
605.928	12421
606.056	12331
606.183	12403
606.311	12357
606.439	12396
606.567	12389
606.695	12383
606.823	12433
606.950	12367
607.078	12406
607.206	12296
607.334	12131
607.462	12226
607.590	12382
607.717	12402
607.845	12245
607.973	12252
608.101	12291
608.229	12278
608.357	12325
608.484	12375
608.612	12364
608.740	12364
608.868	12386
608.996	12167
609.124	12295
609.251	12429
609.379	12245
609.507	12156
609.635	12253
609.763	12296
609.891	12195
610.018	12405
610.146	12213
610.274	12057
610.402	12121
610.530	12193
610.658	12187
610.785	12213
610.913	12359
611.041	12394
611.169	12156
611.297	12041
611.425	12109
611.552	12197
611.680	12096
611.808	11965
611.936	12074
612.064	12331
612.192	12324
612.319	12170
612.447	12138
612.575	12200
612.703	12220
612.831	12193
612.959	12197
613.086	12199
613.214	11994
613.342	12067
613.470	12050
613.598	12202
613.726	12136
613.854	12008
613.981	12056
614.109	11951
614.237	12119
614.365	11964
614.493	11930
614.621	11997
614.748	12113
614.876	12070
615.004	11889
615.132	11981
615.260	11903
615.388	12023
615.515	11739
615.643	11908
615.771	12090
615.899	12090
616.027	11988
616.155	11917
616.282	11714
616.410	11873
616.538	11864
616.666	11790
616.794	11839
616.922	11912
617.049	11862
617.177	11726
617.305	11926
617.433	12033
617.561	11763
617.689	11871
617.816	11991
617.944	11901
618.072	11785
618.200	11928
618.328	11914
618.456	11971
618.583	11779
618.711	12045
618.839	11983
618.967	11897
619.095	11931
619.223	11886
619.350	11678
619.478	11762
619.606	11765
619.734	11830
619.862	11615
619.990	11560
620.117	11704
620.245	11812
620.373	11830
620.501	11790
620.629	11696
620.757	11802
620.884	11795
621.012	11742
621.140	11732
621.268	11688
621.396	11510
621.524	11883
621.651	11492
621.779	11661
621.907	11765
622.035	11762
622.163	11674
622.291	11580
622.419	11585
622.546	11721
622.674	11487
622.802	11765
622.930	11630
623.058	11411
623.186	11419
623.313	11487
623.441	11377
623.569	11343
623.697	11365
623.825	11585
623.953	11512
624.080	11574
624.208	11552
624.336	11468
624.464	11444
624.592	11469
624.720	11316
624.847	11483
624.975	11477
625.103	11554
625.231	11378
625.359	11288
625.487	11337
625.614	11262
625.742	11231
625.870	11420
625.998	11427
626.126	11252
626.254	11271
626.381	11269
626.509	11260
626.637	11306
626.765	11220
626.893	10988
627.021	11358
627.148	11158
627.276	11269
627.404	11367
627.532	11356
627.660	11311
627.788	11273
627.915	11100
628.043	11210
628.171	11148
628.299	11423
628.427	11299
628.555	11100
628.682	10917
628.810	10884
628.938	11451
629.066	11163
629.194	11087
629.322	11136
629.449	11063
629.577	11121
629.705	11119
629.833	11018
629.961	11043
630.089	11092
630.217	11057
630.344	11138
630.472	11004
630.600	11018
630.728	11031
630.856	10949
630.984	10844
631.111	10879
631.239	11126
631.367	10730
631.495	10970
631.623	10779
631.751	10964
631.878	11064
632.006	10833
632.134	10718
632.262	11047
632.390	10878
632.518	10916
632.645	10699
632.773	10791
632.901	10833
633.029	10743
633.157	10675
633.285	10763
633.412	11061
633.540	10762
633.668	10577
633.796	10710
633.924	10817
634.052	10775
634.179	10716
634.307	10747
634.435	10703
634.563	10591
634.691	10533
634.819	10613
634.946	10579
635.074	10592
635.202	10516
635.330	10457
635.458	10609
635.586	10462
635.713	10638
635.841	10744
635.969	10643
636.097	10658
636.225	10563
636.353	10458
636.480	10508
636.608	10585
636.736	10274
636.864	10417
636.992	10207
637.120	10303
637.247	10297
637.375	10384
637.503	10519
637.631	10524
637.759	10452
637.887	10401
638.015	10331
638.142	10186
638.270	10298
638.398	10355
638.526	10345
638.654	10308
638.782	10238
638.909	10142
639.037	10250
639.165	10061
639.293	10254
639.421	10123
639.549	10203
639.676	10173
639.804	9994.7
639.932	10035
640.060	10088
640.188	9935.8
640.316	10127
640.443	10002
640.571	10019
640.699	10080
640.827	10152
640.955	10148
641.083	10021
641.210	10157
641.338	10009
641.466	10003
641.594	9916
641.722	9904.3
641.850	9972.7
641.977	10075
642.105	10086
642.233	9935.5
642.361	9928.7
642.489	10165
642.617	9906.6
642.744	10034
642.872	9953.9
643.000	9872.6
643.128	9907.4
643.256	9968
643.384	9912.6
643.511	9774.6
643.639	9707.4
643.767	9716.8
643.895	9684.1
644.023	9657.8
644.151	9700.1
644.278	9727.2
644.406	9667.9
644.534	9611.4
644.662	9713
644.790	9552.5
644.918	9486.9
645.045	9706.5
645.173	9640.6
645.301	9748.4
645.429	9862.8
645.557	9738.4
645.685	9615.1
645.813	9603.7
645.940	9550
646.068	9716.3
646.196	9594.5
646.324	9538
646.452	9523.5
646.580	9528.6
646.707	9534.3
646.835	9518
646.963	9580.7
647.091	9371.3
647.219	9430.7
647.347	9499
647.474	9445.1
647.602	9433.4
647.730	9416.6
647.858	9390.1
647.986	9435.6
648.114	9294.6
648.241	9371.6
648.369	9210
648.497	9369.4
648.625	9312.3
648.753	9257.8
648.881	9332.8
649.008	9414.5
649.136	9320.8
649.264	9285.2
649.392	9082.5
649.520	9314.3
649.648	9122.7
649.775	9203
649.903	9144.2
650.031	9082.1
650.159	9093.3
650.287	9025.1
650.415	9072.1
650.542	9249.6
650.670	9148
650.798	9158.5
650.926	9093.4
651.054	9125.6
651.182	9092.7
651.309	8989.7
651.437	9035.2
651.565	9187.2
651.693	9124.6
651.821	9092.1
651.949	9101
652.076	8972.1
652.204	8968.7
652.332	8959.5
652.460	8982.8
652.588	9072.2
652.716	9029.2
652.843	8856.4
652.971	8701.8
653.099	8915.9
653.227	8863.9
653.355	8930.5
653.483	8942.3
653.611	8872.7
653.738	8798.6
653.866	8856.6
653.994	9100.6
654.122	8812.6
654.250	8779.3
654.378	8700.3
654.505	8875.7
654.633	8794.6
654.761	8673.3
654.889	8722.5
655.017	8766.2
655.145	8749.5
655.272	8761.6
655.400	8587.5
655.528	8726
655.656	8604.1
655.784	8656.5
655.912	8733.5
656.039	8666.7
656.167	8628.3
656.295	8694.1
656.423	8563.1
656.551	8537.2
656.679	8747.2
656.806	8660
656.934	8643.9
657.062	8623.7
657.190	8597.4
657.318	8594.9
657.446	8576.6
657.573	8473
657.701	8478.3
657.829	8464.5
657.957	8491.6
658.085	8499.7
658.213	8535.4
658.340	8550.7
658.468	8551.7
658.596	8499.3
658.724	8490
658.852	8383
658.980	8462.8
659.107	8428.1
659.235	8382.4
659.363	8321.9
659.491	8345.9
659.619	8354.9
659.747	8294.5
659.874	8248.2
660.002	8285.5
660.130	8261.8
660.258	8124.9
660.386	8223.8
660.514	8195.1
660.641	8166.1
660.769	8167.4
660.897	8182.9
661.025	8175.4
661.153	8150.2
661.281	8141.9
661.408	8102.9
661.536	8176.4
661.664	8112.6
661.792	8111.2
661.920	8123.4
662.048	8091.7
662.176	8043.1
662.303	8054.4
662.431	8090
662.559	8135.4
662.687	8085.9
662.815	8153.2
662.943	8006.2
663.070	8006.1
663.198	8024.9
663.326	8002.9
663.454	8025
663.582	7988.8
663.710	8019.5
663.837	8142.5
663.965	7993.6
664.093	8027.9
664.221	8016.3
664.349	8010.8
664.477	7923.5
664.604	7848.3
664.732	7866
664.860	7956.5
664.988	8037.4
665.116	7920.7
665.244	7945.2
665.371	7808.6
665.499	7841.8
665.627	7786.5
665.755	7728.5
665.883	7775.5
666.011	7903.9
666.138	7958.2
666.266	7790.6
666.394	7895.3
666.522	7851.7
666.650	7825.5
666.778	7850.5
666.905	7794.8
667.033	7698.3
667.161	7619.2
667.289	7668.9
667.417	7767.2
667.545	7644
667.672	7630.5
667.800	7705.6
667.928	7636.1
668.056	7602.4
668.184	7599.5
668.312	7609.7
668.439	7620.8
668.567	7662.1
668.695	7617.9
668.823	7497.2
668.951	7534.4
669.079	7522.6
669.206	7580.9
669.334	7525.2
669.462	7566.1
669.590	7600.2
669.718	7597.3
669.846	7566.2
669.974	7485
670.101	7441.3
670.229	7510.5
670.357	7597.8
670.485	7482.9
670.613	7516.9
670.741	7547.9
670.868	7510
670.996	7503.3
671.124	7493.5
671.252	7423.4
671.380	7386.4
671.508	7414.2
671.635	7408.8
671.763	7373.2
671.891	7370.2
672.019	7395.6
672.147	7394
672.275	7332.6
672.402	7231.9
672.530	7267.1
672.658	7458.3
672.786	7443.6
672.914	7298.2
673.042	7342.3
673.169	7300.1
673.297	7288.5
673.425	7292.9
673.553	7285.1
673.681	7284.6
673.809	7308.9
673.936	7210.7
674.064	7289.9
674.192	7276.8
674.320	7269.6
674.448	7285.3
674.576	7256
674.703	7253.1
674.831	7288.3
674.959	7290.4
675.087	7309.8
675.215	7141.9
675.343	7201.7
675.470	7292.6
675.598	7185.3
675.726	7153
675.854	7166.6
675.982	7100.5
676.110	7156.2
676.237	7225.7
676.365	7108.2
676.493	7163.1
676.621	7153.8
676.749	7157.9
676.877	7175
677.004	7128.4
677.132	7085
677.260	7060.8
677.388	7115.1
677.516	7058.2
677.644	7048.4
677.772	7055.5
677.899	7092.2
678.027	7076.8
678.155	7069.9
678.283	6966.9
678.411	6945.1
678.539	6948.8
678.666	6936.4
678.794	6975.5
678.922	7023.8
679.050	7006
679.178	6999.9
679.306	6935.3
679.433	6985.4
679.561	6958.5
679.689	6875.4
679.817	6897.7
679.945	6941
680.073	6950.1
680.200	6920.7
680.328	6826.8
680.456	6907.8
680.584	6872.4
680.712	6897.6
680.840	6972.3
680.967	6959.6
681.095	6913
681.223	6913.9
681.351	6901.6
681.479	6904.7
681.607	6868.6
681.734	6777.8
681.862	6861.3
681.990	6877.7
682.118	6804.6
682.246	6729.2
682.374	6743.6
682.501	6805.3
682.629	6826.1
682.757	6751.7
682.885	6732.3
683.013	6759.4
683.141	6713.7
683.268	6769
683.396	6783.6
683.524	6769.7
683.652	6713
683.780	6682.6
683.908	6674.3
684.035	6708.6
684.163	6742.5
684.291	6729.6
684.419	6731.5
684.547	6713.5
684.675	6666.1
684.802	6688.1
684.930	6711.9
685.058	6696.7
685.186	6704.8
685.314	6690.1
685.442	6619.7
685.570	6705.5
685.697	6682.3
685.825	6578.5
685.953	6661.4
686.081	6652.1
686.209	6628.8
686.337	6606.7
686.464	6669
686.592	6625.7
686.720	6696.1
686.848	6645.5
686.976	6633
687.104	6570
687.231	6563.9
687.359	6601.3
687.487	6581.6
687.615	6591.8
687.743	6659.8
687.871	6575.9
687.998	6500.9
688.126	6504.8
688.254	6536.3
688.382	6551
688.510	6574.5
688.638	6523.7
688.765	6586.9
688.893	6512.4
689.021	6524
689.149	6575.6
689.277	6526.5
689.405	6520.8
689.532	6542.2
689.660	6558.8
689.788	6493.8
689.916	6456.9
690.044	6483.8
690.172	6393.2
690.299	6489.5
690.427	6451.1
690.555	6455.1
690.683	6484.6
690.811	6457.3
690.939	6468
691.066	6493.1
691.194	6456.9
691.322	6417.1
691.450	6400.3
691.578	6431
691.706	6470.6
691.833	6406.6
691.961	6427.7
692.089	6439.7
692.217	6414.7
692.345	6381
692.473	6373.9
692.600	6426
692.728	6383.2
692.856	6350.4
692.984	6413.1
693.112	6397.4
693.240	6382
693.367	6386.9
693.495	6423.7
693.623	6393.9
693.751	6336.1
693.879	6386.6
694.007	6305.8
694.135	6375.1
694.262	6432.2
694.390	6312.3
694.518	6335.8
694.646	6334.6
694.774	6360.7
694.902	6338.2
695.029	6376.9
695.157	6377.9
695.285	6326.1
695.413	6294.6
695.541	6294.4
695.669	6284.3
695.796	6295.9
695.924	6305.6
696.052	6304.3
696.180	6276.3
696.308	6266
696.436	6296.2
696.563	6308.7
696.691	6293.1
696.819	6267.2
696.947	6309.1
697.075	6260
697.203	6292.5
697.330	6228.5
697.458	6205.8
697.586	6235.8
697.714	6238.8
697.842	6236.4
697.970	6217.7
698.097	6207.2
698.225	6317.1
698.353	6296.5
698.481	6290.9
698.609	6339.6
698.737	6248.7
698.864	6212
698.992	6221
699.120	6264.9
699.248	6202.2
699.376	6257.1
699.504	6218.5
699.631	6251.5
699.759	6213.1
699.887	6200.6
700.015	6225
700.143	6233.5
700.271	6174
700.398	6210.4
700.526	6154.4
700.654	6184.5
700.782	6183.5
700.910	6223.2
701.038	6259.7
701.165	6222.8
701.293	6220.5
701.421	6211.5
701.549	6212.4
701.677	6193.6
701.805	6181.2
701.933	6225.4
702.060	6202.1
702.188	6173.4
702.316	6173.4
702.444	6163.3
702.572	6191.7
702.700	6180.6
702.827	6108
702.955	6169.1
703.083	6234.7
703.211	6225.5
703.339	6180.2
703.467	6135.4
703.594	6132.4
703.722	6118.9
703.850	6222.5
703.978	6162
704.106	6133.2
704.234	6119.2
704.361	6082.2
704.489	6065.6
704.617	6083.5
704.745	6198.2
704.873	6143
705.001	6150.9
705.128	6141.9
705.256	6152.6
705.384	6135.5
705.512	6134.1
705.640	6138.2
705.768	6108.4
705.895	6132.1
706.023	6093.9
706.151	6141.3
706.279	6071
706.407	6107.6
706.535	6114.1
706.662	6109.8
706.790	6125.6
706.918	6068.7
707.046	6105.3
707.174	6084.8
707.302	6047.1
707.429	6057.5
707.557	6078.5
707.685	6083.1
707.813	6042.7
707.941	6089.2
708.069	6149.9
708.196	6030.3
708.324	6106.4
708.452	6120.8
708.580	6109.9
708.708	6061.8
708.836	6022.5
708.963	6032.4
709.091	6027.4
709.219	6097.4
709.347	6159.9
709.475	6088.7
709.603	6063.5
709.731	6032.4
709.858	6006.8
709.986	6014.1
710.114	6056
710.242	6101.8
710.370	6059.1
710.498	5999.4
710.625	6060.7
710.753	6039
710.881	6036.9
711.009	6068
711.137	6059
711.265	6088.7
711.392	6110
711.520	6006.7
711.648	6081.3
711.776	6061.8
711.904	6057.9
712.032	6040.4
712.159	5992
712.287	6080.8
712.415	6077.6
712.543	6031.6
712.671	6107.6
712.799	6011
712.926	6019.5
713.054	6055.3
713.182	6023.7
713.310	6048.1
713.438	6054.3
713.566	6017.5
713.693	6026.6
713.821	6034.9
713.949	6000.9
714.077	6066
714.205	5986.5
714.333	6010.9
714.460	6027
714.588	6017.1
714.716	6017
714.844	6037.2
714.972	6054.6
715.100	5997.6
715.227	5995
715.355	5983.1
715.483	5982
715.611	6031.1
715.739	6065.6
715.867	6073.7
715.994	6086.3
716.122	6088.1
716.250	6008.2
716.378	6001.7
716.506	5989.4
716.634	6012.5
716.761	6027.8
716.889	6043.1
717.017	6010.7
717.145	6034
717.273	6072.8
717.401	6086.7
717.529	6004.3
717.656	6013.1
717.784	5991.1
717.912	5976.2
718.040	6004.3
718.168	6048.5
718.296	6022.3
718.423	5949.8
718.551	6077.5
718.679	5963
718.807	5990
718.935	6057.2
719.063	6023.3
719.190	5985.8
719.318	5997
719.446	6012.8
719.574	6025.6
719.702	5993.2
719.830	5964.8
719.957	6013.7
720.085	6042.6
720.213	5967.8
720.341	6056.1
720.469	6047.6
720.597	6021.6
720.724	6049.2
720.852	6034.9
720.980	6017.8
721.108	6062.1
721.236	6019.8
721.364	5954.2
721.491	5955.9
721.619	5995.9
721.747	6044.3
721.875	5999.1
722.003	5986.6
722.131	6000.2
722.258	6004
722.386	6053.8
722.514	6022.2
722.642	6012.4
722.770	5995.6
722.898	5978.9
723.025	5973.4
723.153	5985.3
723.281	6047.8
723.409	5986.1
723.537	6033.2
723.665	6016.1
723.792	6012.6
723.920	6002.3
724.048	6010.7
724.176	6021.9
724.304	5988
724.432	5964.5
724.559	5982.8
724.687	6025.9
724.815	5980.6
724.943	5984.7
725.071	5966
725.199	5979.7
725.326	5990.8
725.454	5988.2
725.582	6021
725.710	6003.2
725.838	6009.7
725.966	6003.7
726.094	6084.6
726.221	6091.7
726.349	6061.9
726.477	6037.1
726.605	5996.8
726.733	5993.1
726.861	5990.5
726.988	5980.7
727.116	5981.2
727.244	6016.6
727.372	6034.7
727.500	5918.7
727.628	5977
727.755	6040.4
727.883	6005.6
728.011	6025.6
728.139	5963.2
728.267	5975.9
728.395	5982.2
728.522	5960
728.650	5996.7
728.778	6022
728.906	6014.2
729.034	5990.7
729.162	6015.1
729.289	6080.3
729.417	6015.4
729.545	5943.1
729.673	6031.1
729.801	6069.6
729.929	6030.5
730.056	6076.1
730.184	6048.5
730.312	5999.5
730.440	6010.2
730.568	6022.3
730.696	6046.7
730.823	6122.4
730.951	6059.6
731.079	6005.9
731.207	5970
731.335	6014.5
731.463	6048.5
731.590	6039.1
731.718	6049.7
731.846	5987.8
731.974	5958.3
732.102	5950.4
732.230	6097.1
732.357	6034.5
732.485	6009.4
732.613	5973.9
732.741	5975.1
732.869	6013.1
732.997	5974.5
733.124	6042.2
733.252	6059
733.380	6063.9
733.508	6081.8
733.636	6039.8
733.764	6006.2
733.892	6007.7
734.019	6043.9
734.147	6040.2
734.275	6013.7
734.403	6017.7
734.531	5976.2
734.659	6103.7
734.786	6028.1
734.914	6035.4
735.042	6028.2
735.170	6062.4
735.298	6090.8
735.426	6088.2
735.553	6147.6
735.681	6068.7
735.809	6080.9
735.937	6067.4
736.065	6005.3
736.193	6027.8
736.320	6088.4
736.448	6083.4
736.576	6052.6
736.704	6039.3
736.832	5976.3
736.960	5977.7
737.087	6024.4
737.215	6110.9
737.343	6106.9
737.471	6100
737.599	6081.9
737.727	6096.3
737.854	6095.4
737.982	6062.7
738.110	6092.5
738.238	6069.9
738.366	6128.6
738.494	6102.6
738.621	6098.8
738.749	6096.1
738.877	6139.5
739.005	6091.3
739.133	6053.7
739.261	6098
739.388	6077.6
739.516	6090.2
739.644	6095.1
739.772	6085.6
739.900	6064.3
740.028	6106.4
740.155	6118.1
740.283	6067.9
740.411	6027.5
740.539	6072.1
740.667	6149.8
740.795	6089.2
740.922	6132.8
741.050	6066.7
741.178	6175.7
741.306	6172.4
741.434	6162.4
741.562	6136.3
741.690	6081.1
741.817	6047.1
741.945	6064.3
742.073	6081
742.201	6203.9
742.329	6127.5
742.457	6242.5
742.584	6132.3
742.712	6118.2
742.840	6159.7
742.968	6153
743.096	6121.3
743.224	6130.9
743.351	6102.9
743.479	6104.9
743.607	6119
743.735	6200.3
743.863	6133.8
743.991	6172.7
744.118	6169.8
744.246	6220.5
744.374	6249.1
744.502	6177.3
744.630	6168.9
744.758	6165
744.885	6218
745.013	6193.4
745.141	6159.6
745.269	6097.7
745.397	6183.1
745.525	6202.3
745.652	6184.5
745.780	6188.3
745.908	6139.1
746.036	6112.1
746.164	6103.8
746.292	6165.6
746.419	6266.6
746.547	6272.8
746.675	6207.8
746.803	6170.5
746.931	6176.9
747.059	6206.7
747.186	6231.8
747.314	6230
747.442	6258.4
747.570	6283.7
747.698	6178.4
747.826	6176.2
747.953	6154.4
748.081	6198.6
748.209	6217.2
748.337	6237.5
748.465	6279.6
748.593	6267.1
748.720	6219.7
748.848	6277.7
748.976	6158.7
749.104	6280.4
749.232	6125.3
749.360	6312.3
749.487	6312.8
749.615	6232.1
749.743	6252.6
749.871	6278.4
749.999	6210.3
750.127	6227.2
750.255	6256.1
750.382	6223.1
750.510	6272.1
750.638	6313.3
750.766	6300.6
750.894	6297.1
751.022	6258.5
751.149	6208.1
751.277	6222.9
751.405	6261.5
751.533	6339.6
751.661	6212.6
751.789	6298.5
751.916	6257.7
752.044	6239.9
752.172	6284.1
752.300	6341.2
752.428	6316.4
752.556	6256.5
752.683	6284.4
752.811	6322
752.939	6287
753.067	6303.4
753.195	6245.3
753.323	6297.1
753.450	6344.6
753.578	6311.1
753.706	6294.9
753.834	6283
753.962	6253.3
754.090	6290.5
754.217	6369.8
754.345	6229.4
754.473	6344.3
754.601	6395.8
754.729	6272.6
754.857	6324
754.984	6351
755.112	6299.7
755.240	6288.9
755.368	6359.8
755.496	6386.7
755.624	6326.9
755.751	6396.6
755.879	6326.2
756.007	6307
756.135	6279
756.263	6313.7
756.391	6303.1
756.518	6316.6
756.646	6395.1
756.774	6427.9
756.902	6325.9
757.030	6275.1
757.158	6422.9
757.285	6330.9
757.413	6490
757.541	6471.4
757.669	6425.9
757.797	6418.5
757.925	6436.9
758.053	6458
758.180	6459.3
758.308	6441.9
758.436	6465.2
758.564	6446.9
758.692	6442
758.820	6385.8
758.947	6398.8
759.075	6400.6
759.203	6422.6
759.331	6476.7
759.459	6495.7
759.587	6456.6
759.714	6452.9
759.842	6534.1
759.970	6463.5
760.098	6377.5
760.226	6491.9
760.354	6371
760.481	6399.1
760.609	6424.8
760.737	6403.1
760.865	6377
760.993	6400.3
761.121	6432.7
761.248	6379.9
761.376	6442.3
761.504	6358.5
761.632	6389.6
761.760	6399.9
761.888	6403.1
762.015	6462.6
762.143	6510.2
762.271	6499.9
762.399	6474.3
762.527	6465
762.655	6443.5
762.782	6459.4
762.910	6377.7
763.038	6453.6
763.166	6500.3
763.294	6537.4
763.422	6515.9
763.549	6568.7
763.677	6563.3
763.805	6545.5
763.933	6590.6
764.061	6575.1
764.189	6465.9
764.316	6493.6
764.444	6441.3
764.572	6537.3
764.700	6541.3
764.828	6567.4
764.956	6581.8
765.083	6570.2
765.211	6556
765.339	6550.7
765.467	6544.3
765.595	6522.6
765.723	6477.6
765.851	6693.7
765.978	6577.9
766.106	6523.4
766.234	6566.4
766.362	6598
766.490	6565.8
766.618	6603.2
766.745	6601.4
766.873	6540.5
767.001	6556.7
767.129	6508.9
767.257	6549.1
767.385	6508.9
767.512	6581.4
767.640	6485.7
767.768	6599
767.896	6627.6
768.024	6594.1
768.152	6596.8
768.279	6624.5
768.407	6633.5
768.535	6640.5
768.663	6626.4
768.791	6541.2
768.919	6672.5
769.046	6561.3
769.174	6623.8
769.302	6620
769.430	6598.7
769.558	6581
769.686	6616.7
769.813	6617.6
769.941	6543.5
770.069	6551.3
770.197	6566.8
770.325	6621.4
770.453	6679
770.580	6653.4
770.708	6614.9
770.836	6647.2
770.964	6687.9
771.092	6621.8
771.220	6619.5
771.347	6656.5
771.475	6625.9
771.603	6664.9
771.731	6512.9
771.859	6625.4
771.987	6514.5
772.114	6463.1
772.242	6560.4
772.370	6615.7
772.498	6611.2
772.626	6650.6
772.754	6679.4
772.881	6675.7
773.009	6677.2
773.137	6628.5
773.265	6667.6
773.393	6558
773.521	6684
773.649	6689
773.776	6655.4
773.904	6696.7
774.032	6741.9
774.160	6711.4
774.288	6693.2
774.416	6703.6
774.543	6719
774.671	6782.2
774.799	6715
774.927	6696.6
775.055	6724.1
775.183	6600.7
775.310	6660.2
775.438	6666.5
775.566	6627.7
775.694	6590.4
775.822	6608.4
775.950	6676.8
776.077	6690.4
776.205	6603.1
776.333	6638.4
776.461	6658.2
776.589	6621.1
776.717	6643.3
776.844	6747.6
776.972	6659.4
777.100	6678.2
777.228	6662.9
777.356	6696.1
777.484	6725.2
777.611	6702.5
777.739	6664.5
777.867	6704.7
777.995	6714.9
778.123	6673.7
778.251	6708.2
778.378	6724.7
778.506	6744.2
778.634	6675.4
778.762	6621.5
778.890	6670.3
779.018	6668.8
779.145	6677.3
779.273	6751
779.401	6687.2
779.529	6685.5
779.657	6687.1
779.785	6706.1
779.912	6757.7
780.040	6690.8
780.168	6673.7
780.296	6720.7
780.424	6747.2
780.552	6741.9
780.679	6712
780.807	6697.3
780.935	6724.6
781.063	6789.4
781.191	6745.1
781.319	6727.6
781.447	6737.6
781.574	6807.9
781.702	6750.2
781.830	6628.2
781.958	6714.1
782.086	6772.8
782.214	6752.8
782.341	6740.6
782.469	6762.5
782.597	6794.9
782.725	6723.9
782.853	6780.2
782.981	6650.6
783.108	6765.8
783.236	6779.2
783.364	6810.7
783.492	6726.3
783.620	6803.9
783.748	6820.2
783.875	6754.8
784.003	6730.8
784.131	6754.2
784.259	6785.6
784.387	6820.4
784.515	6749.2
784.642	6785.7
784.770	6878.8
784.898	6711.4
785.026	6804.4
785.154	6819.6
785.282	6805.4
785.409	6815.9
785.537	6778.2
785.665	6721.7
785.793	6731.2
785.921	6818.7
786.049	6820.3
786.176	6813
786.304	6801.9
786.432	6633.7
786.560	6705.2
786.688	6873.3
786.816	6905
786.943	6789.7
787.071	6757.4
787.199	6745.7
787.327	6756.6
787.455	6790.6
787.583	6776.4
787.710	6837.1
787.838	6735
787.966	6877
788.094	6786.9
788.222	6838.6
788.350	6831.9
788.477	6746.2
788.605	6767.5
788.733	6850.8
788.861	6825.3
788.989	6798.8
789.117	6784.7
789.244	6757.9
789.372	6846.2
789.500	6793
789.628	6884.1
789.756	6801.2
789.884	6795.4
790.012	6926.8
790.139	6904.3
790.267	6835.8
790.395	6875.7
790.523	6846.9
790.651	6827.6
790.779	6853.6
790.906	6836.7
791.034	6812.5
791.162	6795
791.290	6762.1
791.418	6854.1
791.546	6954.2
791.673	6795.9
791.801	6836.2
791.929	6821.3
792.057	6837.2
792.185	6846.9
792.313	6841.1
792.440	6885.5
792.568	6885.9
792.696	6766.2
792.824	6798.4
792.952	6797.2
793.080	6783.2
793.207	6845
793.335	6779.8
793.463	6733.4
793.591	6856.9
793.719	6876.3
793.847	6897.9
793.974	6890.9
794.102	6851.6
794.230	6851.9
794.358	6827
794.486	6841.2
794.614	6922.7
794.741	6855.2
794.869	6793
794.997	6807.3
795.125	6807.5
795.253	6816.2
795.381	6909.2
795.508	6889.1
795.636	6861.2
795.764	6830.5
795.892	6857
796.020	6878.3
796.148	6852.7
796.275	6882
796.403	6848.3
796.531	6885.7
796.659	6862.5
796.787	6888.8
796.915	6891.6
797.042	6904.3
797.170	6894.3
797.298	6889
797.426	6841.9
797.554	6789
797.682	6823.3
797.810	6850.1
797.937	6873.3
798.065	6906.9
798.193	6955.7
798.321	6814.5
798.449	6884.4
798.577	6982.5
798.704	6882.7
798.832	6881.3
798.960	6914.8
799.088	6922.1
799.216	6921.8
799.344	6919.5
799.471	6915.6
799.599	6929
799.727	6939.2
799.855	6902.8
799.983	6852.1
800.111	6869.5
800.238	6891.2
800.366	6833.1
800.494	6902.9
800.622	6871.1
800.750	6857.9
800.878	6916
801.005	6918.3
801.133	6892.8
801.261	6908.5
801.389	6919.1
801.517	6890.1
801.645	6911.5
801.772	6890.5
801.900	6982.2
802.028	6918.4
802.156	6944.1
802.284	6848.3
802.412	6897.4
802.539	6813.9
802.667	6843.3
802.795	6957.2
802.923	6935.7
803.051	6906.6
803.179	6954.4
803.306	6978.5
803.434	6944
803.562	6908.9
803.690	6881.9
803.818	6823.5
803.946	6841.9
804.073	6840.1
804.201	6976.8
804.329	6875.7
804.457	6837.6
804.585	6921.5
804.713	6934.5
804.840	6943.6
804.968	6930.9
805.096	6865
805.224	6899.2
805.352	6879.9
805.480	6902.2
805.608	6930.5
805.735	6930.6
805.863	6784
805.991	6842.5
806.119	6858.7
806.247	6929.9
806.375	6860
806.502	6820.4
806.630	6816.4
806.758	6902.7
806.886	6909.8
807.014	6843.7
807.142	6830.6
807.269	6873.2
807.397	6907.5
807.525	6899.1
807.653	6933
807.781	6865.8
807.909	6828.3
808.036	6921.4
808.164	6866.1
808.292	6876.8
808.420	6900.5
808.548	6868.7
808.676	6894.1
808.803	6861.4
808.931	6857
809.059	6844.2
809.187	6807.3
809.315	6829.3
809.443	6760.6
809.570	6844.4
809.698	6885.2
809.826	6875.2
809.954	6886.3
810.082	6821.9
810.210	6771.6
810.337	6874.6
810.465	6805.1
810.593	6814.1
810.721	6875.8
810.849	6867.8
810.977	6858.2
811.104	6828.6
811.232	6821.3
811.360	6868
811.488	6855.9
811.616	6800.7
811.744	6883
811.871	6814.8
811.999	6848
812.127	6926.2
812.255	6958.3
812.383	6895.1
812.511	6859.6
812.638	6909
812.766	6880.4
812.894	6850.9
813.022	6814.8
813.150	6782.9
813.278	6834.1
813.406	6866.3
813.533	6809
813.661	6808.2
813.789	6706.2
813.917	6852
814.045	6912.2
814.173	6835.8
814.300	6801.3
814.428	6741.8
814.556	6853.4
814.684	6878.2
814.812	6866.4
814.940	6856.1
815.067	6789
815.195	6754.4
815.323	6807.8
815.451	6842.8
815.579	6818.8
815.707	6813
815.834	6724.1
815.962	6780.6
816.090	6797.6
816.218	6797.2
816.346	6793.3
816.474	6848.4
816.601	6758.9
816.729	6770.1
816.857	6750.8
816.985	6685.4
817.113	6698.6
817.241	6729.5
817.368	6754.7
817.496	6807.1
817.624	6774.3
817.752	6807.1
817.880	6837.6
818.008	6807
818.135	6737
818.263	6805.3
818.391	6751.9
818.519	6735.9
818.647	6782.3
818.775	6779.1
818.902	6801.3
819.030	6754.9
819.158	6755.1
819.286	6752.7
819.414	6733.3
819.542	6772.1
819.669	6784.2
819.797	6714.2
819.925	6807
820.053	6726
820.181	6745.8
820.309	6692.1
820.436	6857.2
820.564	6804.8
820.692	6773.1
820.820	6759.5
820.948	6675.9
821.076	6731.9
821.203	6804
821.331	6731.6
821.459	6801.8
821.587	6812.6
821.715	6827.7
821.843	6760.9
821.971	6746.1
822.098	6717.9
822.226	6677.6
822.354	6739.4
822.482	6750.1
822.610	6774.4
822.738	6787.1
822.865	6688.8
822.993	6689.4
823.121	6697.3
823.249	6709.7
823.377	6706.4
823.505	6680.9
823.632	6703.7
823.760	6722.6
823.888	6713.9
824.016	6698.5
824.144	6714.9
824.272	6661.9
824.399	6688.5
824.527	6595.8
824.655	6699.6
824.783	6680
824.911	6620.9
825.039	6698.7
825.166	6694.5
825.294	6658.2
825.422	6666
825.550	6756.7
825.678	6734.7
825.806	6649.4
825.933	6712.8
826.061	6702.7
826.189	6673.2
826.317	6682.7
826.445	6706.8
826.573	6700.6
826.700	6697.4
826.828	6644.2
826.956	6645.8
827.084	6654.5
827.212	6703.6
827.340	6723
827.467	6724.4
827.595	6662.4
827.723	6684.7
827.851	6694.1
827.979	6694.9
828.107	6664.2
828.234	6655.7
828.362	6709.3
828.490	6666.1
828.618	6690.6
828.746	6639.5
828.874	6643.1
829.001	6642
829.129	6628.4
829.257	6664.9
829.385	6685
829.513	6657.5
829.641	6643.8
829.769	6696.6
829.896	6616.5
830.024	6640.8
830.152	6714.6
830.280	6679.6
830.408	6685.8
830.536	6690.4
830.663	6702.4
830.791	6731.7
830.919	6702.1
831.047	6634.5
831.175	6610.7
831.303	6687.7
831.430	6670.3
831.558	6639.5
831.686	6688.8
831.814	6644.7
831.942	6654.4
832.070	6672.5
832.197	6631
832.325	6680.4
832.453	6681.6
832.581	6643.8
832.709	6605.5
832.837	6642.5
832.964	6684.6
833.092	6636.7
833.220	6633
833.348	6631.4
833.476	6609.3
833.604	6663.5
833.731	6679
833.859	6715.7
833.987	6648.2
834.115	6660.2
834.243	6580.8
834.371	6645.3
834.498	6614.3
834.626	6726.8
834.754	6643.8
834.882	6605
835.010	6664
835.138	6682.3
835.265	6655.3
835.393	6666.6
835.521	6679.3
835.649	6688.3
835.777	6655.7
835.905	6641.3
836.032	6607.3
836.160	6589.9
836.288	6660.7
836.416	6676.8
836.544	6653.7
836.672	6618.6
836.799	6640
836.927	6688.2
837.055	6655.3
837.183	6665.5
837.311	6641.5
837.439	6590
837.567	6585.9
837.694	6635
837.822	6658.7
837.950	6687.6
838.078	6666.6
838.206	6641.8
838.334	6641
838.461	6649.9
838.589	6621.1
838.717	6587.6
838.845	6573
838.973	6615.2
839.101	6626
839.228	6684
839.356	6716
839.484	6617.1
839.612	6620.6
839.740	6643.8
839.868	6650.9
839.995	6615.4
840.123	6624.6
840.251	6708.3
840.379	6654.2
840.507	6644.5
840.635	6686.4
840.762	6727.8
840.890	6671.1
841.018	6594.8
841.146	6664.4
841.274	6672.7
841.402	6595
841.529	6604.2
841.657	6558
841.785	6598.6
841.913	6749.2
842.041	6692.1
842.169	6673.8
842.296	6690.2
842.424	6721
842.552	6686.5
842.680	6691.9
842.808	6705.2
842.936	6639.1
843.063	6585.8
843.191	6614.8
843.319	6653.5
843.447	6655.5
843.575	6642.4
843.703	6632.8
843.830	6733.4
843.958	6692.2
844.086	6674.9
844.214	6610.9
844.342	6646
844.470	6687.3
844.597	6661.1
844.725	6635
844.853	6614.5
844.981	6549.9
845.109	6731.4
845.237	6668.3
845.365	6631.7
845.492	6655.6
845.620	6665.4
845.748	6621.2
845.876	6603.6
846.004	6616.4
846.132	6595.7
846.259	6605.6
846.387	6655.1
846.515	6599.7
846.643	6676.5
846.771	6647.2
846.899	6619.7
847.026	6564.7
847.154	6639.1
847.282	6703.3
847.410	6612
847.538	6585.1
847.666	6625.5
847.793	6620.3
847.921	6625.4
848.049	6674.3
848.177	6652.4
848.305	6648.5
848.433	6678.6
848.560	6655.2
848.688	6695
848.816	6621.6
848.944	6649.4
849.072	6662.3
849.200	6655.4
849.327	6703.8
849.455	6706
849.583	6613.1
849.711	6594.3
849.839	6676.8
849.967	6596.2
850.094	6566.3
850.222	6680.7
850.350	6673.2
850.478	6480.1
850.606	6626.8
850.734	6658.6
850.861	6692.2
850.989	6687.7
851.117	6578.3
851.245	6544.5
851.373	6600.8
851.501	6672.5
851.628	6695.9
851.756	6609.3
851.884	6646
852.012	6639.2
852.140	6576.8
852.268	6609.2
852.395	6632.2
852.523	6613.1
852.651	6592.1
852.779	6584.7
852.907	6606.1
853.035	6641.1
853.162	6658.2
853.290	6695.2
853.418	6612.9
853.546	6684.7
853.674	6581
853.802	6574.8
853.930	6631.7
854.057	6696.3
854.185	6645.6
854.313	6583.3
854.441	6588.2
854.569	6562.2
854.697	6531.6
854.824	6591.1
854.952	6583.2
855.080	6558.6
855.208	6670.7
855.336	6665
855.464	6670
855.591	6590.6
855.719	6663
855.847	6637.8
855.975	6603.9
856.103	6612.7
856.231	6699.6
856.358	6715.9
856.486	6628.6
856.614	6703.2
856.742	6718.8
856.870	6654.9
856.998	6680.5
857.125	6722.9
857.253	6594.9
857.381	6593.9
857.509	6608
857.637	6637.9
857.765	6641.8
857.892	6607.5
858.020	6601.7
858.148	6617.8
858.276	6625.8
858.404	6607.2
858.532	6518
858.659	6630.3
858.787	6754.1
858.915	6681.1
859.043	6675.1
859.171	6606.8
859.299	6684.7
859.426	6681.7
859.554	6662.3
859.682	6650.3
859.810	6656
859.938	6600.7
860.066	6522.9
860.193	6592.9
860.321	6604.2
860.449	6724.5
860.577	6615.6
860.705	6722.9
860.833	6638.7
860.960	6659.9
861.088	6639.7
861.216	6701.3
861.344	6697
861.472	6614.1
861.600	6592.7
861.728	6640.4
861.855	6641.2
861.983	6579.1
862.111	6517.5
862.239	6570
862.367	6700.2
862.495	6547.9
862.622	6629.6
862.750	6627.9
862.878	6625
863.006	6582.8
863.134	6564.7
863.262	6539.2
863.389	6528.6
863.517	6580.2
863.645	6619.5
863.773	6579.4
863.901	6714.5
864.029	6589
864.156	6643.5
864.284	6573.4
864.412	6522.4
864.540	6553
864.668	6515.4
864.796	6607.8
864.923	6659.4
865.051	6660.3
865.179	6666.5
865.307	6632.6
865.435	6573.2
865.563	6588.3
865.690	6621.2
865.818	6611.6
865.946	6641.7
866.074	6648.6
866.202	6606.6
866.330	6638
866.457	6679.1
866.585	6725.4
866.713	6680.1
866.841	6678.2
866.969	6662.8
867.097	6614.4
867.224	6617.1
867.352	6619
867.480	6581.3
867.608	6679.7
867.736	6636.7
867.864	6589.3
867.991	6701.6
868.119	6654.6
868.247	6653.9
868.375	6659
868.503	6682.9
868.631	6586.5
868.758	6585
868.886	6608.8
869.014	6651.9
869.142	6689.1
869.270	6655.7
869.398	6651.3
869.526	6679
869.653	6604.1
869.781	6578.1
869.909	6660.5
870.037	6647.4
870.165	6587.5
870.293	6535.7
870.420	6582.7
870.548	6627.6
870.676	6500.3
870.804	6531.2
870.932	6622.5
871.060	6587.8
871.187	6550.8
871.315	6537.2
871.443	6486.6
871.571	6616.5
871.699	6578.1
871.827	6704.4
871.954	6779.4
872.082	6629.5
872.210	6569.9
872.338	6590.4
872.466	6655.6
872.594	6762.3
872.721	6704.8
872.849	6639.9
872.977	6632.9
873.105	6621.8
873.233	6649.8
873.361	6709.8
873.488	6775.7
873.616	6618.5
873.744	6599.4
873.872	6594.5
874.000	6724.1
874.128	6678.2
874.255	6721.6
874.383	6635.4
874.511	6659.2
874.639	6619.8
874.767	6666
874.895	6726.9
875.022	6653.1
875.150	6624.1
875.278	6726.1
875.406	6678.1
875.534	6626.3
875.662	6635.5
875.789	6666.7
875.917	6526.5
876.045	6597.5
876.173	6559.2
876.301	6574.9
876.429	6570.8
876.556	6630.6
876.684	6602.3
876.812	6621.8
876.940	6597.1
877.068	6575.9
877.196	6624.8
877.323	6554.3
877.451	6526.5
877.579	6664.2
877.707	6578.7
877.835	6632.3
877.963	6705.1
878.091	6629.1
878.218	6643.1
878.346	6581.9
878.474	6568.4
878.602	6644.6
878.730	6722
878.858	6638.9
878.985	6567.9
879.113	6603.9
879.241	6595.8
879.369	6537.8
879.497	6582.2
879.625	6657.7
879.752	6612.1
879.880	6576.8
880.008	6656.8
880.136	6544.4
880.264	6595.1
880.392	6622.6
880.519	6640.3
880.647	6575.8
880.775	6555.8
880.903	6612.5
881.031	6615.3
881.159	6604
881.286	6630.6
881.414	6594
881.542	6533.1
881.670	6597.4
881.798	6574.2
881.926	6603.4
882.053	6694.3
882.181	6614.5
882.309	6598.7
882.437	6623.3
882.565	6571.7
882.693	6662.4
882.820	6633.4
882.948	6615.3
883.076	6561.8
883.204	6573.3
883.332	6628.2
883.460	6633
883.587	6622.2
883.715	6618.3
883.843	6584.5
883.971	6501.5
884.099	6565.9
884.227	6665
884.354	6559
884.482	6516.5
884.610	6681.2
884.738	6616.5
884.866	6596.5
884.994	6630.3
885.121	6649
885.249	6642.3
885.377	6649.8
885.505	6577.9
885.633	6480.2
885.761	6492
885.889	6548.1
886.016	6596.6
886.144	6634.3
886.272	6624.6
886.400	6537.1
886.528	6636.5
886.656	6519.3
886.783	6570.2
886.911	6708.6
887.039	6619.7
887.167	6661.4
887.295	6649.2
887.423	6654.1
887.550	6615.6
887.678	6502.7
887.806	6461.3
887.934	6500.8
888.062	6528.3
888.190	6537.8
888.317	6474.9
888.445	6500.1
888.573	6574.4
888.701	6564.9
888.829	6666.1
888.957	6596.3
889.084	6556.3
889.212	6623
889.340	6597.3
889.468	6581
889.596	6568.4
889.724	6582
889.851	6588
889.979	6569.9
890.107	6532.4
890.235	6532.2
890.363	6584.7
890.491	6589.7
890.618	6536
890.746	6503.9
890.874	6598.8
891.002	6539.9
891.130	6556.4
891.258	6630.1
891.385	6692.1
891.513	6491.1
891.641	6510.2
891.769	6500.2
891.897	6522
892.025	6531.9
892.152	6501.6
892.280	6528.6
892.408	6583.3
892.536	6587.1
892.664	6557.3
892.792	6537.7
892.919	6548
893.047	6566
893.175	6534.7
893.303	6554.3
893.431	6494.9
893.559	6651.6
893.687	6602.7
893.814	6528.4
893.942	6661.3
894.070	6537.6
894.198	6482.2
894.326	6504.5
894.454	6547.2
894.581	6553.1
894.709	6538.9
894.837	6540.6
894.965	6535.4
895.093	6529.4
895.221	6538
895.348	6498.2
895.476	6610.7
895.604	6637.2
895.732	6694.5
895.860	6714.3
895.988	6498.9
896.115	6547
896.243	6573.1
896.371	6590.6
896.499	6526.9
896.627	6498.9
896.755	6566.4
896.882	6522
897.010	6489.8
897.138	6522
897.266	6508.8
897.394	6478.7
897.522	6545.5
897.649	6614
897.777	6545.1
897.905	6434.6
898.033	6451.9
898.161	6496.7
898.289	6452.2
898.416	6553.9
898.544	6445.7
898.672	6518.8
898.800	6488.4
898.928	6507.6
899.056	6519.6
899.183	6548.7
899.311	6482.2
899.439	6576
899.567	6624.6
899.695	6587.9
899.823	6544.9
899.950	6503.7
900.078	6477.8
900.206	6477.7
900.334	6495.1
900.462	6506.6
900.590	6485.2
900.717	6573.3
900.845	6540
900.973	6512.9
901.101	6558.7
901.229	6512
901.357	6510.5
901.485	6573.7
901.612	6578.4
901.740	6515.3
901.868	6550.9
901.996	6555.3
902.124	6539.8
902.252	6516.7
902.379	6595.2
902.507	6597.8
902.635	6542.8
902.763	6562.7
902.891	6535.9
903.019	6478.1
903.146	6460.9
903.274	6571.4
903.402	6458.3
903.530	6508.5
903.658	6566.5
903.786	6498.6
903.913	6477
904.041	6511.4
904.169	6534
904.297	6520.3
904.425	6503.4
904.553	6450.1
904.680	6441.9
904.808	6475.5
904.936	6580.4
905.064	6527.3
905.192	6429.3
905.320	6425.8
905.447	6452.2
905.575	6479.8
905.703	6456.9
905.831	6432
905.959	6508.2
906.087	6475.2
906.214	6427.2
906.342	6426.9
906.470	6438.9
906.598	6439.6
906.726	6417.4
906.854	6433
906.981	6404.8
907.109	6420.9
907.237	6439.1
907.365	6512.6
907.493	6446
907.621	6464.4
907.748	6467.7
907.876	6495.6
908.004	6526.2
908.132	6489.8
908.260	6440.6
908.388	6424.1
908.515	6410.3
908.643	6427.5
908.771	6491.6
908.899	6431.2
909.027	6461.2
909.155	6452.2
909.283	6407.5
909.410	6467.7
909.538	6495.5
909.666	6483.7
909.794	6443.6
909.922	6445.1
910.050	6440.2
910.177	6481.9
910.305	6428.9
910.433	6425.7
910.561	6479.4
910.689	6501.1
910.817	6506
910.944	6425.1
911.072	6403.3
911.200	6510.5
911.328	6514
911.456	6417.2
911.584	6391.4
911.711	6457.4
911.839	6441.3
911.967	6391.2
912.095	6415
912.223	6412.7
912.351	6465.1
912.478	6507.8
912.606	6437.7
912.734	6388.3
912.862	6352.9
912.990	6443
913.118	6370.7
913.245	6405.6
913.373	6446.7
913.501	6415.2
913.629	6375.2
913.757	6379.2
913.885	6381.3
914.012	6356.8
914.140	6349.3
914.268	6386.8
914.396	6401.4
914.524	6402
914.652	6369.9
914.779	6318.7
914.907	6371
915.035	6347.9
915.163	6314.1
915.291	6407.2
915.419	6430.2
915.546	6359.8
915.674	6456.1
915.802	6446.8
915.930	6383.5
916.058	6425.9
916.186	6389.1
916.313	6398.9
916.441	6397.3
916.569	6406
916.697	6382.6
916.825	6403.2
916.953	6396
917.080	6364
917.208	6397.6
917.336	6420.4
917.464	6437.2
917.592	6465
917.720	6403.9
917.848	6385
917.975	6417.6
918.103	6368
918.231	6342.9
918.359	6380.6
918.487	6448.2
918.615	6463
918.742	6425.8
918.870	6402.1
918.998	6320.5
919.126	6422.4
919.254	6458.2
919.382	6426.7
919.509	6397.2
919.637	6443.9
919.765	6367.9
919.893	6417.5
920.021	6421.2
920.149	6344.8
920.276	6385.8
920.404	6375.5
920.532	6404.2
920.660	6376.8
920.788	6366.6
920.916	6386.8
921.043	6383.2
921.171	6406
921.299	6430
921.427	6394.8
921.555	6367.5
921.683	6317.7
921.810	6388.6
921.938	6340.6
922.066	6407.5
922.194	6407.5
922.322	6425.7
922.450	6398.4
922.577	6388.1
922.705	6415.9
922.833	6440.8
922.961	6498.8
923.089	6523.2
923.217	6471.6
923.344	6380.5
923.472	6405.8
923.600	6414.5
923.728	6397.2
923.856	6404.7
923.984	6415.9
924.111	6404.6
924.239	6379.5
924.367	6344.5
924.495	6354
924.623	6416.6
924.751	6456.8
924.878	6385.6
925.006	6348.7
925.134	6387.7
925.262	6388.9
925.390	6447.1
925.518	6451.2
925.646	6460.8
925.773	6379.4
925.901	6394.8
926.029	6370.4
926.157	6423.8
926.285	6398.5
926.413	6357.3
926.540	6409.3
926.668	6420.3
926.796	6334.7
926.924	6369
927.052	6382.7
927.180	6391.3
927.307	6385.9
927.435	6344.9
927.563	6375.4
927.691	6339.3
927.819	6384.2
927.947	6387.5
928.074	6382.6
928.202	6374.5
928.330	6403.6
928.458	6382.6
928.586	6382
928.714	6396.8
928.841	6352.9
928.969	6349.3
929.097	6378.4
929.225	6381
929.353	6391.2
929.481	6402.5
929.608	6432.6
929.736	6338.1
929.864	6461.6
929.992	6454.1
930.120	6437.2
930.248	6433.4
930.375	6392.2
930.503	6348.6
930.631	6410.5
930.759	6402.9
930.887	6406.6
931.015	6447.3
931.142	6461.6
931.270	6509.9
931.398	6395.8
931.526	6348.6
931.654	6396.7
931.782	6379.7
931.909	6359
932.037	6381.3
932.165	6382.5
932.293	6373
932.421	6400.9
932.549	6432.8
932.676	6457.8
932.804	6400.7
932.932	6388.8
933.060	6421
933.188	6383.5
933.316	6411.1
933.444	6373.9
933.571	6466.9
933.699	6387.3
933.827	6466.6
933.955	6383.1
934.083	6371.6
934.211	6442.7
934.338	6398.7
934.466	6390.9
934.594	6407
934.722	6389.8
934.850	6436.9
934.978	6416.4
935.105	6402.2
935.233	6418.3
935.361	6429.2
935.489	6470.4
935.617	6433.6
935.745	6403.2
935.872	6447.3
936.000	6376.5
936.128	6372.3
936.256	6451.4
936.384	6427.9
936.512	6377.1
936.639	6401.8
936.767	6425.1
936.895	6475.7
937.023	6434.4
937.151	6397.7
937.279	6384.4
937.406	6358.8
937.534	6386.2
937.662	6446.2
937.790	6429.7
937.918	6415.2
938.046	6436.5
938.173	6417
938.301	6434.7
938.429	6459.8
938.557	6445.3
938.685	6455.7
938.813	6411.7
938.940	6479.3
939.068	6398.1
939.196	6448.2
939.324	6432.8
939.452	6511.1
939.580	6479
939.707	6487
939.835	6504.8
939.963	6426.6
940.091	6413.1
940.219	6463
940.347	6423.1
940.474	6360.8
940.602	6399.7
940.730	6390.3
940.858	6459.9
940.986	6468.6
941.114	6470.5
941.241	6469.4
941.369	6462.2
941.497	6463
941.625	6431.5
941.753	6396.7
941.881	6437.2
942.009	6428.1
942.136	6463.4
942.264	6428.4
942.392	6467.4
942.520	6449.1
942.648	6424.1
942.776	6438.7
942.903	6486.4
943.031	6452.8
943.159	6399.3
943.287	6458.1
943.415	6420.1
943.543	6526.9
943.670	6386.3
943.798	6421.4
943.926	6445.2
944.054	6443.4
944.182	6384.8
944.310	6458.5
944.437	6404.8
944.565	6414.6
944.693	6454.5
944.821	6467.6
944.949	6437.3
945.077	6362.1
945.204	6391.4
945.332	6375
945.460	6404.5
945.588	6417.8
945.716	6367.4
945.844	6391.1
945.971	6400
946.099	6433.9
946.227	6467.7
946.355	6416.8
946.483	6407.7
946.611	6452.5
946.738	6495.2
946.866	6478.3
946.994	6442.4
947.122	6464.5
947.250	6489.2
947.378	6446.6
947.505	6491
947.633	6463.7
947.761	6456.3
947.889	6467.4
948.017	6477
948.145	6470.8
948.272	6416.9
948.400	6453.1
948.528	6450
948.656	6465.1
948.784	6520.8
948.912	6548.7
949.039	6499.4
949.167	6502.7
949.295	6552.6
949.423	6460.2
949.551	6475.2
949.679	6409.3
949.807	6486.9
949.934	6515.7
950.062	6523.1
950.190	6474.2
950.318	6446.9
950.446	6475.8
950.574	6449.9
950.701	6452.4
950.829	6459.8
950.957	6456
951.085	6454.3
951.213	6401
951.341	6448.5
951.468	6520.1
951.596	6441.6
951.724	6455
951.852	6464
951.980	6453.6
952.108	6450.7
952.235	6448.4
952.363	6475.7
952.491	6476.9
952.619	6426.7
952.747	6431.2
952.875	6435.9
953.002	6439.5
953.130	6427.1
953.258	6406.9
953.386	6433.4
953.514	6456.3
953.642	6438.9
953.769	6447.5
953.897	6459.5
954.025	6408.1
954.153	6411.2
954.281	6456.2
954.409	6435.2
954.536	6423.8
954.664	6440.2
954.792	6412
954.920	6450.1
955.048	6454.7
955.176	6412.4
955.303	6374.3
955.431	6398.2
955.559	6484.1
955.687	6489.3
955.815	6486.3
955.943	6495.9
956.070	6471.1
956.198	6393.2
956.326	6368.2
956.454	6451.9
956.582	6506.8
956.710	6425.8
956.837	6544.4
956.965	6481.9
957.093	6438.1
957.221	6460.4
957.349	6397.5
957.477	6500.6
957.605	6459.3
957.732	6444.3
957.860	6443.5
957.988	6452.1
958.116	6512.6
958.244	6495.2
958.372	6460.4
958.499	6507.1
958.627	6510.2
958.755	6475.2
958.883	6480.9
959.011	6504.4
959.139	6516.3
959.266	6492.2
959.394	6461.4
959.522	6495.9
959.650	6444.7
959.778	6452.8
959.906	6418.4
960.033	6453.9
960.161	6483
960.289	6451.7
960.417	6496.4
960.545	6431.6
960.673	6450
960.800	6473.6
960.928	6490.3
961.056	6473.5
961.184	6415.9
961.312	6416.9
961.440	6446.4
961.567	6455.5
961.695	6408.9
961.823	6409.8
961.951	6423.5
962.079	6428.3
962.207	6460.8
962.334	6421.6
962.462	6467.7
962.590	6478.9
962.718	6440.4
962.846	6437.6
962.974	6440.8
963.101	6396.7
963.229	6365.3
963.357	6386.5
963.485	6445.8
963.613	6458.6
963.741	6423.8
963.868	6407.4
963.996	6428.3
964.124	6440
964.252	6388.2
964.380	6468.3
964.508	6498.1
964.635	6467.2
964.763	6414.4
964.891	6438.7
965.019	6383.7
965.147	6441.4
965.275	6501.8
965.403	6410.3
965.530	6466.1
965.658	6503.3
965.786	6456.2
965.914	6441.2
966.042	6448.7
966.170	6462.7
966.297	6434.8
966.425	6452.9
966.553	6466.4
966.681	6401.7
966.809	6364.7
966.937	6435.4
967.064	6441.6
967.192	6377.4
967.320	6448.3
967.448	6441
967.576	6325.5
967.704	6402.7
967.831	6435.3
967.959	6393.6
968.087	6460.2
968.215	6421.4
968.343	6437.8
968.471	6456.5
968.598	6438.8
968.726	6434.7
968.854	6406.6
968.982	6417.9
969.110	6453.5
969.238	6434.5
969.365	6405.3
969.493	6444.5
969.621	6432.7
969.749	6413.6
969.877	6472.4
970.005	6447.1
970.132	6383.5
970.260	6390.4
970.388	6444
970.516	6450.9
970.644	6507.3
970.772	6482
970.899	6446.8
971.027	6402
971.155	6351.8
971.283	6407.6
971.411	6390.3
971.539	6446.5
971.666	6470.3
971.794	6454.6
971.922	6461.6
972.050	6455.4
972.178	6501.4
972.306	6482
972.433	6422.6
972.561	6488.8
972.689	6506.5
972.817	6477.4
972.945	6508.6
973.073	6453.6
973.201	6432.2
973.328	6436.6
973.456	6481.8
973.584	6361.3
973.712	6407
973.840	6424
973.968	6404.5
974.095	6480.3
974.223	6504.8
974.351	6402.4
974.479	6382
974.607	6428.6
974.735	6432.8
974.862	6428.5
974.990	6424.1
975.118	6439.4
975.246	6472
975.374	6471.3
975.502	6365.3
975.629	6382.7
975.757	6467.5
975.885	6492.2
976.013	6380.7
976.141	6455.9
976.269	6390.1
976.396	6420.9
976.524	6410.1
976.652	6452.2
976.780	6463.6
976.908	6428.8
977.036	6462.1
977.163	6491.8
977.291	6443.8
977.419	6449.5
977.547	6419.8
977.675	6411.2
977.803	6439.4
977.930	6393.8
978.058	6365.8
978.186	6395.8
978.314	6392.7
978.442	6371.7
978.570	6335.1
978.697	6391.5
978.825	6390.4
978.953	6439.4
979.081	6344.6
979.209	6394.5
979.337	6398.4
979.464	6361.7
979.592	6484.9
979.720	6391.7
979.848	6375.4
979.976	6427.7
980.104	6455.8
980.231	6443.3
980.359	6458.2
980.487	6353.8
980.615	6416.5
980.743	6448.8
980.871	6472.7
980.998	6449.9
981.126	6438.9
981.254	6411.6
981.382	6432.7
981.510	6448.7
981.638	6391.3
981.766	6381.2
981.893	6377.6
982.021	6423
982.149	6457.3
982.277	6494.3
982.405	6528.4
982.533	6484.2
982.660	6382.2
982.788	6473.2
982.916	6396.5
983.044	6468.5
983.172	6502.5
983.300	6441.9
983.427	6442.4
983.555	6436.9
983.683	6409.4
983.811	6545.3
983.939	6477.7
984.067	6467.9
984.194	6490.7
984.322	6440.7
984.450	6482.4
984.578	6457.8
984.706	6437.6
984.834	6457.5
984.961	6410.9
985.089	6398.9
985.217	6461.3
985.345	6481.9
985.473	6473.4
985.601	6472.7
985.728	6398.7
985.856	6397.9
985.984	6472.9
986.112	6461.8
986.240	6487.9
986.368	6453.3
986.495	6379.8
986.623	6440.9
986.751	6504.2
986.879	6540.2
987.007	6493.5
987.135	6486.9
987.262	6453.8
987.390	6481.7
987.518	6444.8
987.646	6412.4
987.774	6395
987.902	6375.2
988.029	6382.4
988.157	6385.5
988.285	6383.7
988.413	6409.1
988.541	6440.2
988.669	6419.7
988.796	6382.9
988.924	6450.4
989.052	6520.6
989.180	6494.4
989.308	6520
989.436	6468.3
989.564	6464.2
989.691	6449.9
989.819	6358.6
989.947	6449.8
990.075	6486.8
990.203	6440.3
990.331	6467.8
990.458	6425
990.586	6470.3
990.714	6519.5
990.842	6391.6
990.970	6471.2
991.098	6570.4
991.225	6520.3
991.353	6445
991.481	6436
991.609	6440
991.737	6456.8
991.865	6508.3
991.992	6550.5
992.120	6458.5
992.248	6428.5
992.376	6491.9
992.504	6490.5
992.632	6465
992.759	6481.3
992.887	6531.4
993.015	6535.7
993.143	6451.1
993.271	6420.6
993.399	6447.6
993.526	6414.9
993.654	6354.3
993.782	6495.1
993.910	6591.7
994.038	6481.1
994.166	6553.8
994.293	6416.6
994.421	6456
994.549	6507.4
994.677	6522.9
994.805	6483.4
994.933	6422.5
995.060	6390.7
995.188	6426.1
995.316	6434.6
995.444	6461.1
995.572	6571.8
995.700	6525
995.827	6453
995.955	6418
996.083	6482.8
996.211	6421.7
996.339	6449.8
996.467	6461.4
996.594	6410.9
996.722	6444.6
996.850	6508.1
996.978	6446.3
997.106	6451.9
997.234	6544.1
997.362	6530.2
997.489	6450.5
997.617	6431.1
997.745	6472.9
997.873	6409.8
998.001	6388.8
998.129	6467.4
998.256	6434.2
998.384	6438.9
998.512	6519
998.640	6446
998.768	6404.1
998.896	6419.3
999.023	6447.8
999.151	6480.4
999.279	6616.6
999.407	6494.8
999.535	6430.2
999.663	6422.5
999.790	6393.8
999.918	6417.8
1000.046	6529
1000.174	6534.1
1000.302	6541.9
1000.430	6475.2
1000.557	6467.1
1000.685	6411.5
1000.813	6460.1
1000.941	6490.4
1001.069	6439.7
1001.197	6489.5
1001.324	6547.6
1001.452	6471.7
1001.580	6462.4
1001.708	6447.2
1001.836	6414.4
1001.964	6430.2
1002.091	6440.8
1002.219	6472.8
1002.347	6500
1002.475	6486
1002.603	6473.9
1002.731	6476.2
1002.858	6514.7
1002.986	6471.6
1003.114	6429.5
1003.242	6530.5
1003.370	6586.9
1003.498	6532
1003.625	6456.8
1003.753	6493.4
1003.881	6481.7
1004.009	6476.3
1004.137	6458
1004.265	6438.2
1004.392	6439.9
1004.520	6530.9
1004.648	6396.6
1004.776	6521.2
1004.904	6477.9
1005.032	6387.4
1005.160	6486.3
1005.287	6458.7
1005.415	6488.1
1005.543	6465.7
1005.671	6438.1
1005.799	6382.5
1005.927	6486.7
1006.054	6489.2
1006.182	6465.3
1006.310	6503.9
1006.438	6452
1006.566	6405.9
1006.694	6424.9
1006.821	6480.9
1006.949	6498.4
1007.077	6450.8
1007.205	6442.1
1007.333	6480.3
1007.461	6455.5
1007.588	6449.9
1007.716	6474.3
1007.844	6472.7
1007.972	6461.6
1008.100	6425
1008.228	6416.5
1008.355	6444
1008.483	6497
1008.611	6521.7
1008.739	6493.2
1008.867	6485.4
1008.995	6450.3
1009.122	6433.2
1009.250	6454.9
1009.378	6418.3
1009.506	6468.6
1009.634	6516.3
1009.762	6444.1
1009.889	6438
1010.017	6459.2
1010.145	6440.3
1010.273	6565.5
1010.401	6528.1
1010.529	6410.7
1010.656	6450
1010.784	6406.1
1010.912	6446.7
1011.040	6414.1
1011.168	6471
1011.296	6366.3
1011.423	6443.4
1011.551	6489.3
1011.679	6455.6
1011.807	6488.5
1011.935	6518.9
1012.063	6459.4
1012.190	6476.9
1012.318	6401.6
1012.446	6426.2
1012.574	6467.3
1012.702	6414.9
1012.830	6476.2
1012.957	6515.2
1013.085	6440.1
1013.213	6427.6
1013.341	6454.5
1013.469	6445.5
1013.597	6443.3
1013.725	6435.1
1013.852	6472.3
1013.980	6484.6
1014.108	6434
1014.236	6425.9
1014.364	6460.7
1014.492	6439.9
1014.619	6442.5
1014.747	6404.9
1014.875	6460.5
1015.003	6494.5
1015.131	6400.7
1015.259	6392.8
1015.386	6424.9
1015.514	6484.1
1015.642	6465.7
1015.770	6399.8
1015.898	6434.2
1016.026	6454.9
1016.153	6425.6
1016.281	6435.4
1016.409	6412
1016.537	6438.2
1016.665	6475.4
1016.793	6477.8
1016.920	6486.6
1017.048	6416
1017.176	6416.1
1017.304	6397.1
1017.432	6457.3
1017.560	6444.6
1017.687	6450.2
1017.815	6499.6
1017.943	6431.3
1018.071	6512.4
1018.199	6410
1018.327	6412.4
1018.454	6466
1018.582	6532.2
1018.710	6442.2
1018.838	6474.3
1018.966	6443.9
1019.094	6429.5
1019.221	6495.9
1019.349	6400.4
1019.477	6492.4
1019.605	6421.9
1019.733	6470.5
1019.861	6469.6
1019.988	6529.6
1020.116	6494
1020.244	6394.2
1020.372	6430
1020.500	6455.3
1020.628	6435.1
1020.755	6437.4
1020.883	6470.9
1021.011	6428.1
1021.139	6427.5
1021.267	6466.2
1021.395	6424.2
1021.523	6470.9
1021.650	6465.7
1021.778	6421.4
1021.906	6423
1022.034	6437.8
1022.162	6414.8
1022.290	6436.2
1022.417	6444.4
1022.545	6474.2
1022.673	6430.7
1022.801	6460.2
1022.929	6472.5
1023.057	6456.4
1023.184	6436.6
1023.312	6477.6
1023.440	6511.7
1023.568	6461.8
1023.696	6462.4
1023.824	6430.8
1023.951	6395
1024.079	6432.3
1024.207	6457
1024.335	6426.5
1024.463	6417.8
1024.591	6496.3
1024.718	6474.5
1024.846	6421.2
1024.974	6419.5
1025.102	6407.5
1025.230	6426.6
1025.358	6447
1025.485	6458.8
1025.613	6447.9
1025.741	6442.3
1025.869	6452
1025.997	6432.5
1026.125	6424.3
1026.252	6448.9
1026.380	6474.5
1026.508	6455.7
1026.636	6444.2
1026.764	6457.9
1026.892	6455.1
1027.019	6470.4
1027.147	6467.7
1027.275	6420.7
1027.403	6412.4
1027.531	6437.3
1027.659	6487.1
1027.786	6468
1027.914	6450.5
1028.042	6437.4
1028.170	6453.1
1028.298	6471.9
1028.426	6430.6
1028.553	6441.7
1028.681	6437.3
1028.809	6410.2
1028.937	6429.9
1029.065	6420.4
1029.193	6430.8
1029.321	6426.2
1029.448	6382.1
1029.576	6399.2
1029.704	6501.7
1029.832	6473.2
1029.960	6445.2
1030.088	6459.3
1030.215	6485.1
1030.343	6416.6
1030.471	6414.9
1030.599	6461.2
1030.727	6494.8
1030.855	6479.7
1030.982	6441.8
1031.110	6420.6
1031.238	6431.9
1031.366	6427.4
1031.494	6407
1031.622	6435.3
1031.749	6465.9
1031.877	6405.1
1032.005	6404.8
1032.133	6480.3
1032.261	6451.9
1032.389	6402.4
1032.516	6414
1032.644	6435.6
1032.772	6436.4
1032.900	6407.9
1033.028	6413.7
1033.156	6389.5
1033.283	6460.3
1033.411	6437.5
1033.539	6477.9
1033.667	6483.1
1033.795	6470.4
1033.923	6483.7
1034.050	6518.7
1034.178	6477.6
1034.306	6483.5
1034.434	6432.8
1034.562	6447.8
1034.690	6461.2
1034.817	6470.5
1034.945	6461.4
1035.073	6463.8
1035.201	6474.3
1035.329	6466.3
1035.457	6463.3
1035.584	6458.8
1035.712	6452.3
1035.840	6429.5
1035.968	6417.7
1036.096	6430.5
1036.224	6452.5
1036.351	6456.3
1036.479	6450.8
1036.607	6481.1
1036.735	6492.9
1036.863	6505
1036.991	6457.7
1037.119	6425.8
1037.246	6437.3
1037.374	6433.1
1037.502	6449.5
1037.630	6456.8
1037.758	6523.4
1037.886	6542
1038.013	6478.7
1038.141	6472.9
1038.269	6454.4
1038.397	6442.8
1038.525	6465.4
1038.653	6489.4
1038.780	6457
1038.908	6457.9
1039.036	6451.6
1039.164	6485.5
1039.292	6450.7
1039.420	6473.7
1039.547	6454.5
1039.675	6499.9
1039.803	6426.6
1039.931	6449.3
1040.059	6492.1
1040.187	6490.4
1040.314	6497.7
1040.442	6504.4
1040.570	6462.8
1040.698	6488.4
1040.826	6436.8
1040.954	6407.4
1041.081	6421.1
1041.209	6448.5
1041.337	6510.7
1041.465	6434.5
1041.593	6434
1041.721	6429.3
1041.848	6404.2
1041.976	6453.1
1042.104	6424.1
1042.232	6480.6
1042.360	6442.8
1042.488	6479.6
1042.615	6445.6
1042.743	6458.4
1042.871	6525
1042.999	6454.3
1043.127	6441.3
1043.255	6432
1043.382	6439.6
1043.510	6447.8
1043.638	6511.7
1043.766	6524.7
1043.894	6482.6
1044.022	6453.1
1044.149	6506.1
1044.277	6481.1
1044.405	6456.3
1044.533	6469.5
1044.661	6427.7
1044.789	6450.3
1044.916	6484
1045.044	6519.2
1045.172	6472
1045.300	6484.4
1045.428	6455.7
1045.556	6494.1
1045.684	6443.7
1045.811	6480.1
1045.939	6465.4
1046.067	6485.2
1046.195	6548.7
1046.323	6508.1
1046.451	6491.8
1046.578	6476.2
1046.706	6444.6
1046.834	6435.1
1046.962	6475.4
1047.090	6484.1
1047.218	6454.6
1047.345	6447.3
1047.473	6440.3
1047.601	6482
1047.729	6486.4
1047.857	6460.1
1047.985	6469.4
1048.112	6445.5
1048.240	6447.5
1048.368	6514.3
1048.496	6545.9
1048.624	6541.9
1048.752	6491.7
1048.879	6411.2
1049.007	6470.4
1049.135	6509.5
1049.263	6481.8
1049.391	6511.1
1049.519	6469.9
1049.646	6425.7
1049.774	6497.4
1049.902	6534.7
1050.030	6565.5
1050.158	6496.6
1050.286	6480.5
1050.413	6493.2
1050.541	6465.2
1050.669	6460
1050.797	6459
1050.925	6487.1
1051.053	6515.1
1051.180	6482.3
1051.308	6472.3
1051.436	6513.8
1051.564	6484.9
1051.692	6440.1
1051.820	6441.1
1051.947	6405.9
1052.075	6473.4
1052.203	6519.8
1052.331	6504.5
1052.459	6465.6
1052.587	6451.3
1052.714	6458.6
1052.842	6496.1
1052.970	6493.5
1053.098	6492.1
1053.226	6519.5
1053.354	6527.4
1053.482	6423.6
1053.609	6472.5
1053.737	6528.9
1053.865	6445.1
1053.993	6500.9
1054.121	6499.3
1054.249	6542.3
1054.376	6506.6
1054.504	6494.2
1054.632	6461.4
1054.760	6522.7
1054.888	6505.4
1055.016	6520.8
1055.143	6515
1055.271	6495.8
1055.399	6449.3
1055.527	6435.8
1055.655	6454.9
1055.783	6520.3
1055.910	6577.8
1056.038	6479.8
1056.166	6501.4
1056.294	6539.8
1056.422	6505
1056.550	6451.7
1056.677	6465.9
1056.805	6493.6
1056.933	6508.1
1057.061	6454.2
1057.189	6510.4
1057.317	6511.3
1057.444	6524.6
1057.572	6485
1057.700	6504
1057.828	6490
1057.956	6472.5
1058.084	6487.4
1058.211	6436.2
1058.339	6481.4
1058.467	6482.9
1058.595	6477
1058.723	6519.8
1058.851	6461.9
1058.978	6495.3
1059.106	6493.8
1059.234	6492.9
1059.362	6481.8
1059.490	6471.5
1059.618	6485.6
1059.745	6512.3
1059.873	6498.9
1060.001	6489.6
1060.129	6497.4
1060.257	6482.8
1060.385	6460.7
1060.512	6494.1
1060.640	6502.7
1060.768	6486.4
1060.896	6497.3
1061.024	6493.8
1061.152	6538.5
1061.280	6507.1
1061.407	6494.2
1061.535	6518.5
1061.663	6499.7
1061.791	6480.2
1061.919	6524.3
1062.047	6492.2
1062.174	6521.5
1062.302	6482.4
1062.430	6454
1062.558	6439.9
1062.686	6461.6
1062.814	6441.9
1062.941	6526.4
1063.069	6492
1063.197	6483
1063.325	6558.8
1063.453	6521.8
1063.581	6522.6
1063.708	6477.1
1063.836	6486.3
1063.964	6458.5
1064.092	6486.8
1064.220	6498.2
1064.348	6556.6
1064.475	6539.3
1064.603	6507.2
1064.731	6495.6
1064.859	6475.7
1064.987	6512.5
1065.115	6491.9
1065.242	6491.3
1065.370	6501.2
1065.498	6498.3
1065.626	6519
1065.754	6566.3
1065.882	6525.6
1066.009	6480
1066.137	6495.3
1066.265	6484.4
1066.393	6471.5
1066.521	6456.5
1066.649	6418.2
1066.776	6493.6
1066.904	6537.9
1067.032	6501.1
1067.160	6534.9
1067.288	6495.6
1067.416	6459.5
1067.543	6495.5
1067.671	6480
1067.799	6537.1
1067.927	6558.5
1068.055	6560.4
1068.183	6481.8
1068.310	6528.5
1068.438	6492.2
1068.566	6433.1
1068.694	6542.3
1068.822	6451
1068.950	6483
1069.077	6500.3
1069.205	6456.9
1069.333	6580
1069.461	6553.7
1069.589	6608.3
1069.717	6548.3
1069.845	6488.3
1069.972	6505.9
1070.100	6499.8
1070.228	6488.5
1070.356	6442.7
1070.484	6471.3
1070.612	6503.1
1070.739	6454.8
1070.867	6488
1070.995	6567.8
1071.123	6596.3
1071.251	6557.5
1071.379	6571.2
1071.506	6499.6
1071.634	6523.1
1071.762	6518.5
1071.890	6502.1
1072.018	6473.8
1072.146	6464
1072.273	6488.8
1072.401	6494.7
1072.529	6505.1
1072.657	6503.7
1072.785	6495.7
1072.913	6496.8
1073.040	6507.3
1073.168	6503.5
1073.296	6511.4
1073.424	6529.5
1073.552	6466.1
1073.680	6489.7
1073.807	6505.6
1073.935	6475.4
1074.063	6478
1074.191	6514.2
1074.319	6565.3
1074.447	6510.1
1074.574	6549.4
1074.702	6481.6
1074.830	6516.4
1074.958	6562.8
1075.086	6526.9
1075.214	6504.5
1075.341	6481.6
1075.469	6545
1075.597	6481.7
1075.725	6495.9
1075.853	6498.8
1075.981	6557.4
1076.108	6579.2
1076.236	6459.7
1076.364	6493.9
1076.492	6638.2
1076.620	6565
1076.748	6580.1
1076.875	6604.1
1077.003	6494.5
1077.131	6537.1
1077.259	6595
1077.387	6561.8
1077.515	6566.5
1077.643	6532.9
1077.770	6546.7
1077.898	6559.7
1078.026	6539.2
1078.154	6571
1078.282	6536.4
1078.410	6544
1078.537	6512.1
1078.665	6539.4
1078.793	6571.9
1078.921	6462
1079.049	6547.7
1079.177	6528.2
1079.304	6540.7
1079.432	6572.8
1079.560	6526.4
1079.688	6521.1
1079.816	6515.9
1079.944	6531.2
1080.071	6589.1
1080.199	6534.4
1080.327	6480.3
1080.455	6506
1080.583	6554.5
1080.711	6565.4
1080.838	6568.6
1080.966	6536.3
1081.094	6514
1081.222	6517.7
1081.350	6576.9
1081.478	6586.5
1081.605	6572.8
1081.733	6538
1081.861	6483.4
1081.989	6495.6
1082.117	6529
1082.245	6536.4
1082.372	6532.2
1082.500	6533.3
1082.628	6522.4
1082.756	6530
1082.884	6588
1083.012	6651.8
1083.139	6618.5
1083.267	6559.6
1083.395	6552
1083.523	6553.4
1083.651	6496
1083.779	6497
1083.906	6491.7
1084.034	6505
1084.162	6557.9
1084.290	6535.9
1084.418	6519.8
1084.546	6491
1084.673	6521.3
1084.801	6568.6
1084.929	6608
1085.057	6513.9
1085.185	6540.5
1085.313	6623.7
1085.441	6554.2
1085.568	6585.6
1085.696	6628.2
1085.824	6591.4
1085.952	6538.2
1086.080	6581.4
1086.208	6560.3
1086.335	6507
1086.463	6533.9
1086.591	6641.7
1086.719	6587.7
1086.847	6574.7
1086.975	6568.1
1087.102	6574.3
1087.230	6555.5
1087.358	6579.7
1087.486	6519.5
1087.614	6622.6
1087.742	6536.4
1087.869	6569.6
1087.997	6588
1088.125	6526.5
1088.253	6571.7
1088.381	6538
1088.509	6659.3
1088.636	6533.9
1088.764	6540.4
1088.892	6537.5
1089.020	6583.3
1089.148	6628.3
1089.276	6622.8
1089.403	6625.3
1089.531	6520.4
1089.659	6591.7
1089.787	6607.7
1089.915	6571.6
1090.043	6562.1
1090.170	6595.2
1090.298	6580.5
1090.426	6548
1090.554	6587.4
1090.682	6595.5
1090.810	6563.4
1090.937	6561
1091.065	6549.1
1091.193	6622.7
1091.321	6609.3
1091.449	6623.5
1091.577	6523.5
1091.704	6593.3
1091.832	6574.4
1091.960	6573.8
1092.088	6532.5
1092.216	6593.2
1092.344	6607.6
1092.471	6504.7
1092.599	6535.1
1092.727	6552.4
1092.855	6454.2
1092.983	6495.4
1093.111	6612.4
1093.239	6626.2
1093.366	6586.6
1093.494	6584.4
1093.622	6558
1093.750	6551.7
1093.878	6580.1
1094.006	6544.7
1094.133	6647.4
1094.261	6638.1
1094.389	6554.3
1094.517	6608.9
1094.645	6621.9
1094.773	6563.1
1094.900	6586.5
1095.028	6508
1095.156	6653
1095.284	6580.5
1095.412	6511.3
1095.540	6642.3
1095.667	6604.6
1095.795	6643
1095.923	6600.9
1096.051	6612.1
1096.179	6477.7
1096.307	6640.1
1096.434	6595.3
1096.562	6547.5
1096.690	6620.1
1096.818	6668.6
1096.946	6639.5
1097.074	6635.5
1097.201	6644.5
1097.329	6569.7
1097.457	6685.7
1097.585	6535.1
1097.713	6651.9
1097.841	6625.7
1097.968	6547.4
1098.096	6624.4
1098.224	6646.1
1098.352	6579.5
1098.480	6576.1
1098.608	6502.6
1098.735	6696.8
1098.863	6613.4
1098.991	6583.5
1099.119	6552.1
1099.247	6656.7
1099.375	6574.8
1099.502	6519.3
1099.630	6550.8
1099.758	6590.5
1099.886	6562.4
1100.014	6576.3
