276.020	147821
276.178	147431
276.337	147578
276.495	147547
276.653	147409
276.812	147637
276.970	147886
277.129	147665
277.287	147440
277.445	147588
277.604	147723
277.762	147755
277.920	147655
278.079	147636
278.237	147503
278.395	147687
278.554	147701
278.712	147670
278.870	147905
279.029	147940
279.187	147743
279.345	147487
279.503	147696
279.662	147866
279.820	147675
279.978	147800
280.136	147555
280.294	147889
280.453	147335
280.611	147651
280.769	147557
280.927	147698
281.085	147622
281.244	147513
281.402	147663
281.560	147892
281.718	147745
281.876	147690
282.034	147525
282.192	147649
282.350	147822
282.509	147948
282.667	147718
282.825	147704
282.983	147697
283.141	147519
283.299	147578
283.457	147586
283.615	147550
283.773	147859
283.931	147908
284.089	147556
284.247	147208
284.405	147727
284.563	147715
284.721	147709
284.879	147842
285.037	147820
285.195	147934
285.353	147517
285.511	147719
285.669	147690
285.827	147416
285.985	147746
286.142	147641
286.300	147915
286.458	147457
286.616	147586
286.774	147574
286.932	147673
287.090	147873
287.247	147733
287.405	147889
287.563	147983
287.721	147572
287.879	147619
288.037	147683
288.194	147775
288.352	147597
288.510	147777
288.668	148161
288.825	147689
288.983	147803
289.141	147346
289.299	147718
289.456	147524
289.614	147528
289.772	147786
289.930	147618
290.087	147631
290.245	147663
290.403	147659
290.560	147682
290.718	147894
290.876	147676
291.033	147652
291.191	147813
291.348	147875
291.506	147736
291.664	147643
291.821	147778
291.979	147639
292.136	147623
292.294	147968
292.452	147825
292.609	147770
292.767	147657
292.924	147705
293.082	147752
293.239	147876
293.397	147653
293.554	147889
293.712	147744
293.869	147770
294.027	147775
294.184	147687
294.342	147912
294.499	147670
294.657	147443
294.814	147962
294.971	147950
295.129	147854
295.286	147572
295.444	147755
295.601	147752
295.758	147978
295.916	147674
296.073	147764
296.231	147732
296.388	147947
296.545	147808
296.703	147792
296.860	147639
297.017	147853
297.175	147445
297.332	147719
297.489	147704
297.646	147663
297.804	147545
297.961	147692
298.118	147933
298.275	147996
298.433	147789
298.590	147857
298.747	147682
298.904	147817
299.062	147702
299.219	147692
299.376	147662
299.533	147616
299.690	147746
299.848	147742
300.005	147823
300.162	147796
300.319	147828
300.476	147885
300.633	147813
300.790	147902
300.948	147692
301.105	147590
301.262	147776
301.419	147784
301.576	147682
301.733	147970
301.890	147890
302.047	147772
302.204	147824
302.361	147559
302.518	147843
302.675	147793
302.832	147605
302.989	147782
303.146	147813
303.303	147558
303.460	147722
303.617	147575
303.774	147865
303.931	147838
304.088	147664
304.245	147652
304.402	147802
304.559	147690
304.716	147749
304.873	147453
305.029	147755
305.186	147974
305.343	147686
305.500	147771
305.657	147733
305.814	147765
305.971	147500
306.127	147569
306.284	147709
306.441	147834
306.598	147577
306.755	147702
306.911	147596
307.068	147508
307.225	147603
307.382	147875
307.539	147407
307.695	147731
307.852	147636
308.009	147671
308.165	147896
308.322	147561
308.479	147498
308.636	147723
308.792	147540
308.949	147833
309.106	147844
309.262	147445
309.419	147831
309.576	147912
309.732	147965
309.889	147614
310.045	147865
310.202	147872
310.359	147632
310.515	148047
310.672	147680
310.828	147982
310.985	147778
311.142	147959
311.298	147419
311.455	147803
311.611	147737
311.768	147856
311.924	147783
312.081	147850
312.237	147486
312.394	147727
312.550	148051
312.707	147664
312.863	147899
313.020	147757
313.176	147656
313.333	147923
313.489	147522
313.645	147798
313.802	147523
313.958	147661
314.115	147815
314.271	147772
314.427	147720
314.584	147613
314.740	147714
314.897	147686
315.053	147636
315.209	148045
315.366	147742
315.522	147945
315.678	147716
315.835	147800
315.991	147899
316.147	147929
316.303	147846
316.460	147601
316.616	147874
316.772	147639
316.929	147881
317.085	147946
317.241	147754
317.397	147565
317.553	147272
317.710	147852
317.866	148013
318.022	147902
318.178	147893
318.334	147866
318.491	147915
318.647	148041
318.803	147890
318.959	147345
319.115	147675
319.271	147912
319.427	147569
319.584	147883
319.740	147715
319.896	147666
320.052	147854
320.208	148099
320.364	147817
320.520	147572
320.676	147678
320.832	147678
320.988	147797
321.144	147748
321.300	147990
321.456	147897
321.612	147704
321.768	147520
321.924	147592
322.080	147886
322.236	147793
322.392	147811
322.548	147822
322.704	147759
322.860	147594
323.016	147516
323.172	147898
323.328	147625
323.484	147573
323.639	147879
323.795	147623
323.951	147963
324.107	147580
324.263	147706
324.419	147838
324.575	147933
324.730	147772
324.886	147851
325.042	147902
325.198	148001
325.354	147592
325.509	148193
325.665	147732
325.821	147765
325.977	147816
326.132	147795
326.288	148054
326.444	147856
326.600	147446
326.755	147725
326.911	147670
327.067	147706
327.223	147978
327.378	147969
327.534	147819
327.690	147974
327.845	147723
328.001	147613
328.157	147813
328.312	147990
328.468	147773
328.623	147560
328.779	147808
328.935	147643
329.090	147619
329.246	147824
329.401	147745
329.557	147745
329.713	147754
329.868	148209
330.024	147975
330.179	147839
330.335	147947
330.490	147726
330.646	147668
330.801	147823
330.957	147540
331.112	147688
331.268	147867
331.423	147751
331.579	148022
331.734	147784
331.890	147631
332.045	147792
332.200	147694
332.356	147951
332.511	147941
332.667	147910
332.822	147808
332.977	147810
333.133	147941
333.288	147937
333.444	147758
333.599	147747
333.754	147896
333.910	147810
334.065	147447
334.220	147960
334.376	147706
334.531	147721
334.686	147965
334.841	147890
334.997	147496
335.152	147589
335.307	147884
335.462	147721
335.618	147715
335.773	147677
335.928	147617
336.083	147899
336.239	147834
336.394	148017
336.549	147509
336.704	147805
336.859	147813
337.014	147627
337.170	147716
337.325	147991
337.480	147875
337.635	147718
337.790	147718
337.945	148004
338.100	147865
338.256	147737
338.411	147735
338.566	147994
338.721	147721
338.876	147824
339.031	147599
339.186	147751
339.341	147658
339.496	147640
339.651	147751
339.806	147919
339.961	147848
340.116	147834
340.271	147524
340.426	147633
340.581	147695
340.736	147991
340.891	147594
341.046	147977
341.201	147738
341.356	147932
341.511	147450
341.666	148051
341.820	147636
341.975	147823
342.130	147857
342.285	147640
342.440	147873
342.595	147667
342.750	147691
342.905	147656
343.059	147776
343.214	147764
343.369	147656
343.524	147789
343.679	147633
343.833	148282
343.988	147856
344.143	147578
344.298	147703
344.453	148000
344.607	147830
344.762	147674
344.917	147751
345.072	147852
345.226	147909
345.381	147784
345.536	148054
345.690	147938
345.845	147816
346.000	147629
346.154	147769
346.309	147962
346.464	147786
346.618	147922
346.773	147945
346.928	147803
347.082	147650
347.237	147698
347.391	147758
347.546	147751
347.701	147907
347.855	147670
348.010	147571
348.164	147758
348.319	147793
348.473	148235
348.628	147833
348.783	147874
348.937	147621
349.092	147679
349.246	147727
349.401	147848
349.555	147893
349.710	147590
349.864	147617
350.018	148043
350.173	147772
350.327	147731
350.482	147662
350.636	147838
350.791	147917
350.945	148079
351.099	148009
351.254	148048
351.408	147861
351.563	147752
351.717	147644
351.871	148132
352.026	147661
352.180	147615
352.334	147607
352.489	147757
352.643	147983
352.797	148166
352.952	147690
353.106	148029
353.260	147723
353.414	147845
353.569	147669
353.723	147758
353.877	148042
354.031	147695
354.186	147804
354.340	147744
354.494	147779
354.648	147759
354.803	147900
354.957	147561
355.111	147937
355.265	147752
355.419	147522
355.573	147985
355.728	147927
355.882	147698
356.036	147976
356.190	147929
356.344	147775
356.498	147463
356.652	148045
356.806	147799
356.960	147857
357.115	147816
357.269	147714
357.423	147829
357.577	147808
357.731	147765
357.885	147788
358.039	148040
358.193	148007
358.347	147929
358.501	147826
358.655	147904
358.809	147712
358.963	147945
359.117	148008
359.271	147648
359.425	147824
359.579	148125
359.732	147761
359.886	147585
360.040	147650
360.194	147679
360.348	147851
360.502	147766
360.656	147680
360.810	147645
360.964	147799
361.117	147800
361.271	147463
361.425	147816
361.579	147776
361.733	147834
361.887	147588
362.040	147827
362.194	148035
362.348	147682
362.502	148014
362.656	147843
362.809	147843
362.963	147956
363.117	147765
363.271	147921
363.424	147882
363.578	147870
363.732	147803
363.885	147907
364.039	147865
364.193	147633
364.346	147821
364.500	147490
364.654	148101
364.807	147744
364.961	147794
365.115	147758
365.268	147643
365.422	147905
365.576	147809
365.729	147815
365.883	147780
366.036	148013
366.190	147590
366.344	147777
366.497	147918
366.651	147858
366.804	147828
366.958	147704
367.111	147911
367.265	147753
367.418	147964
367.572	147671
367.725	147724
367.879	147895
368.032	147891
368.186	147615
368.339	147630
368.493	148004
368.646	147910
368.799	147798
368.953	147905
369.106	147933
369.260	147718
369.413	147882
369.567	147961
369.720	147848
369.873	147525
370.027	147783
370.180	148069
370.333	147921
370.487	147691
370.640	148129
370.793	147781
370.947	147841
371.100	147736
371.253	147712
371.407	147545
371.560	148161
371.713	147701
371.866	147750
372.020	147995
372.173	147943
372.326	147749
372.479	147793
372.633	148062
372.786	147971
372.939	147765
373.092	147525
373.245	148039
373.399	147882
373.552	147901
373.705	147757
373.858	147711
374.011	148235
374.164	148134
374.318	148010
374.471	147975
374.624	147852
374.777	147684
374.930	147758
375.083	147805
375.236	148198
375.389	147889
375.542	147781
375.695	147857
375.848	148152
376.001	148000
376.154	147917
376.307	147849
376.460	147956
376.613	147918
376.766	148183
376.919	147925
377.072	148035
377.225	147774
377.378	147970
377.531	147988
377.684	148034
377.837	148107
377.990	148054
378.143	148124
378.296	147839
378.449	147852
378.602	147803
378.755	147922
378.908	147877
379.060	147861
379.213	148121
379.366	148056
379.519	147965
379.672	148136
379.825	148032
379.977	148194
380.130	148325
380.283	147926
380.436	148094
380.589	148193
380.741	147943
380.894	148111
381.047	148143
381.200	147967
381.352	148064
381.505	148003
381.658	148191
381.811	148009
381.963	148036
382.116	147973
382.269	148199
382.421	148239
382.574	148087
382.727	148335
382.879	148260
383.032	148013
383.185	148084
383.337	148204
383.490	148224
383.643	148391
383.795	148009
383.948	148318
384.100	147948
384.253	148235
384.406	148347
384.558	148206
384.711	148290
384.863	148233
385.016	148478
385.168	148362
385.321	148647
385.473	148495
385.626	148321
385.778	148207
385.931	148425
386.083	148321
386.236	148429
386.388	148567
386.541	148591
386.693	148533
386.846	148424
386.998	148488
387.151	148707
387.303	148436
387.455	148736
387.608	148626
387.760	148561
387.913	148433
388.065	148493
388.217	148370
388.370	148634
388.522	148692
388.674	148725
388.827	148621
388.979	148727
389.131	148865
389.284	148410
389.436	148528
389.588	148597
389.740	148482
389.893	148742
390.045	148443
390.197	148500
390.349	148798
390.502	148670
390.654	148882
390.806	148708
390.958	148777
391.111	148682
391.263	148842
391.415	148815
391.567	148799
391.719	149247
391.871	149002
392.024	148927
392.176	148632
392.328	148890
392.480	148935
392.632	148720
392.784	148554
392.936	149039
393.089	148884
393.241	149013
393.393	148947
393.545	148832
393.697	149220
393.849	149031
394.001	149128
394.153	148988
394.305	148770
394.457	149158
394.609	148720
394.761	148847
394.913	149079
395.065	149200
395.217	149072
395.369	148997
395.521	149146
395.673	149030
395.825	148971
395.977	148995
396.129	148839
396.281	149369
396.433	149258
396.584	149139
396.736	149053
396.888	149029
397.040	149032
397.192	149431
397.344	149162
397.496	148996
397.647	149221
397.799	149381
397.951	149211
398.103	149112
398.255	149701
398.407	149452
398.558	149156
398.710	149314
398.862	149667
399.014	149363
399.165	149715
399.317	149620
399.469	149487
399.621	149269
399.772	149262
399.924	149578
400.076	149568
400.228	149400
400.379	149463
400.531	149536
400.683	149823
400.834	149525
400.986	149647
401.138	149497
401.289	149453
401.441	149545
401.592	149789
401.744	149773
401.896	149746
402.047	149582
402.199	149355
402.350	149627
402.502	149687
402.654	149793
402.805	149830
402.957	149931
403.108	149539
403.260	149988
403.411	149864
403.563	150055
403.714	150015
403.866	149966
404.017	149809
404.169	149777
404.320	149812
404.472	149977
404.623	149942
404.775	149858
404.926	150289
405.078	150285
405.229	150133
405.380	150148
405.532	150257
405.683	149996
405.835	150262
405.986	150140
406.137	149997
406.289	149964
406.440	149918
406.591	150159
406.743	150265
406.894	150153
407.045	150143
407.197	150424
407.348	150238
407.499	150666
407.651	150624
407.802	150403
407.953	150424
408.104	150592
408.256	150490
408.407	150342
408.558	150363
408.709	150342
408.861	150282
409.012	150367
409.163	150814
409.314	150665
409.465	150482
409.617	150650
409.768	150676
409.919	151135
410.070	150825
410.221	150747
410.372	150849
410.524	151058
410.675	150654
410.826	150839
410.977	150831
411.128	150834
411.279	150773
411.430	150941
411.581	150956
411.732	151140
411.883	151033
412.034	151114
412.185	151123
412.336	151077
412.487	151177
412.638	151012
412.789	151020
412.940	150968
413.091	150840
413.242	151172
413.393	150912
413.544	151466
413.695	151169
413.846	151280
413.997	151188
414.148	151402
414.299	151440
414.450	151363
414.601	151718
414.752	151293
414.903	151712
415.053	151625
415.204	151528
415.355	151895
415.506	151487
415.657	151651
415.808	151836
415.959	151904
416.109	151623
416.260	151868
416.411	151689
416.562	151663
416.713	151893
416.863	151759
417.014	151850
417.165	151504
417.316	151810
417.466	151920
417.617	151811
417.768	151969
417.919	151836
418.069	151962
418.220	152002
418.371	151881
418.521	152458
418.672	152130
418.823	151983
418.973	152108
419.124	151836
419.275	152204
419.425	152142
419.576	152248
419.726	152097
419.877	152335
420.028	152234
420.178	152520
420.329	152238
420.479	152446
420.630	152277
420.781	152765
420.931	152418
421.082	152794
421.232	152882
421.383	152748
421.533	152491
421.684	152661
421.834	152638
421.985	152703
422.135	152572
422.286	152583
422.436	152778
422.587	153211
422.737	152867
422.887	152614
423.038	152976
423.188	152999
423.339	153184
423.489	153337
423.640	153017
423.790	153372
423.940	153118
424.091	153130
424.241	153184
424.391	153193
424.542	152972
424.692	152942
424.842	153154
424.993	153268
425.143	153384
425.293	153400
425.444	153587
425.594	153885
425.744	153710
425.894	153632
426.045	153990
426.195	153844
426.345	153974
426.495	153782
426.646	153790
426.796	154117
426.946	153900
427.096	153860
427.247	153659
427.397	154233
427.547	153823
427.697	154094
427.847	153681
427.997	154088
428.148	154219
428.298	154030
428.448	154522
428.598	154666
428.748	154364
428.898	154535
429.048	154654
429.198	154665
429.348	154606
429.498	154370
429.649	154379
429.799	154127
429.949	154461
430.099	154224
430.249	154279
430.399	154417
430.549	154499
430.699	154699
430.849	154499
430.999	154660
431.149	155055
431.299	155036
431.449	155277
431.599	155245
431.749	155265
431.898	155180
432.048	155332
432.198	155443
432.348	155238
432.498	155682
432.648	155141
432.798	155159
432.948	155358
433.098	155144
433.247	155482
433.397	155554
433.547	155555
433.697	155780
433.847	155795
433.997	155826
434.146	155503
434.296	155825
434.446	155769
434.596	156121
434.746	155786
434.895	155521
435.045	155321
435.195	155526
435.345	155370
435.494	155517
435.644	155631
435.794	155425
435.944	155534
436.093	155771
436.243	156058
436.393	156403
436.542	156124
436.692	156178
436.842	156534
436.991	156748
437.141	156430
437.290	156779
437.440	156772
437.590	156960
437.739	156873
437.889	156869
438.039	156853
438.188	157047
438.338	156724
438.487	157071
438.637	156848
438.786	157217
438.936	157248
439.085	157363
439.235	157330
439.384	157408
439.534	157405
439.683	157154
439.833	157184
439.982	157310
440.132	156946
440.281	156917
440.431	156852
440.580	157155
440.730	157015
440.879	157158
441.029	156937
441.178	156924
441.327	157191
441.477	157437
441.626	157429
441.776	157865
441.925	157367
442.074	157842
442.224	157604
442.373	157767
442.522	157841
442.672	157703
442.821	158278
442.970	158035
443.120	157867
443.269	158034
443.418	157983
443.567	158511
443.717	158645
443.866	158499
444.015	158547
444.164	158753
444.314	159091
444.463	159116
444.612	159209
444.761	159179
444.911	159229
445.060	159100
445.209	158903
445.358	158963
445.507	158872
445.656	158738
445.806	158430
445.955	158428
446.104	158344
446.253	158504
446.402	158801
446.551	158717
446.700	158990
446.849	159417
446.999	159526
447.148	159632
447.297	159721
447.446	159577
447.595	159685
447.744	159670
447.893	159577
448.042	159875
448.191	159584
448.340	159345
448.489	159316
448.638	159124
448.787	159066
448.936	159301
449.085	159454
449.234	160171
449.383	159885
449.532	160227
449.681	160375
449.830	160756
449.978	161187
450.127	161109
450.276	160869
450.425	161297
450.574	161521
450.723	161383
450.872	161139
451.021	161252
451.170	161087
451.318	160848
451.467	160974
451.616	160365
451.765	160258
451.914	160336
452.062	160372
452.211	160448
452.360	160022
452.509	160381
452.658	160819
452.806	160846
452.955	161210
453.104	161807
453.253	161850
453.401	161752
453.550	162497
453.699	162490
453.847	162284
453.996	162552
454.145	162844
454.293	162794
454.442	162834
454.591	162252
454.739	162097
454.888	162284
455.037	161814
455.185	162201
455.334	162390
455.482	162178
455.631	162528
455.780	162113
455.928	162745
456.077	163097
456.225	162861
456.374	163391
456.522	163796
456.671	164163
456.820	164226
456.968	163927
457.117	163901
457.265	164048
457.414	164207
457.562	163851
457.711	163520
457.859	163496
458.007	163269
458.156	163097
458.304	162646
458.453	162518
458.601	162205
458.750	162529
458.898	162608
459.047	162139
459.195	162369
459.343	163126
459.492	163243
459.640	163549
459.788	163893
459.937	164476
460.085	164746
460.233	165469
460.382	165688
460.530	166124
460.678	166355
460.827	167161
460.975	167112
461.123	167025
461.272	166627
461.420	166680
461.568	166463
461.716	166292
461.865	165544
462.013	165404
462.161	164827
462.309	164477
462.457	164541
462.606	164030
462.754	163641
462.902	163797
463.050	163381
463.198	164465
463.347	164602
463.495	164823
463.643	164737
463.791	165509
463.939	165976
464.087	166074
464.235	166515
464.383	166418
464.532	167250
464.680	167500
464.828	167451
464.976	167824
465.124	167609
465.272	167254
465.420	167326
465.568	167339
465.716	167388
465.864	166769
466.012	166491
466.160	166330
466.308	166508
466.456	165791
466.604	166183
466.752	166271
466.900	166205
467.048	166104
467.196	166585
467.344	166707
467.492	166266
467.640	167105
467.787	167429
467.935	167814
468.083	167864
468.231	168222
468.379	168582
468.527	168997
468.675	168719
468.823	168650
468.970	169289
469.118	168764
469.266	168443
469.414	168730
469.562	168341
469.709	167979
469.857	168220
470.005	167827
470.153	167886
470.301	167852
470.448	167727
470.596	168089
470.744	167654
470.892	168013
471.039	167517
471.187	167430
471.335	167644
471.482	167829
471.630	168529
471.778	168452
471.925	168253
472.073	168924
472.221	169108
472.368	169180
472.516	169646
472.664	169765
472.811	170429
472.959	170213
473.107	170360
473.254	170478
473.402	170490
473.549	170008
473.697	170205
473.844	170143
473.992	169589
474.140	169310
474.287	169729
474.435	169546
474.582	169524
474.730	169180
474.877	169125
475.025	169220
475.172	169152
475.320	169073
475.467	169355
475.615	169155
475.762	169168
475.909	169547
476.057	169673
476.204	169527
476.352	169683
476.499	170212
476.647	170015
476.794	169801
476.941	170260
477.089	170523
477.236	170567
477.383	170857
477.531	170559
477.678	171243
477.825	171507
477.973	171493
478.120	171553
478.267	171961
478.415	171620
478.562	172037
478.709	171845
478.857	172257
479.004	171774
479.151	172116
479.298	172011
479.446	171697
479.593	171884
479.740	171650
479.887	171925
480.034	172206
480.182	171667
480.329	172072
480.476	171964
480.623	172134
480.770	172185
480.918	172283
481.065	172291
481.212	172293
481.359	172128
481.506	172459
481.653	171775
481.800	171573
481.947	172145
482.094	171804
482.242	171823
482.389	172029
482.536	172065
482.683	172000
482.830	172005
482.977	172332
483.124	172263
483.271	172562
483.418	172832
483.565	173110
483.712	173051
483.859	173289
484.006	173480
484.153	173931
484.300	174045
484.447	174514
484.594	173939
484.741	174572
484.888	174466
485.035	174612
485.181	174311
485.328	174172
485.475	174412
485.622	174234
485.769	174362
485.916	174481
486.063	174626
486.210	174312
486.356	174638
486.503	174348
486.650	174778
486.797	174604
486.944	174766
487.091	174982
487.237	175481
487.384	174946
487.531	175606
487.678	175329
487.825	175802
487.971	175474
488.118	175803
488.265	175593
488.411	175841
488.558	175733
488.705	176091
488.852	175679
488.998	175942
489.145	175448
489.292	175464
489.438	175778
489.585	176236
489.732	175959
489.878	175729
490.025	176077
490.172	175610
490.318	176237
490.465	175734
490.611	175600
490.758	175747
490.905	176212
491.051	175757
491.198	175918
491.344	175988
491.491	175718
491.637	175779
491.784	175944
491.930	175749
492.077	175745
492.224	176336
492.370	175656
492.517	176152
492.663	175846
492.809	176065
492.956	175927
493.102	176235
493.249	176187
493.395	176305
493.542	175902
493.688	176492
493.835	176631
493.981	176576
494.127	176553
494.274	176508
494.420	176678
494.567	177030
494.713	176345
494.859	176518
495.006	176491
495.152	176560
495.298	177085
495.445	176293
495.591	176579
495.737	176274
495.884	176413
496.030	176016
496.176	176130
496.322	176523
496.469	176108
496.615	176034
496.761	176074
496.907	176357
497.054	176465
497.200	176265
497.346	176032
497.492	175997
497.639	176511
497.785	176376
497.931	176268
498.077	176546
498.223	176852
498.369	176899
498.516	176678
498.662	176406
498.808	176845
498.954	176318
499.100	176617
499.246	176501
499.392	176424
499.538	176513
499.684	176284
499.831	176402
499.977	176187
500.123	175643
500.269	175452
500.415	175175
500.561	175107
500.707	174891
500.853	174844
500.999	174662
501.145	174510
501.291	174363
501.437	174078
501.583	174152
501.729	173879
501.875	173920
502.021	173881
502.167	173733
502.312	173676
502.458	173816
502.604	173577
502.750	173515
502.896	173373
503.042	173693
503.188	173558
503.334	173008
503.480	173383
503.625	172558
503.771	172946
503.917	172282
504.063	172667
504.209	172090
504.355	171845
504.500	171407
504.646	171476
504.792	171034
504.938	171075
505.084	170218
505.229	170560
505.375	170113
505.521	170386
505.667	170228
505.812	169875
505.958	169933
506.104	169458
506.249	169528
506.395	169175
506.541	168860
506.686	169190
506.832	168969
506.978	168871
507.123	168759
507.269	168385
507.415	168401
507.560	168174
507.706	168374
507.852	168259
507.997	167702
508.143	167951
508.288	168031
508.434	168010
508.580	167894
508.725	167524
508.871	167079
509.016	167399
509.162	167237
509.307	167302
509.453	167041
509.598	167252
509.744	167269
509.889	167208
510.035	166949
510.180	166881
510.326	166797
510.471	166450
510.617	166633
510.762	166712
510.908	166926
511.053	166956
511.198	166744
511.344	166827
511.489	166530
511.635	166889
511.780	166623
511.925	167013
512.071	166796
512.216	166694
512.361	166784
512.507	167134
512.652	166733
512.797	166965
512.943	167243
513.088	166987
513.233	167080
513.379	166963
513.524	166992
513.669	166614
513.814	167025
513.960	167084
514.105	166678
514.250	166883
514.395	166980
514.541	167220
514.686	167063
514.831	167160
514.976	167030
515.121	166624
515.267	167255
515.412	166762
515.557	167044
515.702	167224
515.847	167289
515.992	167073
516.138	167034
516.283	167196
516.428	167213
516.573	167298
516.718	166825
516.863	166701
517.008	166714
517.153	167151
517.298	167090
517.443	166965
517.588	166976
517.733	166655
517.878	166726
518.023	167051
518.169	166990
518.314	166832
518.459	166995
518.603	166840
518.670	167279
518.821	166841
518.972	166900
519.122	166745
519.273	166929
519.424	166697
519.575	167056
519.726	167147
519.877	167012
520.027	167046
520.178	167014
520.329	166933
520.480	166992
520.630	166765
520.781	167013
520.932	166799
521.083	166532
521.233	166596
521.384	166641
521.535	166710
521.685	166497
521.836	166621
521.987	167010
522.137	166604
522.288	166658
522.439	166737
522.589	166667
522.740	166516
522.891	166463
523.041	166675
523.192	166509
523.342	166555
523.493	166460
523.644	166360
523.794	166471
523.945	166246
524.095	166850
524.246	166509
524.396	166232
524.547	166260
524.697	166794
524.848	166563
524.998	166185
525.149	166869
525.299	166568
525.450	166314
525.600	166323
525.751	166312
525.901	166462
526.051	166596
526.202	166612
526.352	166414
526.503	166516
526.653	166574
526.803	166576
526.954	166203
527.104	166227
527.254	166509
527.405	166724
527.555	166468
527.705	166412
527.856	166463
528.006	166939
528.156	166781
528.306	166317
528.457	166531
528.607	165822
528.757	166242
528.907	166033
529.058	166585
529.208	166645
529.358	166678
529.508	166404
529.658	166333
529.809	166708
529.959	166526
530.109	166239
530.259	166274
530.409	166256
530.559	166505
530.710	167015
530.860	166343
531.010	166689
531.160	166758
531.310	166699
531.460	166632
531.610	166650
531.760	166556
531.910	166637
532.060	166494
532.210	166656
532.360	166782
532.510	166633
532.660	166899
532.810	167218
532.960	166794
533.110	166739
533.260	166698
533.410	167153
533.560	166902
533.710	166768
533.860	166589
534.010	166969
534.160	166915
534.310	167006
534.459	167245
534.609	167327
534.759	166913
534.909	167342
535.059	167252
535.209	167367
535.359	167156
535.508	167132
535.658	167482
535.808	167494
535.958	167322
536.108	167560
536.257	167533
536.407	167596
536.557	167686
536.707	167817
536.856	168000
537.006	168431
537.156	167640
537.305	168134
537.455	167964
537.605	167688
537.755	168216
537.904	168106
538.054	167999
538.203	168199
538.353	168349
538.503	168234
538.652	168324
538.802	168163
538.952	168590
539.101	168695
539.251	168358
539.400	168156
539.550	168284
539.699	168763
539.849	168413
539.999	168435
540.148	168513
540.298	168480
540.447	168441
540.597	168743
540.746	168889
540.896	168694
541.045	169051
541.194	168589
541.344	169155
541.493	168860
541.643	168640
541.792	168922
541.942	168964
542.091	168842
542.240	168825
542.390	168964
542.539	169018
542.689	168923
542.838	169190
542.987	169118
543.137	169492
543.286	168970
543.435	169966
543.584	169550
543.734	169808
543.883	169688
544.032	169976
544.182	169465
544.331	169938
544.480	170041
544.629	170112
544.779	170169
544.928	170487
545.077	170020
545.226	170383
545.375	170378
545.525	170736
545.674	170973
545.823	170801
545.972	170389
546.121	170880
546.270	171112
546.420	170962
546.569	171378
546.718	171380
546.867	171244
547.016	170783
547.165	171810
547.314	171362
547.463	171299
547.612	171414
547.761	172061
547.910	171637
548.059	171878
548.208	171630
548.357	172168
548.506	171695
548.655	171633
548.804	171556
548.953	171804
549.102	171971
549.251	171804
549.400	172005
549.549	172546
549.698	172578
549.847	171824
549.996	172483
550.145	172342
550.293	172828
550.442	172266
550.591	172319
550.740	172886
550.889	172721
551.038	172623
551.187	172902
551.335	173142
551.484	172884
551.633	173059
551.782	173149
551.931	173256
552.079	173173
552.228	173316
552.377	173087
552.526	173086
552.674	173419
552.823	173668
552.972	173792
553.120	173718
553.269	173572
553.418	173442
553.566	173430
553.715	174001
553.864	173641
554.012	173729
554.161	174284
554.310	173851
554.458	174092
554.607	174336
554.756	174216
554.904	174073
555.053	173861
555.201	174220
555.350	174324
555.498	174589
555.647	174419
555.795	174445
555.944	174853
556.092	174525
556.241	174407
556.389	175278
556.538	175099
556.686	175071
556.835	174599
556.983	174845
557.132	175392
557.280	175465
557.429	175095
557.577	175290
557.725	175589
557.874	175899
558.022	175399
558.171	175734
558.319	175394
558.467	175578
558.616	175634
558.764	175817
558.912	175498
559.061	176116
559.209	175965
559.357	175555
559.506	175937
559.654	175902
559.802	175726
559.950	176432
560.099	176147
560.247	176366
560.395	176432
560.543	176277
560.692	176646
560.840	176941
560.988	176374
561.136	177026
561.284	176857
561.433	176896
561.581	176951
561.729	176931
561.877	176913
562.025	177391
562.173	177554
562.321	177649
562.470	177493
562.618	177642
562.766	177375
562.914	177686
563.062	177658
563.210	178083
563.358	177839
563.506	178128
563.654	177946
563.802	178170
563.950	178862
564.098	178698
564.246	178334
564.394	178627
564.542	178230
564.690	178797
564.838	178717
564.986	179026
565.134	179132
565.282	178784
565.430	178868
565.578	179500
565.725	179094
565.873	179068
566.021	179158
566.169	179419
566.317	179498
566.465	179796
566.613	179783
566.760	179963
566.908	179852
567.056	180175
567.204	180064
567.352	180154
567.499	180272
567.647	180285
567.795	180848
567.943	181637
568.090	180755
568.238	181135
568.386	180730
568.534	181132
568.681	181109
568.829	180442
568.977	180650
569.124	180780
569.272	181159
569.420	181078
569.567	181414
569.715	182354
569.863	181483
570.010	181697
570.158	181635
570.305	181947
570.453	181955
570.601	181890
570.748	182019
570.896	181954
571.043	181831
571.191	182010
571.338	182433
571.486	182653
571.633	182371
571.781	182499
571.929	182141
572.076	182319
572.223	182756
572.371	182943
572.518	182634
572.666	182983
572.813	183175
572.961	183158
573.108	183136
573.256	182781
573.403	183285
573.550	183145
573.698	183486
573.845	184047
573.992	184082
574.140	183963
574.287	184052
574.435	184411
574.582	183982
574.729	184269
574.876	184176
575.024	184544
575.171	184744
575.318	184251
575.466	184493
575.613	184555
575.760	184609
575.907	184622
576.055	184328
576.202	185028
576.349	185811
576.496	185143
576.643	185171
576.791	185438
576.938	185723
577.085	185415
577.232	185746
577.379	185639
577.526	185990
577.674	185900
577.821	185927
577.968	186230
578.115	186225
578.262	186000
578.409	186715
578.556	186433
578.703	186677
578.850	186328
578.997	186770
579.144	186917
579.291	186994
579.438	186933
579.585	187019
579.732	187252
579.879	187775
580.026	188274
580.173	187902
580.320	188552
580.467	188007
580.614	188226
580.761	187735
580.908	188605
581.055	188209
581.202	189143
581.349	188679
581.496	188770
581.642	188999
581.789	189400
581.936	188730
582.083	189319
582.230	189224
582.377	189194
582.524	189913
582.670	189675
582.817	189668
582.964	189966
583.111	190041
583.257	190348
583.404	191147
583.551	190332
583.698	190307
583.844	190658
583.991	190707
584.138	190582
584.285	190715
584.431	191198
584.578	191509
584.725	191137
584.871	191508
585.018	191609
585.165	191706
585.311	191821
585.458	191737
585.604	192263
585.751	192605
585.898	192038
586.044	191737
586.191	192406
586.337	193044
586.484	192840
586.631	192445
586.777	193411
586.924	193692
587.070	192514
587.217	193399
587.363	193593
587.510	193027
587.656	193603
587.803	193292
587.949	193570
588.096	193201
588.242	193997
588.388	194298
588.535	193612
588.681	193365
588.828	194096
588.974	194566
589.120	194233
589.267	194305
589.413	196331
589.560	195409
589.706	194495
589.852	194786
589.999	195465
590.145	195232
590.291	195425
590.438	194460
590.584	195738
590.730	195476
590.876	195827
591.023	195767
591.169	196134
591.315	195888
591.461	195860
591.608	195886
591.754	196621
591.900	196349
592.046	196238
592.193	196877
592.339	197298
592.485	197213
592.631	196907
592.777	196622
592.923	197243
593.069	197900
593.216	197104
593.362	197211
593.508	197836
593.654	198710
593.800	197926
593.946	198224
594.092	198173
594.238	198387
594.384	198405
594.530	198600
594.676	199144
594.822	198929
594.968	198178
595.114	198576
595.260	199294
595.406	199269
595.552	199166
595.698	199946
595.844	199276
595.990	200354
596.136	199744
596.282	200094
596.428	199746
596.574	200439
596.720	201026
596.866	200241
597.012	200670
597.157	200736
597.303	200204
597.449	200712
597.595	201101
597.741	201080
597.887	201477
598.032	201646
598.178	201319
598.324	201652
598.470	201697
598.616	202661
598.761	201590
598.907	202699
599.053	202061
599.199	202517
599.344	202541
599.490	202338
599.636	203265
599.781	203024
599.927	203053
600.073	203358
600.219	203585
600.364	203051
600.510	203499
600.655	203956
600.801	204555
600.947	204164
601.092	203817
601.238	204475
601.384	204399
601.529	204369
601.675	204423
601.820	205025
601.966	204646
602.111	204668
602.257	205292
602.402	205534
602.548	206280
602.693	205466
602.839	206340
602.984	205361
603.130	205720
603.275	205695
603.421	206560
603.566	206478
603.712	206459
603.857	206642
604.003	206273
604.148	207144
604.293	207297
604.439	207138
604.584	206999
604.730	207404
604.875	207415
605.020	207730
605.166	207583
605.311	208274
605.456	208517
605.602	208916
605.747	208355
605.892	208635
606.038	208427
606.183	209100
606.328	208563
606.473	208721
606.619	209190
606.764	209516
606.909	209198
607.054	210207
607.200	209731
607.345	209609
607.490	210253
607.635	210661
607.780	210664
607.926	210576
608.071	210477
608.216	211451
608.361	210367
608.506	211464
608.651	211317
608.796	211404
608.941	212109
609.087	211448
609.232	211587
609.377	211779
609.522	211461
609.667	211688
609.812	211613
609.957	212247
610.102	212146
610.247	212274
610.392	212775
610.537	212705
610.682	212942
610.827	212525
610.972	212762
611.117	213079
611.262	213165
611.407	213628
611.552	213475
611.697	214068
611.842	212916
611.986	213910
612.131	213659
612.276	214337
612.421	214159
612.566	214246
612.711	214244
612.856	214023
613.001	214607
613.145	214094
613.290	215450
613.435	215265
613.580	215069
613.725	215343
613.869	215071
614.014	215126
614.159	215789
614.304	215773
614.448	215711
614.593	215760
614.738	215701
614.883	216119
615.027	216013
615.172	215662
615.317	217042
615.461	216281
615.606	216871
615.751	216270
615.895	216758
616.040	217006
616.185	217208
616.329	217196
616.474	217778
616.618	217236
616.763	218166
616.908	218198
617.052	217761
617.197	217836
617.341	217547
617.486	218983
617.630	218341
617.775	219058
617.919	219265
618.064	218652
618.208	219604
618.353	219346
618.497	218943
618.642	219109
618.786	219781
618.931	219804
619.075	220050
619.220	219794
619.364	220328
619.508	220331
619.653	220952
619.797	220711
619.942	220638
620.086	221299
620.230	221278
620.375	221780
620.519	221548
620.663	220654
620.808	221062
620.952	221356
621.096	221641
621.241	221766
621.385	221854
621.529	222144
621.674	222496
621.818	222565
621.962	222244
622.106	222877
622.251	223520
622.395	223212
622.539	223926
622.683	223714
622.827	223775
622.972	223564
623.116	223840
623.260	223314
623.404	224200
623.548	224391
623.692	223954
623.836	224312
623.981	224707
624.125	224570
624.269	224820
624.413	224685
624.557	225133
624.701	225172
624.845	224749
624.989	225738
625.133	226139
625.277	225810
625.421	225710
625.565	226181
625.709	226872
625.853	226616
625.997	226876
626.141	226515
626.285	227008
626.429	227358
626.573	226765
626.717	227013
626.861	227018
627.005	227354
627.149	227760
627.293	227150
627.437	229205
627.580	227797
627.724	227605
627.868	227964
628.012	228586
628.156	228637
628.300	228286
628.444	227709
628.587	228238
628.731	228432
628.875	229298
629.019	228295
629.163	228236
629.306	228852
629.450	229258
629.594	229405
629.738	228949
629.881	229274
630.025	229642
630.169	229958
630.312	230168
630.456	230160
630.600	230363
630.743	230310
630.887	230709
631.031	230845
631.174	230230
631.318	231164
631.462	230936
631.605	231182
631.749	231330
631.893	231434
632.036	231452
632.180	231387
632.323	231520
632.467	232993
632.610	232375
632.754	232975
632.897	232084
633.041	232735
633.184	232277
633.328	232995
633.471	232386
633.615	233687
633.758	233234
633.902	233159
634.045	233927
634.189	233387
634.332	233622
634.476	233447
634.619	234449
634.762	234004
634.906	234429
635.049	234368
635.193	235232
635.336	234850
635.479	234851
635.623	235042
635.766	235268
635.909	236180
636.053	235856
636.196	236110
636.339	235665
636.483	236347
636.626	235634
636.769	235686
636.912	236445
637.056	236922
637.199	236977
637.342	238081
637.485	237119
637.629	237587
637.772	237430
637.915	237865
638.058	237953
638.201	238174
638.345	237426
638.488	238422
638.631	237972
638.774	238132
638.917	238146
639.060	238917
639.203	238782
639.347	237863
639.490	238937
639.633	238770
639.776	239092
639.919	239345
640.062	238927
640.205	239491
640.348	240031
640.491	239911
640.634	239592
640.777	239737
640.920	240406
641.063	240570
641.206	241695
641.349	240467
641.492	240987
641.635	241292
641.778	240965
641.921	241028
642.064	240878
642.207	241668
642.350	240915
642.493	241177
642.635	241654
642.778	242279
642.921	242368
643.064	241993
643.207	242780
643.350	242541
643.493	242537
643.635	242845
643.778	242657
643.921	243513
644.064	242708
644.207	243943
644.349	243636
644.492	244278
644.635	243775
644.778	244718
644.920	244454
645.063	244359
645.206	245306
645.348	244616
645.491	244398
645.634	245369
645.777	245285
645.919	245963
646.062	244922
646.205	245619
646.347	245893
646.490	246033
646.632	246582
646.775	246565
646.918	246005
647.060	246598
647.203	246222
647.345	247215
647.488	247289
647.631	246518
647.773	246535
647.916	247355
648.058	247421
648.201	247583
648.343	247340
648.486	248034
648.628	247386
648.771	247502
648.913	248101
649.056	247838
649.198	247530
649.340	248183
649.483	248492
649.625	248239
649.768	248343
649.910	248553
650.053	248050
650.195	248833
650.337	248965
650.480	249169
650.622	248759
650.764	249000
650.907	249678
651.049	249637
651.191	249505
651.334	249834
651.476	249712
651.618	250570
651.761	249476
651.903	250141
652.045	250873
652.187	250336
652.330	250178
652.472	250561
652.614	250991
652.756	250688
652.898	251103
653.041	250859
653.183	251538
653.325	251376
653.467	250615
653.609	251171
653.752	252413
653.894	252381
654.036	252091
654.178	251863
654.320	252075
654.462	252552
654.604	252619
654.746	252394
654.888	252630
655.030	253205
655.173	253550
655.315	253246
655.457	253080
655.599	253304
655.741	253769
655.883	253332
656.025	253439
656.167	254207
656.309	253577
656.451	253849
656.593	255059
656.734	255050
656.876	254991
657.018	255059
657.160	255022
657.302	255103
657.444	254871
657.586	255594
657.728	255141
657.870	256052
658.012	256034
658.153	256113
658.295	255684
658.437	256779
658.579	256657
658.721	256499
658.863	256702
659.004	257139
659.146	256998
659.288	257262
659.430	257726
659.572	256959
659.713	257799
659.855	257536
659.997	257899
660.138	257256
660.280	257630
660.422	257981
660.564	258415
660.705	258049
660.847	257917
660.989	258012
661.130	258332
661.272	258612
661.414	258352
661.555	257868
661.697	259186
661.838	258463
661.980	258990
662.122	259656
662.263	258660
662.405	260193
662.546	259687
662.688	259099
662.829	259452
662.971	259256
663.112	259636
663.254	260462
663.396	260722
663.537	260198
663.678	260964
663.820	259885
663.961	260373
664.103	260706
664.244	260241
664.386	260501
664.527	261064
664.669	261093
664.810	261003
664.951	260908
665.093	260752
665.234	261186
665.376	261404
665.517	261231
665.658	261531
665.800	262222
665.941	261902
666.082	262110
666.224	262058
666.365	261440
666.506	261720
666.648	261977
666.789	262510
666.930	262375
667.071	262892
667.213	261700
667.354	262330
667.495	263014
667.636	262628
667.778	262972
667.919	262592
668.060	262967
668.201	262854
668.342	262980
668.483	262813
668.625	263238
668.766	262772
668.907	263522
669.048	263407
669.189	264049
669.330	264540
669.471	263794
669.612	264281
669.753	265119
669.895	264323
670.036	264568
670.177	264672
670.318	264720
670.459	265494
670.600	264151
670.741	265237
670.882	265127
671.023	265392
671.164	266040
671.305	265542
671.446	265771
671.587	265528
671.728	266025
671.869	266159
672.009	265498
672.150	266125
672.291	266313
672.432	266793
672.573	266531
672.714	266761
672.855	266638
672.996	266932
673.137	267417
673.277	267508
673.418	267087
673.559	267410
673.700	267296
673.841	266940
673.981	267340
674.122	268065
674.263	267908
674.404	268222
674.545	267737
674.685	268297
674.826	268119
674.967	267875
675.108	268633
675.248	268356
675.389	267904
675.530	268265
675.670	268394
675.811	268402
675.952	268281
676.092	269192
676.233	268483
676.374	269174
676.514	268541
676.655	268799
676.795	269007
676.936	268567
677.077	268845
677.217	269319
677.358	269519
677.498	270548
677.639	270044
677.779	269393
677.920	270151
678.060	269213
678.201	270062
678.341	269927
678.482	269367
678.622	270154
678.763	270575
678.903	269716
679.044	270501
679.184	270088
679.325	270954
679.465	270489
679.606	269854
679.746	270650
679.886	270755
680.027	270938
680.167	271357
680.308	271006
680.448	271112
680.588	271762
680.729	271007
680.869	272082
681.009	271940
681.150	271964
681.290	271435
681.430	272057
681.570	271422
681.711	271264
681.851	271390
681.991	271412
682.131	271477
682.272	272530
682.412	271839
682.552	272578
682.692	272781
682.833	272644
682.973	273227
683.113	272347
683.253	272980
683.393	272935
683.533	273641
683.674	272954
683.814	273620
683.954	273542
684.094	273880
684.234	274236
684.374	273933
684.514	274195
684.654	274267
684.794	274168
684.934	273999
685.074	273821
685.215	273992
685.355	273802
685.495	274508
685.635	273434
685.775	273778
685.915	274183
686.055	274008
686.195	274152
686.334	273707
686.474	274228
686.614	274277
686.754	274984
686.894	274190
687.034	275228
687.174	274858
687.314	274769
687.454	275711
687.594	275775
687.734	274978
687.873	275596
688.013	276257
688.153	275378
688.293	276057
688.433	275854
688.573	276066
688.712	276168
688.852	275645
688.992	276168
689.132	275531
689.272	276135
689.411	276987
689.551	276511
689.691	276586
689.830	276797
689.970	275813
690.110	275872
690.250	275900
690.389	276144
690.529	275942
690.669	275868
690.808	275984
690.948	275478
691.088	276583
691.227	275652
691.367	275298
691.506	276155
691.646	276180
691.786	275596
691.925	276113
692.065	275820
692.204	276766
692.344	276478
692.483	276316
692.623	277098
692.763	275788
692.902	276498
693.042	276552
693.181	276707
693.321	276735
693.460	276426
693.600	275840
693.739	275840
693.878	275993
694.018	275917
694.157	276729
694.297	275915
694.436	276215
694.576	277176
694.715	276631
694.854	276504
694.994	276218
695.133	276463
695.272	276465
695.412	276921
695.551	276682
695.690	276392
695.830	276657
695.969	277443
696.108	276267
696.248	276897
696.387	276819
696.526	276305
696.665	276169
696.805	276547
696.944	276189
697.083	276551
697.222	276902
697.362	276587
697.501	277382
697.640	275922
697.779	276118
697.918	276431
698.058	276164
698.197	276306
698.336	276971
698.475	276360
698.614	277303
698.753	277152
698.892	276954
699.031	277587
699.171	278436
699.310	278105
699.449	278715
699.588	277847
699.727	278738
699.866	278905
700.005	278702
700.144	277905
700.283	278866
700.422	278233
700.561	279047
700.700	278277
700.839	278745
700.978	277907
701.117	279321
701.256	277960
701.395	277873
701.534	279020
701.673	279069
701.812	278070
701.950	278796
702.089	278756
702.228	279024
702.367	279385
702.506	280167
702.645	280076
702.784	280023
702.922	279315
703.061	280315
703.200	280092
703.339	280749
703.478	280534
703.617	280354
703.755	280910
703.894	280547
704.033	280278
704.172	280436
704.310	280646
704.449	280516
704.588	280950
704.726	279825
704.865	280478
705.004	279985
705.143	279754
705.281	281161
705.420	279827
705.559	280499
705.697	281323
705.836	281506
705.974	281294
706.113	281165
706.252	281540
706.390	282481
706.529	282075
706.667	281206
706.806	281840
706.945	282010
707.083	283039
707.222	281775
707.360	283325
707.499	282969
707.637	282737
707.776	283010
707.914	282459
708.053	282785
708.191	281838
708.330	282804
708.468	282964
708.607	282063
708.745	282453
708.883	282194
709.022	282736
709.160	282856
709.299	282834
709.437	282579
709.576	282904
709.714	282696
709.852	282937
709.991	283754
710.129	284154
710.267	283502
710.406	283308
710.544	284060
710.682	285111
710.821	284492
710.959	284322
711.097	284710
711.235	283732
711.374	284116
711.512	284264
711.650	284082
711.788	283280
711.927	284399
712.065	284826
712.203	283817
712.341	284215
712.479	283658
712.618	284986
712.756	285700
712.894	285003
713.032	285187
713.170	285169
713.308	285769
713.446	286590
713.518	289652
713.663	288826
713.808	290197
713.954	288982
714.099	289962
714.244	289469
714.389	289852
714.535	289713
714.680	290727
714.825	291030
714.970	291583
715.116	291500
715.261	291555
715.406	291121
715.551	292667
715.696	291888
715.841	293207
715.987	293390
716.132	293129
716.277	293646
716.422	293438
716.567	293472
716.712	293992
716.857	294155
717.002	294386
717.147	294624
717.292	295156
717.437	293628
717.582	294825
717.727	294732
717.872	294607
718.017	294420
718.162	294289
718.307	293933
718.452	294259
718.597	293397
718.742	293975
718.887	293504
719.032	294677
719.177	295372
719.322	295858
719.467	296175
719.612	296046
719.757	296874
719.901	297183
720.046	296471
720.191	297512
720.336	297191
720.481	297341
720.626	298135
720.770	298597
720.915	298225
721.060	298840
721.205	297958
721.350	297993
721.494	298706
721.639	298136
721.784	299097
721.928	298105
722.073	297906
722.218	297669
722.362	297894
722.507	298733
722.652	298840
722.796	298861
722.941	298743
723.086	299427
723.230	298766
723.375	299098
723.520	299775
723.664	300121
723.809	300465
723.953	300308
724.098	300723
724.242	300889
724.387	300726
724.531	302058
724.676	301578
724.820	302295
724.965	302412
725.109	302567
725.254	302100
725.398	302773
725.543	302693
725.687	303599
725.832	303279
725.976	303031
726.121	303765
726.265	303036
726.409	303286
726.554	302662
726.698	303566
726.842	303870
726.987	303265
727.131	303096
727.275	303144
727.420	302618
727.564	302142
727.708	303647
727.853	303401
727.997	303743
728.141	303083
728.285	304284
728.430	304099
728.574	304506
728.718	305741
728.862	305775
729.007	305619
729.151	305505
729.295	306447
729.439	306532
729.583	307041
729.727	308228
729.871	307627
730.016	306564
730.160	307105
730.304	307498
730.448	307783
730.592	307577
730.736	307600
730.880	307362
731.024	307599
731.168	306715
731.312	306459
731.456	307294
731.600	306494
731.744	306684
731.888	306850
732.032	306522
732.176	307496
732.320	307216
732.464	307308
732.608	307509
732.752	308427
732.896	308463
733.040	308048
733.184	309471
733.328	309405
733.471	310341
733.615	311058
733.759	311079
733.903	310987
734.047	311368
734.191	311481
734.334	311869
734.478	311935
734.622	311246
734.766	311944
734.910	312646
735.053	311825
735.197	311845
735.341	311829
735.485	312350
735.628	312159
735.772	312688
735.916	312117
736.059	311312
736.203	310814
736.347	311010
736.490	311315
736.634	311981
736.778	311219
736.921	310220
737.065	311351
737.209	310968
737.352	311905
737.496	310861
737.639	311301
737.783	312160
737.926	311864
738.070	311803
738.213	313524
738.357	312432
738.500	313398
738.644	312767
738.787	314160
738.931	313558
739.074	314376
739.218	314154
739.361	313849
739.505	314262
739.648	313873
739.792	313737
739.935	312992
740.078	313773
740.222	313828
740.365	313489
740.508	313245
740.652	313679
740.795	314556
740.938	313179
741.082	313906
741.225	314018
741.368	314396
741.512	315401
741.655	316378
741.798	315789
741.941	316500
742.085	317391
742.228	316526
742.371	316557
742.514	317424
742.658	317749
742.801	316975
742.944	317563
743.087	316898
743.230	316631
743.373	316836
743.517	316833
743.660	317060
743.803	316054
743.946	316457
744.089	315913
744.232	316297
744.375	315987
744.518	316168
744.661	316112
744.804	316184
744.947	316126
745.090	317608
745.233	317984
745.376	318005
745.519	318436
745.662	318123
745.805	319919
745.948	319973
746.091	320592
746.234	319926
746.377	319709
746.520	319972
746.663	320167
746.806	319611
746.949	321779
747.092	320972
747.234	321412
747.377	321840
747.520	320288
747.663	321981
747.806	320557
747.949	321620
748.091	321508
748.234	319873
748.377	321007
748.520	319896
748.663	321731
748.805	321450
748.948	319947
749.091	321515
749.234	319304
749.376	320850
749.519	319636
749.662	321436
749.804	320590
749.947	320523
750.090	320646
750.232	321575
750.375	321541
750.518	321905
750.660	321872
750.803	321054
750.945	322044
751.088	322182
751.230	322823
751.373	322828
751.516	323224
751.658	323746
751.801	323875
751.943	324807
752.086	324162
752.228	323924
752.371	323399
752.513	325070
752.656	325302
752.798	325398
752.941	325323
753.083	324563
753.225	325884
753.368	326815
753.510	326481
753.653	325968
753.795	326183
753.937	325254
754.080	325881
754.222	325574
754.364	325235
754.507	324729
754.649	325833
754.791	325376
754.934	325011
755.076	325541
755.218	325381
755.361	326402
755.503	325566
755.645	325215
755.787	325549
755.929	325751
756.072	325567
756.214	325646
756.356	326063
756.498	327532
756.640	327736
756.783	327402
756.925	328075
757.067	327983
757.209	329475
757.351	329312
757.493	329253
757.635	329229
757.777	330021
757.920	330003
758.062	330703
758.204	330765
758.346	330591
758.488	331086
758.630	329708
758.772	330200
758.914	330639
759.056	330128
759.198	331296
759.340	332047
759.482	330712
759.624	331483
759.766	330945
759.908	331510
760.049	331137
760.191	330392
760.333	330127
760.475	330502
760.617	329648
760.759	329945
760.901	329802
761.043	330415
761.184	329842
761.326	329535
761.468	329968
761.610	329086
761.752	328961
761.893	330960
762.035	331043
762.177	329837
762.319	330690
762.461	332075
762.602	332079
762.744	332321
762.886	331893
763.027	333211
763.169	333431
763.311	334236
763.452	333711
763.594	334663
763.736	334472
763.877	334533
764.019	334177
764.161	333841
764.302	333741
764.444	334019
764.585	333506
764.727	332900
764.869	334209
765.010	333098
765.152	332885
765.293	332960
765.435	332587
765.576	334186
765.718	333116
765.859	333736
766.001	334663
766.142	333568
766.284	335056
766.425	334575
766.567	333625
766.708	333646
766.849	334518
766.991	333941
767.132	334706
767.274	335875
767.415	335355
767.556	336195
767.698	336675
767.839	336400
767.980	337425
768.122	335582
768.263	335778
768.404	337080
768.546	335491
768.687	335299
768.828	335243
768.969	334534
769.111	334404
769.252	336638
769.393	336312
769.534	335997
769.676	335842
769.817	335210
769.958	335975
770.099	335625
770.240	335706
770.381	336490
770.523	337456
770.664	336752
770.805	337808
770.946	337533
771.087	340354
771.228	338236
771.369	338276
771.510	338603
771.651	339489
771.792	340395
771.933	339682
772.074	339101
772.215	339065
772.356	338982
772.497	339011
772.638	338094
772.779	338195
772.920	337416
773.061	337327
773.202	337518
773.343	337246
773.484	337705
773.625	337423
773.766	337683
773.907	338064
774.048	339044
774.189	337986
774.330	338709
774.470	337971
774.611	339362
774.752	339346
774.893	338858
775.034	339688
775.174	340339
775.315	340251
775.456	340613
775.597	340328
775.738	340965
775.878	340285
776.019	340643
776.160	341968
776.300	341475
776.441	341272
776.582	341457
776.723	341995
776.863	341857
777.004	341015
777.145	340589
777.285	343427
777.426	341958
777.566	340746
777.707	339982
777.848	341321
777.988	340462
778.129	340546
778.269	340943
778.410	339158
778.550	340709
778.691	340461
778.832	339833
778.972	339783
779.113	340614
779.253	340850
779.394	339998
779.534	339593
779.674	340473
779.815	340257
779.955	340754
780.096	341176
780.236	341396
780.377	341944
780.517	342084
780.657	341878
780.798	341837
780.938	344454
781.079	343655
781.219	342367
781.359	342166
781.500	342944
781.640	343022
781.780	342728
781.920	342739
782.061	345121
782.201	344882
782.341	343652
782.482	344086
782.622	344680
782.762	344185
782.902	344207
783.042	344179
783.183	343493
783.323	345215
783.463	342870
783.603	343374
783.743	343354
783.883	343874
784.024	343391
784.164	344598
784.304	343078
784.444	343266
784.584	341844
784.724	342495
784.864	342655
785.004	343094
785.144	343472
785.284	344775
785.424	343238
785.564	343454
785.704	343451
785.844	344746
785.984	344065
786.124	343535
786.264	345401
786.404	345633
786.544	344501
786.684	345023
786.824	346006
786.964	346329
787.104	346493
787.244	345616
787.384	346837
787.524	347364
787.664	346800
787.803	347278
787.943	347216
788.083	347280
788.223	348314
788.363	347633
788.502	347375
788.642	347350
788.782	346912
788.922	347029
789.062	347357
789.201	346499
789.341	347176
789.481	347261
789.621	347433
789.760	346845
789.900	348962
790.040	346784
790.179	346568
790.319	346402
790.459	346085
790.598	345508
790.738	345763
790.878	346694
791.017	345904
791.157	346434
791.296	346285
791.436	346886
791.575	346602
791.715	346690
791.855	347619
791.994	348033
792.134	346911
792.273	346686
792.413	347222
792.552	347931
792.692	348326
792.831	348904
792.971	348538
793.110	348031
793.250	350049
793.389	350622
793.528	348804
793.668	348555
793.807	349110
793.947	350121
794.086	349626
794.225	350238
794.365	348499
794.504	348020
794.643	349913
794.783	347925
794.922	348557
795.061	349094
795.201	348984
795.340	348574
795.479	347842
795.618	347509
795.758	348325
795.897	348138
796.036	346958
796.175	349195
796.315	348543
796.454	350172
796.593	349439
796.732	349555
796.871	351760
797.011	350558
797.150	350813
797.289	350101
797.428	349677
797.567	350897
797.706	351005
797.845	350236
797.984	350957
798.123	351025
798.263	350640
798.402	350449
798.541	350513
798.680	352061
798.819	350660
798.958	350914
799.097	350376
799.236	351349
799.375	349969
799.514	349152
799.653	351670
799.792	350341
799.931	350658
800.069	350706
800.208	350335
800.347	349898
800.486	350306
800.625	351346
800.764	351297
800.903	349817
801.042	349543
801.181	350222
801.319	350148
801.458	350756
801.597	350094
801.736	351177
801.875	350826
802.013	351134
802.152	350164
802.291	350914
802.430	351680
802.568	350270
802.707	350957
802.846	350690
802.985	352077
803.123	351790
803.262	352077
803.401	350848
803.539	351089
803.678	351261
803.817	350747
803.955	351571
804.094	351606
804.233	352163
804.371	351801
804.510	351077
804.648	352363
804.787	352332
804.925	351742
805.064	352391
805.203	350740
805.341	351497
805.480	351024
805.618	350161
805.757	349967
805.895	351295
806.034	350510
806.172	350769
806.310	350853
806.449	350778
806.587	351061
806.726	351710
806.864	350966
807.003	349951
807.141	351207
807.279	350683
807.418	351192
807.556	350397
807.694	350748
807.833	351486
807.971	350732
808.109	352060
808.248	350816
808.386	351202
808.524	352679
808.663	350844
808.801	350348
808.939	351274
809.077	350693
809.216	350125
809.354	350199
809.492	350054
809.630	352204
809.769	349592
809.907	350898
810.045	349750
810.183	351264
810.321	350790
810.459	350294
810.598	349747
810.736	350305
810.874	350475
811.012	350941
811.150	351037
811.288	350679
811.426	350207
811.564	350213
811.702	350294
811.840	350369
811.978	351291
812.116	350139
812.254	350478
812.392	350522
812.530	350230
812.668	351070
812.806	350549
812.944	350420
813.082	350168
813.220	350072
813.358	349529
813.496	350579
813.634	351649
813.772	351035
813.910	350526
814.047	350597
814.185	350071
814.323	349672
814.461	350214
814.599	351337
814.737	351177
814.874	350195
815.012	349079
815.150	349752
815.288	349980
815.426	349331
815.563	349930
815.701	349457
815.839	350711
815.977	349516
816.114	349809
816.252	349052
816.390	349484
816.527	349574
816.665	351139
816.803	349793
816.940	351545
817.078	351426
817.216	349747
817.353	349432
817.491	349754
817.628	348473
817.766	349024
817.904	349312
818.041	349596
818.179	351775
818.316	349182
818.454	349839
818.591	349573
818.729	349938
818.866	349713
819.004	348548
819.141	349991
819.279	349527
819.416	349487
819.554	350428
819.691	349936
819.829	349973
819.966	349521
820.103	348700
820.241	348802
820.378	348761
820.516	349650
820.653	349702
820.790	349087
820.928	348926
821.065	349088
821.202	348738
821.340	349169
821.477	347844
821.614	348106
821.751	349326
821.889	348120
822.026	348522
822.163	348918
822.300	349992
822.438	349190
822.575	349119
822.712	348849
822.849	349748
822.987	349237
823.124	348586
823.261	348387
823.398	349123
823.535	348509
823.672	349023
823.809	350298
823.947	349934
824.084	349466
824.221	349373
824.358	350922
824.495	351133
824.632	350057
824.769	349550
824.906	349598
825.043	351084
825.180	350920
825.317	349955
825.454	349805
825.591	349770
825.728	350361
825.865	349871
826.002	350504
826.139	351178
826.276	348031
826.413	349252
826.550	347621
826.687	347835
826.824	349167
826.960	347617
827.097	347618
827.234	347663
827.371	348163
827.508	348275
827.645	347882
827.782	349114
827.918	348294
828.055	348800
828.192	347521
828.329	347892
828.465	347888
828.602	347592
828.739	348238
828.876	347994
829.012	348337
829.149	347746
829.286	347036
829.423	348125
829.559	347723
829.696	348034
829.833	347477
829.969	349111
830.106	349753
830.243	349269
830.379	348812
830.516	348083
830.652	348390
830.789	350550
830.926	350302
831.062	348675
831.199	348649
831.335	348500
831.472	348965
831.608	347604
831.745	348746
831.881	348617
832.018	349839
832.154	349374
832.291	349595
832.427	349089
832.564	348139
832.700	348175
832.837	347447
832.973	346028
833.109	346492
833.246	347114
833.382	345364
833.519	346577
833.655	346579
833.791	347157
833.928	346325
834.064	346434
834.200	345272
834.337	346665
834.473	346031
834.609	345804
834.745	346377
834.882	346192
835.018	344084
835.154	345232
835.291	345078
835.427	344615
835.563	346107
835.699	343881
835.835	344873
835.972	345683
836.108	345291
836.244	346443
836.380	344802
836.516	344457
836.652	345236
836.789	345344
836.925	345872
837.061	346661
837.197	346210
837.333	346939
837.469	345640
837.605	345941
837.741	346058
837.877	347147
838.013	346549
838.149	345875
838.285	345701
838.421	346880
838.557	345865
838.693	347339
838.829	346656
838.965	347488
839.101	347095
839.237	347140
839.373	347940
839.509	347726
839.645	348101
839.781	348494
839.917	347789
840.052	348615
840.188	349394
840.324	347947
840.460	348550
840.596	349079
840.732	348182
840.868	347370
841.003	347429
841.139	347898
841.275	347006
841.411	348517
841.546	349321
841.682	347802
841.818	347185
841.954	347812
842.089	348362
842.225	347333
842.361	347164
842.496	347286
842.632	347960
842.768	347329
842.903	347561
843.039	348009
843.175	348247
843.310	348376
843.446	348010
843.582	347394
843.717	348153
843.853	347487
843.988	346393
844.124	345943
844.259	344602
844.395	344665
844.531	343827
844.666	344825
844.802	343725
844.937	344002
845.073	343414
845.208	342887
845.343	342275
845.479	342477
845.614	341413
845.750	341319
845.885	340992
846.021	342658
846.156	341177
846.291	340736
846.427	342786
846.562	341331
846.698	340723
846.833	341588
846.968	341505
847.104	341754
847.239	342211
847.374	343325
847.510	344001
847.645	345454
847.780	345479
847.915	345849
848.051	346516
848.186	345530
848.321	346032
848.456	346308
848.592	345984
848.727	345113
848.862	344068
848.997	344325
849.132	343347
849.267	342650
849.403	343012
849.538	343383
849.673	342683
849.808	343600
849.943	343342
850.078	342527
850.213	342869
850.348	341831
850.483	341487
850.619	340090
850.754	339741
850.889	339136
851.024	338931
851.159	338582
851.294	339447
851.429	338723
851.564	339463
851.699	339996
851.834	339268
851.969	339331
852.103	339814
852.238	340215
852.373	339423
852.508	339396
852.643	340456
852.778	340228
852.913	340366
853.048	339471
853.183	340156
853.318	340234
853.452	340242
853.587	341484
853.722	340268
853.857	339890
853.992	339025
854.126	339677
854.261	340805
854.396	340829
854.531	341018
854.665	341355
854.800	342431
854.935	341663
855.070	342217
855.204	342368
855.339	342078
855.474	342670
855.608	343045
855.743	343652
855.878	343206
856.012	344946
856.147	344372
856.282	342915
856.416	344487
856.551	344251
856.685	344101
856.820	341777
856.954	340445
857.089	340530
857.224	340577
857.358	339577
857.493	338745
857.627	338443
857.762	338247
857.896	337655
858.031	337978
858.165	337837
858.300	336755
858.434	337881
858.568	336886
858.703	337677
858.837	337843
858.972	337447
859.106	336919
859.240	337459
859.375	336679
859.509	336656
859.644	338131
859.778	336971
859.912	337842
860.047	337504
860.181	337453
860.315	336891
860.449	338011
860.584	338773
860.718	338942
860.852	338761
860.987	338491
861.121	339983
861.255	340849
861.389	342618
861.523	342865
861.658	342423
861.792	343309
861.926	344434
862.060	344660
862.194	344006
862.328	344671
862.463	343463
862.597	342970
862.731	343155
862.865	343166
862.999	342834
863.133	342248
863.267	342196
863.401	342629
863.535	341415
863.669	340686
863.803	342137
863.937	342096
864.071	341427
864.205	340798
864.339	340123
864.473	341165
864.607	341333
864.741	340113
864.875	340841
865.009	341520
865.143	339796
865.277	338867
865.411	338398
865.545	336860
865.679	336140
865.813	335874
865.946	335244
866.080	334968
866.214	334728
866.348	335306
866.482	336217
866.616	336394
866.749	336278
866.883	337922
867.017	337319
867.151	339244
867.284	339085
867.418	338532
867.552	337964
867.686	340210
867.819	339489
867.953	339278
868.087	340591
868.220	339449
868.354	340091
868.488	340559
868.621	341529
868.755	341391
868.889	341336
869.022	340433
869.156	340628
869.290	341890
869.423	341218
869.557	341113
869.690	341714
869.824	342317
869.957	341534
870.091	341898
870.224	341819
870.358	341576
870.491	341834
870.625	340947
870.758	341251
870.892	341040
871.025	341425
871.159	339932
871.292	341369
871.426	340491
871.559	339564
871.693	340236
871.826	340023
871.959	339316
872.093	339206
872.226	337236
872.359	336696
872.493	335780
872.626	335350
872.759	335039
872.893	334728
873.026	333263
873.159	332748
873.293	332056
873.426	331912
873.559	330950
873.692	329757
873.826	330160
873.959	329645
874.092	329191
874.225	330391
874.359	331334
874.492	331416
874.625	332380
874.758	332917
874.891	334549
875.024	334298
875.158	336001
875.291	337059
875.424	337735
875.557	336892
875.690	336953
875.823	338022
875.956	338280
876.089	338165
876.222	337531
876.355	336738
876.488	336564
876.621	336581
876.754	334948
876.887	335844
877.020	335383
877.153	335022
877.286	335070
877.419	334677
877.552	333893
877.685	332076
877.818	332046
877.951	330882
878.084	329782
878.217	328977
878.350	328566
878.483	327573
878.615	325870
878.748	326867
878.881	326326
879.014	326128
879.147	325742
879.280	324416
879.412	325551
879.545	324151
879.678	322924
879.811	323483
879.944	323018
880.076	323445
880.209	322131
880.342	322781
880.474	323329
880.607	323578
880.740	325176
880.873	324458
881.005	324651
881.138	325655
881.271	327174
881.403	327019
881.536	327327
881.668	328669
881.801	329462
881.934	329111
882.066	329817
882.199	330630
882.331	331062
882.464	330475
882.597	331508
882.729	331977
882.862	331687
882.994	331882
883.127	331967
883.259	331562
883.392	332023
883.524	332159
883.657	331693
883.789	330950
883.921	330414
884.054	329354
884.186	329149
884.319	328758
884.451	329276
884.584	328812
884.716	329128
884.848	328351
884.981	327278
885.113	326620
885.245	327510
885.378	327521
885.510	326838
885.642	326243
885.775	326942
885.907	326773
886.039	325992
886.171	325950
886.304	326243
886.436	325139
886.568	324718
886.700	322163
886.833	320818
886.965	320825
887.097	318781
887.229	317145
887.361	316608
887.494	316101
887.626	315021
887.758	315588
887.890	315643
888.022	315748
888.154	316367
888.286	316647
888.418	317318
888.550	318740
888.683	318517
888.815	318941
888.947	319367
889.079	320387
889.211	321559
889.343	323007
889.475	323665
889.607	324274
889.739	324796
889.871	325198
890.003	324820
890.135	325074
890.266	324630
890.398	323103
890.530	323276
890.662	323272
890.794	322924
890.926	323054
891.058	323088
891.190	322391
891.322	322199
891.453	321611
891.585	320949
891.717	319714
891.849	320200
891.981	318104
892.113	318588
892.244	317690
892.376	316372
892.508	316529
892.640	315297
892.771	314089
892.903	313005
893.035	310470
893.167	310253
893.298	309066
893.430	309440
893.562	307863
893.693	308042
893.825	308458
893.957	308984
894.088	308065
894.220	308495
894.351	308591
894.483	308830
894.615	308746
894.746	309364
894.878	309195
895.009	309157
895.141	310242
895.272	311562
895.404	312182
895.536	314253
895.667	313833
895.799	315083
895.930	316720
896.062	316317
896.193	317895
896.324	318870
896.456	319389
896.587	318590
896.719	318520
896.850	318963
896.982	318056
897.113	318992
897.244	317811
897.376	317297
897.507	316170
897.638	315379
897.770	314979
897.901	313697
898.032	313045
898.164	313001
898.295	310385
898.426	309938
898.558	308374
898.689	308138
898.820	306650
898.951	306769
899.083	305467
899.214	305036
899.345	303924
899.476	303398
899.608	303039
899.739	302442
899.870	301856
900.001	301948
900.132	301968
900.263	301381
900.394	301167
900.526	301667
900.657	301858
900.788	302528
900.919	302061
901.050	302058
901.181	301846
901.312	302418
901.443	303358
901.574	304806
901.705	305572
901.836	305577
901.967	305816
902.098	306948
902.229	307541
902.360	308108
902.491	308651
902.622	310173
902.753	311052
902.884	311548
903.015	312077
903.146	313965
903.277	313981
903.408	313840
903.539	314095
903.669	313953
903.800	313816
903.931	312970
904.062	313401
904.193	312007
904.324	312251
904.454	310556
904.585	309173
904.716	307677
904.847	305830
904.978	304092
905.108	302406
905.239	300936
905.370	298811
905.501	298636
905.631	297991
905.762	297845
905.893	296761
906.023	296236
906.154	295638
906.285	295518
906.415	295369
906.546	295802
906.677	296620
906.807	297143
906.938	297577
907.068	299260
907.199	300648
907.330	301689
907.460	303906
907.591	305510
907.721	305295
907.765	293348
907.905	294279
908.044	294675
908.183	294996
908.322	296349
908.461	296727
908.601	298082
908.740	299771
908.879	301060
909.018	302275
909.157	302776
909.296	304991
909.436	305043
909.575	305464
909.714	305144
909.853	304622
909.992	302629
910.131	301253
910.270	299941
910.409	298763
910.548	299306
910.687	297164
910.826	297743
910.965	296171
911.104	296281
911.243	294957
911.382	293439
911.521	292599
911.660	291677
911.799	290905
911.938	289965
912.077	289885
912.216	288484
912.355	287336
912.493	286453
912.632	285758
912.771	284730
912.910	284295
913.049	283587
913.188	282822
913.326	282672
913.465	282238
913.604	282042
913.743	281689
913.882	281510
914.020	281224
914.159	281679
914.298	282250
914.436	282166
914.575	282383
914.714	283707
914.852	284333
914.991	285522
915.130	287462
915.268	288670
915.407	289594
915.546	289171
915.684	290156
915.823	291620
915.961	291257
916.100	292281
916.239	292697
916.377	293347
916.516	296028
916.654	296730
916.793	298499
916.931	297876
917.070	298514
917.208	297363
917.347	298420
917.485	297382
917.624	296290
917.762	296736
917.900	295370
918.039	296348
918.177	293647
918.316	292853
918.454	290516
918.592	289864
918.731	288486
918.869	287572
919.007	286489
919.146	285403
919.284	284610
919.422	284170
919.561	283702
919.699	282306
919.837	281893
919.975	280785
920.114	281366
920.252	281063
920.390	281037
920.528	279576
920.667	279426
920.805	279021
920.943	279152
921.081	278000
921.219	275803
921.357	274237
921.495	272540
921.634	271894
921.772	271313
921.910	270427
922.048	270043
922.186	270000
922.324	268724
922.462	268955
922.600	269105
922.738	269159
922.876	268369
923.014	270012
923.152	270148
923.290	271867
923.428	271351
923.566	272615
923.704	273388
923.842	274293
923.980	275338
924.118	275589
924.256	275940
924.393	275721
924.531	277055
924.669	277544
924.807	278395
924.945	279535
925.083	280752
925.220	280443
925.358	280685
925.496	280947
925.634	280149
925.772	280402
925.909	279269
926.047	279155
926.185	278029
926.323	277582
926.460	276817
926.598	274784
926.736	272963
926.873	271924
927.011	270264
927.149	268928
927.286	268230
927.424	267116
927.562	267120
927.699	267900
927.837	267052
927.974	267494
928.112	267719
928.249	266699
928.387	264520
928.525	264415
928.662	263881
928.800	263377
928.937	262141
929.075	261013
929.212	260389
929.350	261104
929.487	260459
929.624	260011
929.762	260804
929.899	259909
930.037	259495
930.174	259938
930.312	258219
930.449	258331
930.586	258745
930.724	258720
930.861	258805
930.998	259338
931.136	258896
931.273	260544
931.410	262759
931.547	263570
931.685	266449
931.822	268562
931.959	269309
932.097	269952
932.234	271068
932.371	271646
932.508	271839
932.645	272376
932.783	274164
932.920	274212
933.057	275400
933.194	276192
933.331	276993
933.468	277021
933.605	276154
933.743	276494
933.880	278600
934.017	278425
934.154	277749
934.291	278207
934.428	277121
934.565	276747
934.702	275733
934.839	275726
934.976	276230
935.113	275229
935.250	275420
935.387	274271
935.524	272711
935.661	272122
935.798	270915
935.935	270093
936.071	268308
936.208	267176
936.345	265703
936.482	264848
936.619	263410
936.756	262211
936.893	261334
937.030	260691
937.166	260583
937.303	259862
937.440	259406
937.577	258398
937.713	258577
937.850	257543
937.987	257899
938.124	256938
938.260	256694
938.397	256494
938.534	256547
938.671	255848
938.807	255618
938.944	255524
939.081	255084
939.217	255105
939.354	255861
939.490	255406
939.627	255670
939.764	256685
939.900	256915
940.037	257983
940.173	258973
940.310	260130
940.446	261241
940.583	261767
940.719	263638
940.856	264383
940.992	265061
941.129	265876
941.265	267916
941.402	269058
941.538	269739
941.675	270456
941.811	272351
941.948	272640
942.084	272456
942.220	273565
942.357	273491
942.493	273158
942.629	272584
942.766	271552
942.902	271660
943.038	269881
943.175	268679
943.311	268441
943.447	265156
943.584	262348
943.720	260762
943.856	259806
943.992	257271
944.129	256095
944.265	255202
944.401	254118
944.537	253322
944.673	253651
944.810	252872
944.946	252664
945.082	253445
945.218	252559
945.354	252454
945.490	253505
945.626	254113
945.762	254978
945.899	256306
946.035	256756
946.171	258721
946.307	260252
946.443	261877
946.579	262994
946.715	263876
946.851	266159
946.987	267449
947.123	270414
947.259	270323
947.395	271704
947.531	272430
947.667	272681
947.802	272673
947.938	272511
948.074	271929
948.210	271888
948.346	271492
948.482	271697
948.618	270298
948.754	268268
948.889	266364
949.025	264963
949.161	264137
949.297	264271
949.433	265473
949.568	265720
949.704	267453
949.840	267541
949.976	267702
950.111	268000
950.247	267436
950.383	267354
950.518	266917
950.654	265049
950.790	264697
950.925	263097
951.061	262343
951.197	260295
951.332	260001
951.468	258857
951.603	257870
951.739	257050
951.875	254907
952.010	254355
952.146	253223
952.281	252772
952.417	251720
952.552	251242
952.688	251488
952.823	249626
952.959	248843
953.094	249432
953.230	249114
953.365	248288
953.501	247911
953.636	248348
953.771	247275
953.907	247652
954.042	247410
954.178	247332
954.313	247296
954.448	248695
954.584	247018
954.719	246416
954.854	246104
954.990	245424
955.125	245635
955.260	247058
955.396	248271
955.531	248357
955.666	248880
955.801	249408
955.937	249119
956.072	249168
956.207	249107
956.342	250336
956.477	252554
956.612	252843
956.748	253326
956.883	252913
957.018	253144
957.153	252492
957.288	252581
957.423	253544
957.558	254272
957.693	254475
957.829	256309
957.964	256729
958.099	257864
958.234	258877
958.369	259226
958.504	260897
958.639	261363
958.774	262327
958.909	262477
959.044	261821
959.179	262401
959.313	261335
959.448	261242
959.583	261368
959.718	259881
959.853	258725
959.988	259300
960.123	258273
960.258	256728
960.393	256336
960.527	255694
960.662	255487
960.797	253285
960.932	252309
961.067	252978
961.201	253054
961.336	254432
961.471	253985
961.606	253477
961.740	253250
961.875	251460
962.010	249339
962.145	248363
962.279	247083
962.414	246504
962.549	245609
962.683	244777
962.818	242987
962.953	242543
963.087	241898
963.222	240804
963.356	239682
963.491	239619
963.626	238589
963.760	238663
963.895	238057
964.029	237876
964.164	237072
964.298	236504
964.433	236084
964.567	236082
964.702	235809
964.836	236112
964.971	236344
965.105	236469
965.240	236977
965.374	236399
965.508	237546
965.643	236548
965.777	236957
965.912	237674
966.046	237849
966.180	238944
966.315	239719
966.449	240640
966.583	242810
966.718	244246
966.852	244648
966.986	245350
967.120	245029
967.255	245676
967.389	247032
967.523	245692
967.657	246352
967.792	245264
967.926	243401
968.060	241902
968.194	243188
968.328	247749
968.463	249605
968.597	248736
968.731	248417
968.865	247137
968.999	244432
969.133	241850
969.267	240957
969.401	238523
969.535	236560
969.669	234991
969.804	233624
969.938	232509
970.072	231320
970.206	230410
970.340	229468
970.474	228736
970.608	226800
970.742	227190
970.875	227763
971.009	228296
971.143	227697
971.277	229079
971.411	229399
971.545	229736
971.679	230652
971.813	230120
971.947	230696
972.081	231225
972.214	231499
972.348	232678
972.482	233786
972.616	235810
972.750	234971
972.883	235496
973.017	236487
973.151	237325
973.285	238841
973.418	238519
973.552	239157
973.686	237923
973.820	237202
973.953	236350
974.087	235446
974.221	235114
974.354	234469
974.488	232972
974.621	232533
974.755	230225
974.889	229185
975.022	227795
975.156	226324
975.289	226958
975.423	225375
975.557	225176
975.690	224038
975.824	223571
975.957	222672
976.091	221927
976.224	221960
976.358	221931
976.491	221549
976.625	221540
976.758	221124
976.891	220065
977.025	220356
977.158	218984
977.292	218702
977.425	218748
977.558	217703
977.692	217396
977.825	216997
977.959	215415
978.092	215295
978.225	214772
978.358	214209
978.492	215276
978.625	215683
978.758	214799
978.892	214426
979.025	214750
979.158	214112
979.291	213292
979.425	213036
979.558	212492
979.691	211969
979.824	211900
979.957	213088
980.090	212631
980.224	212320
980.357	213531
980.490	213898
980.623	214132
980.756	215627
980.889	216698
981.022	217719
981.155	219965
981.288	221410
981.421	222089
981.554	222561
981.687	222704
981.820	222106
981.953	222532
982.086	222237
982.219	221568
982.352	222292
982.485	221751
982.618	220938
982.751	221526
982.884	220045
983.017	219815
983.150	218987
983.283	217834
983.416	217664
983.549	217435
983.681	217271
983.814	217544
983.947	218270
984.080	218440
984.213	219126
984.346	218910
984.478	218737
984.611	217821
984.744	217311
984.877	216357
985.009	215554
985.142	215030
985.275	213654
985.407	213430
985.540	212851
985.673	213211
985.805	213811
985.938	212720
986.071	212974
986.203	212104
986.336	211951
986.469	211095
986.601	210335
986.734	209588
986.866	208142
986.999	206511
987.131	206142
987.264	206531
987.397	205870
987.529	205817
987.662	205963
987.794	204880
987.927	203864
988.059	203217
988.191	202689
988.324	201975
988.456	201438
988.589	200918
988.721	200638
988.854	200364
988.986	199736
989.118	199366
989.251	199378
989.383	199069
989.515	198135
989.648	198048
989.780	197624
989.912	197967
990.045	197784
990.177	198380
990.309	198538
990.442	199571
990.574	200212
990.706	199997
990.838	200425
990.970	201192
991.103	202669
991.235	203619
991.367	203637
991.499	203596
991.631	203418
991.764	203130
991.896	202462
992.028	202932
992.160	202774
992.292	202612
992.424	202370
992.556	201415
992.688	201920
992.820	201073
992.952	201645
993.084	201638
993.216	201460
993.348	201575
993.480	202227
993.612	202528
993.744	202881
993.876	203227
994.008	201953
994.140	202053
994.272	201865
994.404	200710
994.536	200456
994.668	199820
994.800	198713
994.932	198606
995.063	197270
995.195	196995
995.327	196136
995.459	195367
995.591	194611
995.723	193502
995.854	192647
995.986	191738
996.118	190781
996.250	190568
996.381	189973
996.513	189604
996.645	189592
996.777	189284
996.908	189053
997.040	188793
997.172	188879
997.303	188099
997.435	187862
997.567	187538
997.698	187122
997.830	187000
997.962	186667
998.093	186160
998.225	186039
998.356	185335
998.488	185625
998.619	184872
998.751	184787
998.882	184876
999.014	185181
999.145	185938
999.277	186879
999.408	187093
999.540	186878
999.671	188984
999.803	187681
999.934	187502
1000.066	188038
1000.197	187935
1000.329	188385
1000.460	188876
1000.591	188342
1000.723	189122
1000.854	188677
1000.985	189375
1001.117	190165
1001.248	189342
1001.379	189219
1001.511	188428
1001.642	188415
1001.773	188427
1001.904	189383
1002.036	189649
1002.167	190263
1002.298	190704
1002.429	190644
1002.561	190913
1002.692	189552
1002.823	188102
1002.954	187014
1003.085	185555
1003.216	184496
1003.348	184006
1003.479	183388
1003.610	184070
1003.741	184314
1003.872	184953
1004.003	186041
1004.134	186681
1004.265	187322
1004.396	187546
1004.527	186828
1004.658	185749
1004.789	184875
1004.920	183572
1005.051	182621
1005.182	181163
1005.313	180083
1005.444	179593
1005.575	178896
1005.706	178902
1005.837	178636
1005.968	178668
1006.099	178561
1006.230	178356
1006.361	178397
1006.491	178133
1006.622	178462
1006.753	177973
1006.884	177558
1007.015	177618
1007.146	177144
1007.276	177096
1007.407	177622
1007.538	177907
1007.669	177673
1007.799	177710
1007.930	177470
1008.061	177673
1008.192	177776
1008.322	177762
1008.453	177669
1008.584	178526
1008.714	178434
1008.845	178609
1008.976	179232
1009.106	179301
1009.237	178921
1009.367	178778
1009.498	178737
1009.629	178726
1009.759	178891
1009.890	178947
1010.020	179446
1010.151	179415
1010.281	178964
1010.412	178832
1010.542	178550
1010.673	178506
1010.803	177820
1010.934	178066
1011.064	178100
1011.195	177869
1011.325	177570
1011.456	176932
1011.586	176660
1011.716	175821
1011.847	174699
1011.977	174801
1012.108	174087
1012.238	172937
1012.368	172249
1012.499	171826
1012.629	171191
1012.759	170631
1012.890	170254
1013.020	169864
1013.150	169426
1013.280	169871
1013.411	169743
1013.541	169249
1013.671	169422
1013.801	169469
1013.932	169608
1014.062	169187
1014.192	168950
1014.322	168632
1014.452	167844
1014.582	167809
1014.713	167520
1014.843	167188
1014.973	166874
1015.103	166372
1015.233	166279
1015.363	166284
1015.493	166194
1015.623	166175
1015.753	166447
1015.883	166028
1016.013	165704
1016.143	165678
1016.273	165346
1016.403	165354
1016.533	165280
1016.663	165438
1016.793	165449
1016.923	166065
1017.053	166354
1017.183	166665
1017.313	167343
1017.443	167325
1017.573	167445
1017.703	167467
1017.832	168042
1017.962	167691
1018.092	167961
1018.222	167816
1018.352	168026
1018.482	167379
1018.611	167362
1018.741	167032
1018.871	166852
1019.001	167568
1019.130	167254
1019.260	167093
1019.390	166895
1019.520	166942
1019.649	167008
1019.779	167586
1019.909	167932
1020.038	167930
1020.168	168143
1020.298	168087
1020.427	168208
1020.557	168212
1020.686	168006
1020.816	168107
1020.946	167471
1021.075	167369
1021.205	167224
1021.334	167628
1021.464	167259
1021.593	167726
1021.723	167984
1021.852	168033
1021.982	167801
1022.111	167899
1022.241	167798
1022.370	167637
1022.500	166623
1022.629	166123
1022.759	165815
1022.888	165322
1023.017	165281
1023.147	164978
1023.276	164630
1023.406	164232
1023.535	163795
1023.664	163542
1023.794	162704
1023.923	162643
1024.052	163064
1024.182	163238
1024.311	163402
1024.440	162947
1024.569	162080
1024.699	162139
1024.828	160974
1024.957	160940
1025.086	160149
1025.215	160222
1025.345	160017
1025.474	159827
1025.603	159929
1025.732	159730
1025.861	159699
1025.990	159196
1026.120	159082
1026.249	159454
1026.378	159243
1026.507	159001
1026.636	158533
1026.765	158634
1026.894	158188
1027.023	158297
1027.152	158148
1027.281	158138
1027.410	157959
1027.539	158128
1027.668	158379
1027.797	158110
1027.926	157960
1028.055	157500
1028.184	157509
1028.313	158071
1028.442	157845
1028.571	158485
1028.700	158887
1028.829	159135
1028.957	158963
1029.086	158948
1029.215	158254
1029.344	158032
1029.473	157367
1029.602	157433
1029.730	156953
1029.859	156989
1029.988	157259
1030.117	157390
1030.246	157615
1030.374	157972
1030.503	158097
1030.632	158209
1030.760	158502
1030.889	158264
1031.018	158297
1031.147	158739
1031.275	158232
1031.404	158239
1031.533	158055
1031.661	158339
1031.790	158761
1031.918	158123
1032.047	158195
1032.176	158389
1032.304	158140
1032.433	158344
1032.561	158270
1032.690	157905
1032.818	157860
1032.947	157937
1033.075	157905
1033.204	158072
1033.332	157361
1033.461	157344
1033.589	157213
1033.718	157590
1033.846	157256
1033.975	157182
1034.103	156988
1034.231	156884
1034.360	156725
1034.488	157085
1034.617	156804
1034.745	156662
1034.873	156706
1035.002	156207
1035.130	156442
1035.258	156989
1035.386	156573
1035.515	156525
1035.643	156438
1035.771	156782
1035.900	156625
1036.028	156645
1036.156	156569
1036.284	156565
1036.412	156216
1036.541	156088
1036.669	155803
1036.797	155906
1036.925	155768
1037.053	156024
1037.181	155566
1037.310	155755
1037.438	155482
1037.566	155074
1037.694	154379
1037.822	154271
1037.950	154165
1038.078	154671
1038.206	154527
1038.334	154520
1038.462	154541
1038.590	154969
1038.718	155382
1038.846	154919
1038.974	154731
1039.102	154795
1039.230	154491
1039.358	154355
1039.486	154786
1039.614	154679
1039.742	154765
1039.870	154847
1039.998	154839
1040.125	154673
1040.253	154327
1040.381	154275
1040.509	154689
1040.637	153998
1040.765	154117
1040.892	154211
1041.020	153948
1041.148	153757
1041.276	153612
1041.404	153415
1041.531	153225
1041.659	153385
1041.787	152991
1041.914	152943
1042.042	152415
1042.170	152531
1042.298	152585
1042.425	152381
1042.553	152489
1042.680	152405
1042.808	152279
1042.936	152323
1043.063	152019
1043.191	151928
1043.319	151942
1043.446	152197
1043.574	151654
1043.701	151965
1043.829	152061
1043.956	152033
1044.084	151815
1044.211	151950
1044.339	151676
1044.466	151823
1044.594	151687
1044.721	151762
1044.849	152156
1044.976	151780
1045.104	152053
1045.231	151734
1045.358	151679
1045.486	151826
1045.613	151872
1045.740	151986
1045.868	152218
1045.995	151890
1046.123	152150
1046.250	151996
1046.377	152040
1046.504	152040
1046.632	151823
1046.759	152254
1046.886	151854
1047.014	152046
1047.141	152031
1047.268	151745
1047.395	152054
1047.522	151715
1047.650	152009
1047.777	151584
1047.904	151583
1048.031	151503
1048.158	151626
1048.285	151580
1048.413	151264
1048.540	151133
1048.667	151401
1048.794	151420
1048.921	151294
1049.048	150840
1049.175	150914
1049.302	151045
1049.429	151148
1049.556	150955
1049.683	150960
1049.810	150785
1049.937	150857
1050.064	150810
1050.191	151138
1050.318	150630
1050.445	150671
1050.572	150818
1050.699	150946
1050.826	150769
1050.953	150853
1051.080	150661
1051.206	150397
1051.333	150808
1051.460	150644
1051.587	150663
1051.714	150122
1051.841	150228
1051.967	150319
1052.094	150302
1052.221	150373
1052.348	150366
1052.475	149979
1052.601	150163
1052.728	150128
1052.855	150276
1052.981	149953
1053.108	149686
1053.235	149932
1053.362	149851
1053.488	149772
1053.615	149769
1053.741	149763
1053.868	150139
1053.995	149650
1054.121	149858
1054.248	149910
1054.375	149680
1054.501	149739
1054.628	149590
1054.754	149938
1054.881	149893
1055.007	149650
1055.134	149379
1055.260	149879
1055.387	150029
1055.513	149774
1055.640	149962
1055.766	150068
1055.893	149764
1056.019	149673
1056.146	149766
1056.272	149607
1056.398	149994
1056.525	149935
1056.651	149985
1056.777	149710
1056.904	149874
1057.030	149643
1057.157	150020
1057.283	149538
1057.409	149901
1057.535	149438
1057.662	149674
1057.788	149872
1057.914	149923
1058.041	150055
1058.167	150030
1058.293	149987
1058.419	149903
1058.545	149613
1058.672	149914
1058.798	149401
1058.924	149631
1059.050	149934
1059.176	149582
1059.302	149991
1059.429	149411
1059.555	149769
1059.681	149666
1059.807	149554
1059.933	149530
1060.059	149706
1060.185	149521
1060.311	149499
1060.437	149550
1060.563	149489
1060.689	149433
1060.815	149445
1060.941	149260
1061.067	149238
1061.193	149273
1061.319	149322
1061.445	149348
1061.571	149244
1061.697	149494
1061.823	148984
1061.949	149366
1062.075	149316
1062.200	148861
1062.326	148849
1062.452	148778
1062.578	149256
1062.704	148899
1062.830	148668
1062.955	149058
1063.081	148887
1063.207	148729
1063.333	148777
1063.459	148998
1063.584	148769
1063.710	149016
1063.836	148720
1063.961	148672
1064.087	148909
1064.213	148581
1064.339	148593
1064.464	148863
1064.590	148885
1064.715	148658
1064.841	148842
1064.967	149031
1065.092	148706
1065.218	148945
1065.344	148745
1065.469	148551
1065.595	148594
1065.720	148686
1065.846	148773
1065.971	148877
1066.097	149006
1066.222	149073
1066.348	148840
1066.473	148793
1066.599	148686
1066.724	148591
1066.850	148894
1066.975	148483
1067.101	148737
1067.226	148628
1067.351	149114
1067.477	148407
1067.602	148842
1067.727	148693
1067.853	148909
1067.978	148745
1068.104	148830
1068.229	148803
1068.354	148851
1068.479	148889
1068.605	148859
1068.730	148826
1068.855	148752
1068.981	148811
1069.106	148831
1069.231	148802
1069.356	148664
1069.481	148688
1069.607	148461
1069.732	148819
1069.857	148780
1069.982	148599
1070.107	148900
1070.232	148543
1070.358	148457
1070.483	148217
1070.608	148819
1070.733	148805
1070.858	148820
1070.983	148456
1071.108	148739
1071.233	148645
1071.358	148670
1071.483	148563
1071.608	148732
1071.733	148610
1071.858	148597
1071.983	148714
1072.108	148580
1072.233	148390
1072.358	148781
1072.483	148170
1072.608	148395
1072.733	148910
1072.858	148525
1072.983	148518
1073.107	148456
1073.232	148230
1073.357	148553
1073.482	148418
1073.607	148480
1073.732	148731
1073.856	148266
1073.981	148663
1074.106	148505
1074.231	148275
1074.356	148716
1074.480	148420
1074.605	148343
1074.730	148352
1074.854	148375
1074.979	148226
1075.104	148061
1075.229	148163
1075.353	148632
1075.478	148334
1075.602	148314
1075.727	148503
1075.852	148431
1075.976	148406
1076.101	148585
1076.226	148339
1076.350	148573
1076.475	148542
1076.599	148653
1076.724	148382
1076.848	148597
1076.973	148736
1077.097	148327
1077.222	148324
1077.346	148658
1077.471	148333
1077.595	148378
1077.720	148261
1077.844	148412
1077.969	148553
1078.093	148473
1078.217	148756
1078.342	148435
1078.466	148284
1078.590	148298
1078.715	148471
1078.839	148452
1078.964	148452
1079.088	148549
1079.212	148206
1079.336	148717
1079.461	148531
1079.585	148235
1079.709	148318
1079.834	148213
1079.958	148363
1080.082	148313
1080.206	148317
1080.330	148574
1080.455	148535
1080.579	148439
1080.703	148452
1080.827	148394
1080.951	148466
1081.075	148154
1081.200	148187
1081.324	148121
1081.448	148475
1081.572	148167
1081.696	148354
1081.820	148557
1081.944	148445
1082.068	148343
1082.192	148347
1082.316	148483
1082.440	148479
1082.564	148287
1082.688	148540
1082.812	148409
1082.936	148481
1083.060	148236
1083.184	148610
1083.308	148543
1083.432	148302
1083.556	148202
1083.680	148361
1083.804	148387
1083.927	148396
1084.051	148402
1084.175	148238
1084.299	148257
1084.423	148008
1084.547	148118
1084.670	148365
1084.794	148104
1084.918	148331
1085.042	148483
1085.166	148498
1085.289	148242
1085.413	148424
1085.537	147992
1085.660	148187
1085.784	148267
1085.908	148560
1086.032	148290
1086.155	148250
1086.279	148368
1086.402	148223
1086.526	148195
1086.650	148458
1086.773	148297
1086.897	148415
1087.021	148304
1087.144	148378
1087.268	148384
1087.391	148413
1087.515	148241
1087.638	148528
1087.762	148515
1087.885	148333
1088.009	148554
1088.132	148250
1088.256	148402
1088.379	148570
1088.503	148422
1088.626	148320
1088.750	148249
1088.873	148476
1088.996	148472
1089.120	148301
1089.243	148198
1089.367	148438
1089.490	148349
1089.613	148374
1089.737	148295
1089.860	148248
1089.983	148252
1090.106	148435
1090.230	148499
1090.353	148220
1090.476	148322
1090.600	148460
1090.723	148346
1090.846	148561
1090.969	148535
1091.092	148253
1091.216	148217
1091.339	148410
1091.462	148204
1091.585	148247
1091.708	148244
1091.831	148420
1091.955	148186
1092.078	148415
1092.201	148300
1092.324	148464
1092.447	148237
1092.570	148526
1092.693	148351
1092.816	148683
1092.939	147964
1093.062	148353
1093.185	148384
1093.308	148445
1093.431	148437
1093.554	148428
1093.677	148194
1093.800	148492
1093.923	148435
1094.046	148074
1094.169	148243
1094.292	148139
1094.415	148271
1094.538	148340
1094.660	148044
1094.783	148339
1094.906	148458
1095.029	148306
1095.152	148572
1095.275	148344
1095.397	148299
1095.520	148055
1095.643	148418
1095.766	148477
1095.889	148307
1096.011	148500
1096.134	148432
1096.257	148363
1096.379	148444
1096.502	148399
1096.625	148409
1096.748	148438
1096.870	148499
1096.993	148348
1097.116	148361
1097.238	148610
1097.361	148183
1097.483	148192
1097.606	148561
1097.729	148466
1097.851	148124
1097.974	148172
1098.096	148112
1098.219	147996
1098.341	148339
1098.464	148366
1098.586	148509
1098.709	148381
1098.831	148195
1098.954	148372
1099.076	148774
1099.199	148428
1099.321	148391
1099.444	148435
1099.566	148138
1099.688	148182
1099.811	148480
1099.933	148294
1100.056	148307
1100.178	148737
1100.300	148092
1100.423	148336
1100.545	148383
1100.667	148516
1100.790	148469
1100.912	148339
1101.034	148450
1101.156	148201
1101.279	148418
1101.401	148297
