450.000	18253
450.138	18087.2
450.275	18346.4
450.413	18225.9
450.550	18122.8
450.688	18265
450.826	17953.6
450.963	18107.7
451.101	18376.3
451.239	18318.2
451.376	18298.1
451.514	18615
451.651	19121.6
451.789	19260
451.927	19435
452.064	19217.2
452.202	19403.5
452.340	19381.9
452.477	19015.8
452.615	18897.7
452.752	19079.2
452.890	19032.1
453.028	18692.2
453.165	18732
453.303	19031.8
453.441	18979
453.578	19353.9
453.716	18848.1
453.853	19501.6
453.991	19969.3
454.129	19779.2
454.266	19639.7
454.404	19611.7
454.542	20038.6
454.679	20915.2
454.817	20996.3
454.954	21232.8
455.092	21756.7
455.230	20876.4
455.367	20672
455.505	20441.6
455.643	20950.8
455.780	21119.9
455.918	20962.7
456.055	20614.3
456.193	20334.2
456.331	20433.4
456.468	20674.3
456.606	20541.4
456.743	20297.4
456.881	20366.8
457.019	20513.7
457.156	20622
457.294	19997.7
457.432	20529.4
457.569	20706.6
457.707	20667.8
457.844	20913.1
457.982	21246.6
458.120	21753.4
458.257	21832.9
458.395	21817.1
458.533	21619.2
458.670	21851.8
458.808	22661.2
458.945	22596.5
459.083	22711.6
459.221	22861.4
459.358	22823.3
459.496	22669
459.634	22526.9
459.771	22528.5
459.909	22682.7
460.046	21788.8
460.184	21846.2
460.322	22299.1
460.459	22178
460.597	22777.2
460.735	22306.1
460.872	22708.8
461.010	23258.7
461.147	23080.8
461.285	22965.2
461.423	23471.8
461.560	23505.9
461.698	23225.6
461.835	23485.4
461.973	23449.5
462.111	24176.1
462.248	24375.2
462.386	24407.5
462.524	24386.9
462.661	24413.7
462.799	24309
462.936	24161.7
463.074	24330.8
463.212	24607.4
463.349	24249.5
463.487	24278.5
463.625	23739.1
463.762	24280.6
463.900	23744.5
464.037	24220.4
464.175	24443.5
464.313	24515.4
464.450	24496.3
464.588	24632.1
464.726	24811.4
464.863	24695.6
465.001	25017.3
465.138	25794.8
465.276	25691
465.414	26335.9
465.551	26484.7
465.689	26531.6
465.827	26761.1
465.964	26649.4
466.102	26655.2
466.239	26998.4
466.377	27179.6
466.515	26974.1
466.652	26806.4
466.790	26586.3
466.928	27012.4
467.065	26017.6
467.203	26348.2
467.340	26917.2
467.478	26400.8
467.616	26562
467.753	26609.5
467.891	26500.9
468.028	26395.7
468.166	26328.3
468.304	26235.3
468.441	26135.1
468.579	27031.4
468.717	26857.9
468.854	26595.3
468.992	26703.9
469.129	26792.9
469.267	27423.4
469.405	27631
469.542	27734.2
469.680	28287.5
469.818	28754.2
469.955	28868.1
470.093	29050.2
470.230	28975.1
470.368	29409.8
470.506	29122.6
470.643	30203.1
470.781	29754.6
470.919	30027.6
471.056	29945.7
471.194	29453.1
471.331	29327.8
471.469	29312.8
471.607	29391.7
471.744	29486.2
471.882	29110.3
472.020	28842.3
472.157	28968.4
472.295	29571.1
472.432	29112.3
472.570	28674.9
472.708	28770.3
472.845	29227.6
472.983	28933.2
473.120	29038.1
473.258	29588.3
473.396	29990.3
473.533	29959.8
473.671	29610.5
473.809	29886.9
473.946	29761
474.084	29991.4
474.221	30899.8
474.359	30618.2
474.497	31136.7
474.634	30982.7
474.772	31372.9
474.910	31472
475.047	31736.5
475.185	31787.3
475.322	31657.4
475.460	32371.7
475.598	32928.6
475.735	32566.7
475.873	33175.3
476.011	32045
476.148	31966.6
476.286	32280.8
476.423	32009.8
476.561	32309.6
476.699	32443.1
476.836	32290.7
476.974	32214.7
477.112	32383.4
477.249	32633.9
477.387	32685.2
477.524	32719.8
477.662	32959.7
477.800	32715.4
477.937	33851.6
478.075	33781.2
478.213	33237.4
478.350	33081.1
478.488	32986
478.625	33244.8
478.763	33634.1
478.901	33842.9
479.038	33945
479.176	34088.6
479.313	34286
479.451	34392.1
479.589	34035.2
479.726	34807.8
479.864	34600.9
480.002	34337.7
480.139	34703.9
480.277	35243.1
480.414	35630.8
480.552	35835.8
480.690	36081.2
480.827	36279.1
480.965	36566.3
481.103	37132.3
481.240	37352.4
481.378	36884.4
481.515	37085.6
481.653	37494.9
481.791	37493.7
481.928	37273.1
482.066	37687.7
482.204	38021.8
482.341	37786.7
482.479	37759.3
482.616	37907.6
482.754	37505.4
482.892	37110.8
483.029	37901.7
483.167	38537.3
483.305	38302.4
483.442	38244.3
483.580	38385.4
483.717	37944.6
483.855	38857.1
483.993	39102.6
484.130	38751
484.268	38838.9
484.405	38856.5
484.543	39032.8
484.681	39174
484.818	38773.6
484.956	38967.7
485.094	39616.4
485.231	39911.8
485.369	39581.7
485.506	39316.3
485.644	39945.6
485.782	40290.6
485.919	39999.1
486.057	40076.9
486.195	40131.1
486.332	40353.5
486.470	40942.2
486.607	41116.8
486.745	40875.7
486.883	41334.2
487.020	41673.8
487.158	42260.3
487.296	41764.1
487.433	41953.8
487.571	42044.7
487.708	42729.7
487.846	42410.7
487.984	42339.9
488.121	42433.1
488.259	42455.1
488.397	42419.9
488.534	42566.4
488.672	41911
488.809	42654.8
488.947	43324.6
489.085	43281.3
489.222	43061.1
489.360	43505
489.498	43554.1
489.635	43768
489.773	43774.5
489.910	44503.5
490.048	44655.3
490.186	44214.4
490.323	43732.6
490.461	44014.7
490.598	44891
490.736	44686.7
490.874	45786.8
491.011	45625.5
491.149	45995.8
491.287	45265.6
491.424	46356
491.562	46092.9
491.699	46328.1
491.837	46482.6
491.975	46672.2
492.112	46732.1
492.250	46670.6
492.388	46900.9
492.525	47145.7
492.663	47102.3
492.800	46627.4
492.938	46844.6
493.076	46992.9
493.213	47326.4
493.351	47414.1
493.489	47554.7
493.626	47476
493.764	47965.1
493.901	47618.4
494.039	47495
494.177	47919.2
494.314	47965.5
494.452	48190.7
494.590	48056.4
494.727	48420.6
494.865	48794.1
495.002	48703.5
495.140	48488.1
495.278	49167.9
495.415	49530.8
495.553	49256.7
495.691	48924.6
495.828	49628.2
495.966	50359.5
496.103	50461.8
496.241	50300
496.379	50404.2
496.516	50501.8
496.654	52221.7
496.791	51816.3
496.929	51875
497.067	52300.7
497.204	52862.8
497.342	52561.5
497.480	52039.3
497.617	52817
497.755	52825.9
497.892	52607.7
498.030	52780.2
498.168	53326
498.305	53644.5
498.443	53874
498.581	54175
498.718	54267.1
498.856	54664.7
498.993	54236.7
499.131	55033.4
499.269	54357.8
499.406	55140.8
499.544	55099
499.682	54766.9
499.819	55094.1
499.957	55457.3
500.094	55562.1
500.232	55804.1
500.370	55791.2
500.507	55896.9
500.645	56165.4
500.783	56190.8
500.920	55603
501.058	56298.4
501.195	56554.9
501.333	56972
501.471	56530.9
501.608	57059.1
501.746	56738.6
501.883	56772.1
502.021	58025.2
502.159	57816
502.296	57680.8
502.434	58367.7
502.572	58213.7
502.709	58595.5
502.847	59354.9
502.984	58455.1
503.122	58744.2
503.260	60060.6
503.397	60033.6
503.535	60724.4
503.673	59856.1
503.810	60420
503.948	60825
504.085	60553.8
504.223	60361.8
504.361	60918.8
504.498	61443
504.636	61104.1
504.774	60999.1
504.911	60578.4
505.049	60824.9
505.186	62403.8
505.324	61868.7
505.462	62482.1
505.599	62201.6
505.737	62890.5
505.875	62283
506.012	62601.3
506.150	63093.3
506.287	63031.9
506.425	63355.6
506.563	63442.4
506.700	63325.8
506.838	63313.9
506.976	62807.4
507.113	62783.9
507.251	63063.2
507.388	62804.5
507.526	62851.8
507.664	62363.3
507.801	62457.9
507.939	62476
508.076	61757.7
508.214	61425.4
508.352	61934.8
508.489	62179.2
508.627	61978.4
508.765	62001.3
508.902	62602.2
509.040	62767.5
509.177	62576.9
509.315	62835.2
509.453	63981.4
509.590	63724.5
509.728	62506.5
509.866	63485.9
510.003	64092.7
510.141	63399
510.278	62961.6
510.416	63247.4
510.554	62990.4
510.691	62609.2
510.829	62443.9
510.967	62427.7
511.104	61893.9
511.242	62169.4
511.379	62699.4
511.517	61861.6
511.655	61719.7
511.792	60550.3
511.930	60652.9
512.068	59757.3
512.205	59742.3
512.343	59005.9
512.480	58615.3
512.618	57760.2
512.756	56968
512.893	55914.6
513.031	55167.4
513.168	54557.4
513.306	53728.4
513.444	52917.3
513.581	51795.3
513.719	51242
513.857	50766.8
513.994	49865.9
514.132	49055
514.269	48819
514.407	48334.9
514.545	47681.8
514.682	46662.1
514.820	46020.4
514.958	45547.6
515.095	44876.3
515.233	44363.9
515.370	43786.2
515.508	43900.2
515.646	43142.6
515.783	43355.1
515.921	41996.7
516.059	41613.1
516.196	41375.1
516.334	40774.1
516.471	40252.9
516.609	39976.1
516.747	39255.4
516.884	38840
517.022	38368.6
517.160	37989.6
517.297	37954.1
517.435	37634.7
517.572	37031.5
517.710	36844.4
517.848	36747.5
517.985	36358.9
518.123	36298.4
518.261	36215.3
518.398	36105.5
518.536	35664.6
518.673	35556.8
518.811	35569.5
518.949	35562.9
519.086	35729.3
519.224	35304.9
519.361	34928.7
519.499	34699.6
519.637	34473.9
519.774	34380.9
519.912	34317.1
520.050	34267.2
520.187	34024.3
520.325	34311.9
520.462	34126.6
520.600	34466.8
520.738	33979.5
520.875	34223.2
521.013	34042.6
521.151	33776.9
521.288	33809.7
521.426	33984.8
521.563	33352.4
521.701	33494.4
521.839	33969.5
521.976	33492.1
522.114	33197
522.252	33068
522.389	32981.7
522.527	32820.3
522.664	33000.5
522.802	33121
522.940	32691.3
523.077	32539.4
523.215	33220.5
523.353	32878.5
523.490	32682.6
523.628	33022.8
523.765	32514.9
523.903	32684.5
524.041	32464.2
524.178	32424.1
524.316	32318.5
524.454	32075.1
524.591	32060.1
524.729	31890.1
524.866	31890.8
525.004	31403.3
525.142	31552.8
525.279	31861.1
525.417	31939.4
525.554	31789
525.692	31462.8
525.830	30828.9
525.967	31065.6
526.105	30860.7
526.243	30705.1
526.380	30505.8
526.518	30440.9
526.655	30572.5
526.793	30815.9
526.931	30586
527.068	30263
527.206	30271.6
527.344	30300.5
527.481	30201.5
527.619	30369.4
527.756	30405
527.894	30296.1
528.032	30006.1
528.169	29842.7
528.307	30015.3
528.445	30081.6
528.582	30221.6
528.720	29890.2
528.857	29637.6
528.995	29709.9
529.133	29736.1
529.270	29741.6
529.408	29762
529.546	29818.7
529.683	29639.3
529.821	29024.4
529.958	29019.6
530.096	29338.5
530.234	29163.8
530.371	28713.2
530.509	28672.3
530.646	28339.4
530.784	28480.2
530.922	28315.1
531.059	28201.1
531.197	28215.4
531.335	28344.5
531.472	27857.9
531.610	27172.4
531.747	27470.4
531.885	27465
532.023	27384.2
532.160	27406.8
532.298	26986.2
532.436	26772.4
532.573	26794.2
532.711	26586.3
532.848	26708
532.986	26400.6
533.124	26685.7
533.261	26359.2
533.399	25991.4
533.537	26115.9
533.674	25878.2
533.812	26024.2
533.949	26491.5
534.087	26622.7
534.225	26493.4
534.362	26328.9
534.500	25876.8
534.638	25588.4
534.775	26025.6
534.913	25756.6
535.050	25953.5
535.188	25828
535.326	25964.8
535.463	25439.8
535.601	25855.4
535.739	25567.7
535.876	25709
536.014	25606.9
536.151	25381.8
536.289	25160.6
536.427	25318.6
536.564	25024.5
536.702	25001.9
536.839	25545.8
536.977	24883.5
537.115	25200.2
537.252	25244.2
537.390	24989.6
537.528	24795.1
537.665	24887.9
537.803	24923.3
537.940	25012.9
538.078	24885.9
538.216	24766.1
538.353	24807.5
538.491	25020.6
538.629	24805.5
538.766	24885.5
538.904	24529.5
539.041	24870.2
539.179	24868.9
539.317	24686.2
539.454	24453.5
539.592	24501
539.730	24708.9
539.867	24775.8
540.005	24771.5
540.142	24961.7
540.280	25300.9
540.418	25273.6
540.555	25285.6
540.693	24753.3
540.831	25525
540.968	25442.2
541.106	25729.9
541.243	25276
541.381	25375.1
541.519	25533.5
541.656	25555.5
541.794	25785.1
541.931	25309.1
542.069	25819.9
542.207	25564.1
542.344	25790.1
542.482	25846.7
542.620	25888
542.757	26250.8
542.895	26008.2
543.032	25727
543.170	26072
543.308	26320.7
543.445	26043.6
543.583	26197.4
543.721	26673.2
543.858	26711.4
543.996	26936.4
544.133	26697.9
544.271	26568.4
544.409	26656.1
544.546	27040.5
544.684	27144
544.822	27299.1
544.959	27057.7
545.097	26863.2
545.234	26963.9
545.372	26764.2
545.510	27058.8
545.647	27385.7
545.785	27317.2
545.923	26951.6
546.060	27397.1
546.198	27868.9
546.335	28155.9
546.473	27851.9
546.611	27677.1
546.748	27360.8
546.886	27581
547.024	27937.8
547.161	28177.2
547.299	28149.3
547.436	28107.5
547.574	27852.5
547.712	28308.5
547.849	28715.5
547.987	28812
548.124	28521.9
548.262	28500.8
548.400	28798.1
548.537	28887.1
548.675	28757.3
548.813	28839.5
548.950	29141.6
549.088	29302.3
549.225	29641
549.363	29491.6
549.501	29738.9
549.638	29114.7
549.776	29579
549.914	29886
550.051	30364.9
550.189	30381.5
550.326	30269.2
550.464	30181.1
550.602	30061.8
550.739	30131.4
550.877	30348.6
551.015	30283.4
551.152	30272.5
551.290	30812.3
551.427	30668.8
551.565	30230.1
551.703	30530.6
551.840	30859.5
551.978	30638.7
552.116	30424
552.253	30646.7
552.391	30646.5
552.528	30847.8
552.666	30777
552.804	30868.9
552.941	30713.9
553.079	30741.9
553.217	30818.8
553.354	30980.1
553.492	30459.6
553.629	30582.6
553.767	30489.8
553.905	30617.1
554.042	30218.2
554.180	30340.3
554.317	30716.9
554.455	30577
554.593	30782.2
554.730	31312.7
554.868	30945.1
555.006	30566.3
555.143	30485.7
555.281	31017.4
555.418	30482.7
555.556	30872.2
555.694	30762.2
555.831	30959.6
555.969	31331.6
556.107	30955.3
556.244	31094.1
556.382	31686.6
556.519	31267.6
556.657	30962.8
556.795	31639
556.932	31270.2
557.070	31438.3
557.208	32371.5
557.345	31324.8
557.483	31366.4
557.620	32014.2
557.758	31960.8
557.896	31946
558.033	32223.8
558.171	32332.8
558.309	31966.1
558.446	31751.7
558.584	32528.3
558.721	32534.1
558.859	31760.8
558.997	33177.3
559.134	32812.7
559.272	33292.5
559.409	33081.2
559.547	32941.5
559.685	33451.7
559.822	33348.1
559.960	33479.3
560.098	33717.8
560.235	33783.5
560.373	34194.1
560.510	34478.5
560.648	33577.5
560.786	34041.9
560.923	33425.5
561.061	33896.8
561.199	33771.6
561.336	33925.1
561.474	34176.4
561.611	34522.2
561.749	34156.1
561.887	34070.4
562.024	34280.1
562.162	34424.8
562.300	34320.8
562.437	33957.8
562.575	33959.2
562.712	34375.9
562.850	34094.5
562.988	35794.6
563.125	34932.4
563.263	34328.6
563.401	35624.2
563.538	35369
563.676	35321.9
563.813	34949.3
563.951	34679.1
564.089	34809
564.226	35264.7
564.364	35266.7
564.502	34813.6
564.639	35352.1
564.777	36158.9
564.914	35658.8
565.052	34933.4
565.190	35383.1
565.327	36247.9
565.465	35077.8
565.602	35480.7
565.740	36177.5
565.878	36356.2
566.015	36881.4
566.153	37024.1
566.291	36698.5
566.428	36492.2
566.566	36312.9
566.703	37002.5
566.841	36270.1
566.979	36477.8
567.116	36698.8
567.254	37417.9
567.392	37323.6
567.529	36915.7
567.667	36876.4
567.804	36895.7
567.942	37572.1
568.080	37929.5
568.217	37608.8
568.355	37277
568.493	37374.2
568.630	37747.4
568.768	38214.8
568.905	37609.4
569.043	37860.6
569.181	38142
569.318	38192.5
569.456	38240.8
569.594	38180.5
569.731	38554.7
569.869	38267.1
570.006	39114.7
570.144	39238.6
570.282	38745.9
570.419	38992.7
570.557	39175.9
570.694	38970.1
570.832	39842.9
570.970	39397.6
571.107	39673
571.245	40316.7
571.383	39925.3
571.520	40052.7
571.658	39593.1
571.795	40494
571.933	40831.3
572.071	40750.2
572.208	40884.6
572.346	40983.9
572.484	40905.5
572.621	41085.7
572.759	41293.9
572.896	40925.9
573.034	41058.6
573.172	40625.7
573.309	41014.8
573.447	40465.4
573.585	40792
573.722	41065.4
573.860	42036.4
573.997	41249.8
574.135	41637.4
574.273	41870.2
574.410	41423.8
574.548	41463
574.686	41576.7
574.823	41469.8
574.961	41951.5
575.098	41556.3
575.236	41626.7
575.374	42437.5
575.511	41913.1
575.649	41475.5
575.787	41516.2
575.924	42034.3
576.062	42042
576.199	43083.5
576.337	43295.5
576.475	42434.4
576.612	42205.6
576.750	42493
576.887	42337.5
577.025	42360.3
577.163	42999.4
577.300	42827.8
577.438	42013.5
577.576	43331.1
577.713	44165.7
577.851	43592.9
577.988	43131.6
578.126	43425.2
578.264	43877.8
578.401	43525.3
578.539	43847.1
578.677	43441.7
578.814	43382.8
578.952	43934.8
579.089	44240.3
579.227	44346.5
579.365	44419.7
579.502	44731.7
579.640	44048.5
579.778	44340.7
579.915	45043.3
580.053	45656.8
580.190	45937
580.328	44704.3
580.466	44835.9
580.603	44366.2
580.741	45050.4
580.879	45232.5
581.016	45789.1
581.154	45921.1
581.291	45590.5
581.429	46157.8
581.567	46414.1
581.704	45933
581.842	45854.5
581.979	46184.7
582.117	45116.9
582.255	46257.2
582.392	46377
582.530	46396.6
582.668	45685.2
582.805	45870.6
582.943	46828.7
583.080	47219.9
583.218	47570.4
583.356	47244.4
583.493	46597.7
583.631	46862.1
583.769	47413.7
583.906	47337.8
584.044	47233.6
584.181	47250.7
584.319	47627.1
584.457	47254.2
584.594	47060
584.732	48108.6
584.870	46970
585.007	47216.9
585.145	48541.6
585.282	48196.6
585.420	47888.6
585.558	48588.3
585.695	48814
585.833	48694.3
585.971	48686.1
586.108	48111.8
586.246	48099.5
586.383	48162.5
586.521	48455.7
586.659	49394.5
586.796	48529.2
586.934	48520.3
587.072	49039.7
587.209	48785.2
587.347	50061.6
587.484	49886.9
587.622	49684.2
587.760	50533.4
587.897	50684.9
588.035	50643.6
588.172	50639.9
588.310	50309.9
588.448	50526.9
588.585	50906.6
588.723	51937.4
588.861	51634.6
588.998	51813.2
589.136	51657.2
589.273	50683.8
589.411	50896.4
589.549	50985.3
589.686	50915.4
589.824	51251.1
589.962	52090.6
590.099	51203.5
590.237	51455.6
590.374	52446.3
590.512	52320.6
590.650	51416.2
590.787	51362.5
590.925	52631.6
591.063	51803.9
591.200	51661.2
591.338	51326.1
591.475	52219.3
591.613	52068.5
591.751	53006.8
591.888	52582.1
592.026	52730.7
592.164	52594.6
592.301	53176.2
592.439	53546
592.576	53700.7
592.714	53869.9
592.852	53670.6
592.989	53393.4
593.127	53228.1
593.265	53101.5
593.402	53834.1
593.540	54043.1
593.677	54178.1
593.815	54415.1
593.953	53847.2
594.090	52921.7
594.228	53584.1
594.365	55017.8
594.503	54720
594.641	54387.5
594.778	54879.6
594.916	54819.2
595.054	55208.6
595.191	55313.8
595.329	55223.1
595.466	55264.4
595.604	55029.1
595.742	55267.8
595.879	55824.3
596.017	55243.8
596.155	55261.8
596.292	55669.7
596.430	55224.2
596.567	56123.7
596.705	56315
596.843	56196.3
596.980	56439.2
597.118	57099.2
597.256	56912.2
597.393	57321.5
597.531	56891
597.668	56702.4
597.806	56381.1
597.944	56932.5
598.081	57610.7
598.219	56987.9
598.357	58242.1
598.494	56704.7
598.632	57289.8
598.769	57223.3
598.907	57331.7
599.045	57694.8
599.182	57591.7
599.320	58041.6
599.457	58121.8
599.595	57602.9
599.733	57869.5
599.870	57317
600.008	57485.3
600.146	58299.2
600.283	58466.3
600.421	58501.8
600.558	58486.7
600.696	58183.7
600.834	58904.3
600.971	59673.5
601.109	58649.3
601.247	59352.3
601.384	59295.2
601.522	59727.3
601.659	59258
601.797	59580.5
601.935	58846.8
602.072	60144
602.210	60145.5
602.348	59799
602.485	59530.9
602.623	59391.5
602.760	60087.4
602.898	59949.6
603.036	60555.2
603.173	61046.2
603.311	59837.9
603.449	60279.3
603.586	60821.9
603.724	61048.6
603.861	60899.1
603.999	61497.8
604.137	61248.5
604.274	59988
604.412	59438.9
604.550	61037.2
604.687	61705.6
604.825	61630.8
604.962	61817.6
605.100	60991.5
605.238	60846.1
605.375	62606.3
605.513	62524.3
605.650	61936
605.788	62263.2
605.926	61957.5
606.063	61866.4
606.201	62353.9
606.339	63154.3
606.476	63290
606.614	62991.3
606.751	62415.3
606.889	62127
607.027	62734.5
607.164	63639.5
607.302	63789.8
607.440	63283.3
607.577	63031.2
607.715	63284.2
607.852	63353.8
607.990	63897.4
608.128	63858.6
608.265	63740.7
608.403	63366
608.541	63398.1
608.678	63873.6
608.816	63495.9
608.953	63776.7
609.091	63636.8
609.229	62846.5
609.366	63415
609.504	63977.3
609.642	63521.1
609.779	64443.7
609.917	63943.2
610.054	64581.4
610.192	64383.6
610.330	64014.6
610.467	65021.6
610.605	64564.8
610.742	64191.7
610.880	64915.5
611.018	65047.2
611.155	64895.3
611.293	64902.2
611.431	64539.1
611.568	64741.8
611.706	64986.3
611.843	64961.5
611.981	65009.1
612.119	65352.7
612.256	66076.8
612.394	66460.8
612.532	65232.4
612.669	66698.3
612.807	66214.9
612.944	66699.9
613.082	65927.7
613.220	66839
613.357	67060
613.495	66934.5
613.633	68007.4
613.770	67707
613.908	67159.3
614.045	66835.8
614.183	66587.3
614.321	66908.4
614.458	67243.9
614.596	67455.3
614.734	67464.5
614.871	67378.7
615.009	68024.5
615.146	67747.3
615.284	67815.2
615.422	68336.7
615.559	68466.3
615.697	68486.9
615.835	67874.7
615.972	68425.7
616.110	68874.2
616.247	68962.9
616.385	69668.4
616.523	69327.9
616.660	68824.3
616.798	68463.7
616.935	69022.7
617.073	69452
617.211	69602
617.348	69884
617.486	69925.6
617.624	70275.1
617.761	69545.5
617.899	70110.7
618.036	69879.7
618.174	70173.5
618.312	69584.3
618.449	70569.8
618.587	70823.4
618.725	70725.3
618.862	71198.3
619.000	72080.2
619.137	72138.2
619.275	71266
619.413	71649.2
619.550	71297.3
619.688	71285.2
619.826	71723.3
619.963	71942.1
620.101	71696.1
620.238	71361.9
620.376	71868.2
620.514	72768.7
620.651	72387.3
620.789	71492.5
620.927	71684.4
621.064	72455
621.202	72427.9
621.339	72906.4
621.477	71857.7
621.615	72911.6
621.752	72878.6
621.890	72749.8
622.027	73349.1
622.165	72996.9
622.303	73193.3
622.440	73358.8
622.578	73783.6
622.716	73726.9
622.853	73555.1
622.991	74123.3
623.128	74209.6
623.266	73752.2
623.404	74170.2
623.541	74157.9
623.679	73941.3
623.817	74191.3
623.954	73907.4
624.092	74859.5
624.229	74849.1
624.367	74696.7
624.505	74817.5
624.642	74820.4
624.780	74661.6
624.918	74920.7
625.055	75297.3
625.193	75211.4
625.330	75420.2
625.468	75381.1
625.606	75345.3
625.743	75374.3
625.881	75142.4
626.019	75525
626.156	76009.8
626.294	76043.1
626.431	75887
626.569	75947.3
626.707	75950.9
626.844	75721.9
626.982	75665.3
627.120	75880.5
627.257	75912.9
627.395	76848.6
627.532	76317.8
627.670	76505.1
627.808	76254.7
627.945	76650.1
628.083	76860.8
628.220	77311.6
628.358	76900.1
628.496	77200.8
628.633	77087
628.771	78270.1
628.909	78227.4
629.046	77941.6
629.184	78368.1
629.321	78493.6
629.459	77994.5
629.597	77637.4
629.734	77446.7
629.872	78279
630.010	78616.3
630.147	78725.1
630.285	79508
630.422	79712.5
630.560	80070.6
630.698	79846.8
630.835	79521.7
630.973	79189.2
631.111	78826.6
631.248	79056.9
631.386	78846.9
631.523	80121.8
631.661	79080.8
631.799	80127
631.936	79470.6
632.074	80071.3
632.212	79980.3
632.349	79456.6
632.487	79474.9
632.624	80690
632.762	81031.6
632.900	81382.3
633.037	81731
633.175	81546.3
633.313	81522.4
633.450	81889.5
633.588	82619.7
633.725	81857.9
633.863	81801
634.001	81719.8
634.138	81915.8
634.276	82870.7
634.413	83139.2
634.551	82575.8
634.689	83221.1
634.826	83636.1
634.964	82883.4
635.102	82559.5
635.239	83271.3
635.377	83133.1
635.514	84019.4
635.652	83073.4
635.790	83975.5
635.927	84319.3
636.065	84545.8
636.203	84703.8
636.340	84404.6
636.478	84288
636.615	84310.8
636.753	84775.7
636.891	85006.2
637.028	84981.2
637.166	84741
637.304	84130
637.441	84986
637.579	85086.6
637.716	84773.5
637.854	85576.8
637.992	86030.6
638.129	85487.7
638.267	85137.1
638.405	86475.2
638.542	86352.4
638.680	86422.6
638.817	86950.3
638.955	86356.6
639.093	86732.7
639.230	86281.9
639.368	86240.3
639.505	87276.5
639.643	86855
639.781	86859.5
639.918	87240.9
640.056	87055.3
640.194	86990.4
640.331	87584.1
640.469	87709.3
640.606	87541.8
640.744	87307.9
640.882	87525
641.019	88874.1
641.157	89176.8
641.295	88189.8
641.432	88727.7
641.570	88711.9
641.707	88986.1
641.845	88791.4
641.983	88631.9
642.120	88479.9
642.258	88457.5
642.396	89855.9
642.533	89612.7
642.671	89991.7
642.808	90597.3
642.946	89690.3
643.084	89385.9
643.221	89788.1
643.359	90012.8
643.497	89587.4
643.634	90041.9
643.772	90453
643.909	90603.5
644.047	90959.9
644.185	91598.8
644.322	91676.5
644.460	92311.5
644.598	91379.9
644.735	90911
644.873	91111.3
645.010	90894.2
645.148	90809.7
645.286	91350.6
645.423	91753.4
645.561	91096.1
645.698	91877.6
645.836	91938.2
645.974	92069.3
646.111	92796.3
646.249	93232.9
646.387	93436
646.524	92951.7
646.662	93140.2
646.799	92742.2
646.937	93024.9
647.075	93606.5
647.212	94617.6
647.350	94164.7
647.488	94872.6
647.625	95103.9
647.763	94609.3
647.900	95516.4
648.038	94507.6
648.176	95726.4
648.313	94585.3
648.451	95369.1
648.589	96384.1
648.726	95843.6
648.864	95563.3
649.001	96359.4
649.139	96384.5
649.277	96384.5
649.414	96776.9
649.552	96057.5
649.690	96150.4
649.827	96390.2
649.965	95669.8
650.102	96680.5
650.240	95681.5
650.378	96151.6
650.515	96185.3
650.653	97598.3
650.790	97159.8
650.928	96373
651.066	97731.4
651.203	97294.8
651.341	96715.3
651.479	97454.1
651.616	97019
651.754	97489.7
651.891	97382.7
652.029	97333.4
652.167	97245.9
652.304	97154.8
652.442	96906.7
652.580	98895.8
652.717	98323.1
652.855	99008.6
652.992	99194.1
653.130	97984.2
653.268	98809.4
653.405	99287.8
653.543	98978.2
653.681	98958.9
653.818	98821.5
653.956	99448.9
654.093	99313.4
654.231	99297.4
654.369	100078
654.506	100974
654.644	101138
654.782	100033
654.919	101067
655.057	100660
655.194	100852
655.332	100345
655.470	100662
655.607	99813.8
655.745	101058
655.883	100880
656.020	101325
656.158	101152
656.295	100519
656.433	101518
656.571	101603
656.708	101771
656.846	101481
656.983	102889
657.121	102488
657.259	102765
657.396	101780
657.534	102966
657.672	103259
657.809	102671
657.947	102070
658.084	102333
658.222	102854
658.360	103146
658.497	103106
658.635	102488
658.773	102366
658.910	103117
659.048	103730
659.185	103374
659.323	103643
659.461	103473
659.598	103252
659.736	103250
659.874	104020
660.011	103143
660.149	104731
660.286	103894
660.424	104119
660.562	104490
660.699	104513
660.837	104762
660.975	105139
661.112	105075
661.250	105738
661.387	106472
661.525	105707
661.663	105952
661.800	106152
661.938	105767
662.076	105500
662.213	105590
662.351	106635
662.488	105843
662.626	104919
662.764	105805
662.901	105754
663.039	105845
663.176	106551
663.314	107117
663.452	107050
663.589	107044
663.727	106900
663.865	107169
664.002	107451
664.140	106462
664.277	106693
664.415	107925
664.553	109065
664.690	108808
664.828	107671
664.966	107976
665.103	108640
665.241	110115
665.378	110472
665.516	109631
665.654	110588
665.791	109980
665.929	109541
666.067	109155
666.204	109854
666.342	109360
666.479	109876
666.617	110685
666.755	110952
666.892	110357
667.030	110912
667.168	110335
667.305	109982
667.443	109604
667.580	110388
667.718	110044
667.856	110380
667.993	110628
668.131	111523
668.268	111765
668.406	111650
668.544	111713
668.681	112355
668.819	113274
668.957	113273
669.094	112871
669.232	112829
669.369	114609
669.507	113421
669.645	114348
669.782	113784
669.920	114043
670.058	114095
670.195	113722
670.333	113807
670.470	114680
670.608	114928
670.746	115340
670.883	114893
671.021	114838
671.159	114972
671.296	115294
671.434	115920
671.571	116390
671.709	117070
671.847	115925
671.984	116530
672.122	117028
672.260	117017
672.397	115897
672.535	115812
672.672	117423
672.810	117018
672.948	117507
673.085	117544
673.223	117438
673.361	117211
673.498	118480
673.636	118919
673.773	118166
673.911	118322
674.049	118759
674.186	118328
674.324	118727
674.461	118974
674.599	118792
674.737	119413
674.874	118862
675.012	120171
675.150	120600
675.287	121400
675.425	121238
675.562	119636
675.700	119621
675.838	120149
675.975	120702
676.113	120494
676.251	120408
676.388	119972
676.526	120680
676.663	121994
676.801	121666
676.939	121496
677.076	121462
677.214	120986
677.352	120750
677.489	120380
677.627	122860
677.764	122894
677.902	122078
678.040	122560
678.177	121784
678.315	123150
678.453	123184
678.590	123129
678.728	122589
678.865	122395
679.003	122453
679.141	122618
679.278	123336
679.416	123974
679.553	123634
679.691	123187
679.829	122853
679.966	123126
680.104	122849
680.242	122953
680.379	123657
680.517	122809
680.654	123466
680.792	125203
680.930	124263
681.067	123427
681.205	124855
681.343	124484
681.480	125552
681.618	125761
681.755	126106
681.893	125416
682.031	125675
682.168	125726
682.306	125678
682.444	126321
682.581	126361
682.719	126390
682.856	127543
682.994	127853
683.132	126160
683.269	126744
683.407	125994
683.545	127342
683.682	126052
683.820	127138
683.957	127488
684.095	127400
684.233	127347
684.370	127266
684.508	126732
684.646	127993
684.783	127798
684.921	127997
685.058	128829
685.196	129425
685.334	129362
685.471	129102
685.609	130108
685.746	131064
685.884	130274
686.022	130770
686.159	133018
686.297	131074
686.435	131531
686.572	130875
686.710	130806
686.847	131585
686.985	129814
687.123	131263
687.260	130835
687.398	129505
687.536	130679
687.673	131579
687.811	131630
687.948	131353
688.086	131298
688.224	132586
688.361	133254
688.499	133332
688.637	133521
688.774	134006
688.912	134129
689.049	133471
689.187	133928
689.325	132556
689.462	131985
689.600	134782
689.738	132182
689.875	134192
690.013	133870
690.150	134997
690.288	134393
690.426	134139
690.563	136171
690.701	136385
690.838	136858
690.976	137458
691.114	137801
691.251	137151
691.389	136541
691.527	136605
691.664	137197
691.802	137522
691.939	137425
692.077	137951
692.215	138066
692.352	136807
692.490	137501
692.628	138055
692.765	139242
692.903	137768
693.040	137573
693.178	137761
693.316	137092
693.453	136876
693.591	139006
693.729	139820
693.866	138870
694.004	139371
694.141	138880
694.279	138437
694.417	139514
694.554	140755
694.692	140938
694.830	140340
694.967	140866
695.105	141714
695.242	141788
695.380	141870
695.518	141012
695.655	141758
695.793	142240
695.931	140427
696.068	141398
696.206	140693
696.343	140529
696.481	140221
696.619	140113
696.756	141362
696.894	139573
697.031	141117
697.169	141449
697.307	140965
697.444	140870
697.582	141485
697.720	142524
697.857	142757
697.995	142471
698.132	143892
698.270	145701
698.408	145946
698.545	145244
698.683	145332
698.821	146729
698.958	146039
699.096	144314
699.233	144639
699.371	146654
699.509	148469
699.646	147383
699.784	147527
699.922	148960
700.059	147255
700.197	147174
700.334	148261
700.472	147392
700.610	147641
700.747	146581
700.885	146500
701.023	145926
701.160	146176
701.298	147316
701.435	146125
701.573	146667
701.711	147502
701.848	146849
701.986	147092
702.124	147927
702.261	149103
702.399	149035
702.536	150334
702.674	149373
702.812	150271
702.949	149882
703.087	150503
703.224	149599
703.362	151681
703.500	150717
703.637	151282
703.775	150917
703.913	152156
704.050	151140
704.188	152229
704.325	152260
704.463	152936
704.601	153594
704.738	153291
704.876	153456
705.014	152358
705.151	152053
705.289	152119
705.426	152440
705.564	152980
705.702	152613
705.839	152711
705.977	153302
706.115	153625
706.252	153710
706.390	153108
706.527	154407
706.665	152439
706.803	155141
706.940	154625
707.078	154111
707.216	154281
707.353	157304
707.491	156100
707.628	156895
707.766	157472
707.904	156939
708.041	157476
708.179	158008
708.316	157450
708.454	159343
708.592	160386
708.729	158665
708.867	159046
709.005	161039
709.142	159983
709.280	159165
709.417	159583
709.555	158761
709.693	158085
709.830	158504
709.968	159120
710.106	158179
710.243	158581
710.381	157672
710.518	159260
710.656	158017
710.794	158058
710.931	158673
711.069	159203
711.207	159107
711.344	161127
711.482	160577
711.619	162195
711.757	163496
711.895	163191
712.032	162642
712.170	163746
712.308	164801
712.445	163631
712.583	162706
712.720	165337
712.858	165386
712.996	164384
713.133	164157
713.271	164502
713.409	165578
713.546	164546
713.684	162506
713.821	162657
713.959	162931
714.097	162701
714.234	162465
714.372	162545
714.509	161934
714.647	161697
714.785	163069
714.922	162826
715.060	162820
715.198	161488
715.335	163585
715.473	164137
715.610	164921
715.748	165083
715.886	165808
716.023	165340
716.161	167292
716.299	167426
716.436	168202
716.574	167222
716.711	167834
716.849	169492
716.987	169868
717.124	169350
717.262	166396
717.400	165957
717.537	167412
717.675	166011
717.812	165328
717.950	164996
718.088	164399
718.225	165325
718.363	165684
718.501	166818
718.638	166735
718.776	166641
718.913	167997
719.051	169646
719.189	169403
719.326	168185
719.464	169379
719.601	167951
719.739	168805
719.877	168784
720.014	168279
720.152	170598
720.290	170886
720.427	172098
720.565	169829
720.702	171361
720.840	171574
720.978	171860
721.115	171103
721.253	172897
721.391	172908
721.528	171755
721.666	171028
721.803	169994
721.941	170055
722.079	170368
722.216	170828
722.354	169913
722.492	169625
722.629	169895
722.767	168894
722.904	168575
723.042	168764
723.180	168904
723.317	169924
723.455	170111
723.593	169560
723.730	171051
723.868	173939
724.005	172090
724.143	173305
724.281	172602
724.418	173857
724.556	173958
724.694	171600
724.831	173221
724.969	174141
725.106	174018
725.244	171145
725.382	175470
725.519	173724
725.657	175313
725.794	173382
725.932	175151
726.070	177244
726.207	175653
726.345	175504
726.483	175481
726.620	174840
726.758	175346
726.895	173914
727.033	173596
727.171	173295
727.308	173920
727.446	174265
727.584	174079
727.721	173751
727.859	173505
727.996	174374
728.134	176687
728.272	178067
728.409	177877
728.547	179571
728.685	179985
728.822	180380
728.960	180890
729.097	178412
729.235	179605
729.373	180631
729.510	179974
729.648	179489
729.786	179370
729.923	180263
730.061	180733
730.198	179115
730.336	179326
730.474	177494
730.611	178456
730.749	180025
730.887	177500
731.024	177015
731.162	177366
731.299	175214
731.437	175986
731.575	176921
731.712	177351
731.850	177522
731.987	175894
732.125	175481
732.263	178247
732.400	179366
732.538	179701
732.676	180427
732.813	179906
732.951	181144
733.088	179594
733.226	179937
733.364	181565
733.501	182081
733.639	182272
733.777	181482
733.914	182482
734.052	183932
734.189	183692
734.327	182843
734.465	181608
734.602	180574
734.740	180004
734.878	178583
735.015	177240
735.153	178303
735.290	177353
735.428	174975
735.566	176618
735.703	177864
735.841	178239
735.979	178846
736.116	178870
736.254	178238
736.391	178675
736.529	180665
736.667	181235
736.804	179978
736.942	180363
737.079	181874
737.217	182595
737.355	184244
737.492	186569
737.630	184744
737.768	183950
737.905	184349
738.043	186168
738.180	184839
738.318	184064
738.456	183559
738.593	183541
738.731	182431
738.869	182511
739.006	183495
739.144	184942
739.281	183709
739.419	184064
739.557	184333
739.694	182269
739.832	182000
739.970	182092
740.107	181108
740.245	181069
740.382	182144
740.520	183512
740.658	184179
740.795	184046
740.933	184282
741.071	184584
741.208	184059
741.346	184896
741.483	183726
741.621	183176
741.759	185111
741.896	186627
742.034	186123
742.172	187705
742.309	187927
742.447	187818
742.584	187845
742.722	188399
742.860	187813
742.997	187318
743.135	189419
743.272	189841
743.410	188998
743.548	188906
743.685	189072
743.823	187242
743.961	187729
744.098	187154
744.236	189871
744.373	189964
744.511	187594
744.649	188224
744.786	188023
744.924	185185
745.062	184024
745.199	184208
745.337	184167
745.474	183560
745.612	182891
745.750	185315
745.887	184696
746.025	183846
746.163	185083
746.300	186253
746.438	187089
746.575	185074
746.713	185760
746.851	188298
746.988	188884
747.126	188598
747.264	188685
747.401	189302
747.539	190121
747.676	188641
747.814	188777
747.952	189929
748.089	190106
748.227	190857
748.364	191056
748.502	190668
748.640	189837
748.777	187660
748.915	186883
749.053	187117
749.190	186522
749.328	186681
749.465	187151
749.603	188569
749.741	189927
749.878	189251
750.016	188228
750.154	188382
750.291	188675
750.429	186249
750.566	186111
750.704	186219
750.842	186349
750.979	186319
751.117	185652
751.255	187822
751.392	189746
751.530	188048
751.667	188890
751.805	189851
751.943	190117
752.080	192287
752.218	192833
752.356	192084
752.493	192789
752.631	194350
752.768	192122
752.906	192353
753.044	193838
753.181	193157
753.319	192530
753.457	191665
753.594	192314
753.732	194699
753.869	194217
754.007	194504
754.145	193717
754.282	194232
754.420	193906
754.557	191527
754.695	191957
754.833	190617
754.970	189012
755.108	188921
755.246	188858
755.383	188348
755.521	188294
755.658	189787
755.796	190008
755.934	189915
756.071	189493
756.209	189962
756.347	190743
756.484	190476
756.622	190422
756.759	191362
756.897	191900
757.035	190072
757.172	189725
757.310	190180
757.448	191227
757.585	192055
757.723	192649
757.860	193455
757.998	193577
758.136	192994
758.273	192769
758.411	191423
758.549	192056
758.686	191405
758.824	192397
758.961	194114
759.099	193637
759.237	195352
759.374	196054
759.512	196512
759.649	195917
759.787	194231
759.925	195004
760.062	195135
760.200	195846
760.338	197372
760.475	196707
760.613	195911
760.750	196426
760.888	195908
761.026	195176
761.163	193749
761.301	193864
761.439	195378
761.576	195296
761.714	194711
761.851	195778
761.989	194941
762.127	192993
762.264	193985
762.402	194143
762.540	193565
762.677	193578
762.815	194131
762.952	195285
763.090	195950
763.228	197254
763.365	196756
763.503	196875
763.641	196095
763.778	195930
763.916	194010
764.053	194436
764.191	195254
764.329	196068
764.466	196078
764.604	197043
764.742	196342
764.879	196249
765.017	196219
765.154	194425
765.292	196175
765.430	196589
765.567	195722
765.705	195754
765.842	196886
765.980	196273
766.118	197480
766.255	198296
766.393	200603
766.531	200822
766.668	200550
766.806	201280
766.943	201412
767.081	199761
767.219	202073
767.356	201832
767.494	201595
767.632	204381
767.769	203555
767.907	202840
768.044	201822
768.182	201765
768.320	201945
768.457	201384
768.595	200524
768.733	199986
768.870	200352
769.008	200664
769.145	200294
769.283	198854
769.421	199230
769.558	199029
769.696	199672
769.834	197936
769.971	196447
770.109	196924
770.246	198574
770.384	198214
770.522	197810
770.659	199104
770.797	198988
770.935	198487
771.072	198698
771.210	199878
771.347	200316
771.485	199719
771.623	199166
771.760	201387
771.898	200786
772.035	200068
772.173	201890
772.311	201957
772.448	200506
772.586	201823
772.724	200786
772.861	200232
772.999	200595
773.136	198760
773.274	199331
773.412	198508
773.549	199093
773.687	199360
773.825	198283
773.962	200080
774.100	198672
774.237	198949
774.375	198748
774.513	197987
774.650	198630
774.788	199382
774.926	198287
775.063	198838
775.201	200140
775.338	198919
775.476	198446
775.614	197850
775.751	200991
775.889	200513
776.027	200025
776.164	199392
776.302	201130
776.439	200434
776.577	198726
776.715	198625
776.852	199422
776.990	199966
777.127	201448
777.265	200450
777.403	201394
777.540	200860
777.678	201644
777.816	201479
777.953	203332
778.091	202601
778.228	202758
778.366	202713
778.504	203967
778.641	204721
778.779	203641
778.917	204253
779.054	202644
779.192	203055
779.329	202415
779.467	202531
779.605	203342
779.742	201373
779.880	202050
780.018	202876
780.155	201683
780.293	200987
780.430	201560
780.568	201678
780.706	200845
780.843	202395
780.981	200670
781.119	202364
781.256	200273
781.394	200367
781.531	199489
781.669	201050
781.807	202521
781.944	202059
782.082	198325
782.220	199354
782.357	201800
782.495	200200
782.632	201165
782.770	202177
782.908	201952
783.045	202645
783.183	200595
783.320	200669
783.458	201936
783.596	201328
783.733	203285
783.871	202319
784.009	201094
784.146	202168
784.284	201408
784.421	202607
784.559	201485
784.697	201051
784.834	200310
784.972	198389
785.110	201065
785.247	199842
785.385	199634
785.522	200266
785.660	199449
785.798	200225
785.935	199232
786.073	199638
786.211	199253
786.348	198877
786.486	199476
786.623	200639
786.761	200016
786.899	198885
787.036	199830
787.174	199783
787.312	200751
787.449	200101
787.587	200222
787.724	200892
787.862	200700
788.000	199570
788.137	200267
788.275	202115
788.412	202522
788.550	203573
788.688	202642
788.825	200699
788.963	200963
789.101	200223
789.238	200722
789.376	201349
789.513	201702
789.651	200734
789.789	200568
789.926	200875
790.064	200083
790.202	200986
790.339	199758
790.477	201170
790.614	199780
790.752	201545
790.890	200469
791.027	201168
791.165	201596
791.303	200943
791.440	199676
791.578	200265
791.715	200762
791.853	201172
791.991	200929
792.128	201089
792.266	201413
792.404	200313
792.541	200550
792.679	202705
792.816	202692
792.954	201039
793.092	202119
793.229	203492
793.367	202748
793.505	203958
793.642	204490
793.780	203109
793.917	203448
794.055	203447
794.193	203639
794.330	202648
794.468	203286
794.605	203386
794.743	202889
794.881	203833
795.018	203430
795.156	204230
795.294	202828
795.431	203127
795.569	204750
795.706	201678
795.844	202481
795.982	200306
796.119	202879
796.257	201626
796.395	201051
796.532	200892
796.670	201927
796.807	200834
796.945	201464
797.083	200432
797.220	199560
797.358	200892
797.496	202026
797.633	200618
797.771	199570
797.908	199202
798.046	199383
798.184	198624
798.321	199347
798.459	200960
798.597	200596
798.734	201315
798.872	202128
799.009	201195
799.147	200205
799.285	200845
799.422	201401
799.560	200888
799.698	200688
799.835	202247
799.973	200639
800.110	200708
800.248	201480
800.386	201455
800.523	201247
800.661	200244
800.798	200106
800.936	200998
801.074	201148
801.211	202966
801.349	201622
801.487	199909
801.624	200260
801.762	200234
801.899	201154
802.037	198667
802.175	201798
802.312	199975
802.450	202075
802.588	199380
802.725	200012
802.863	200422
803.000	199772
803.138	199586
803.276	201304
803.413	201274
803.551	201085
803.689	202489
803.826	201480
803.964	200868
804.101	201293
804.239	201615
804.377	201486
804.514	201168
804.652	201438
804.790	202154
804.927	201817
805.065	201634
805.202	201652
805.340	201652
805.478	202203
805.615	202330
805.753	202479
805.890	202552
806.028	201432
806.166	201583
806.303	202750
806.441	203326
806.579	203478
806.716	203009
806.854	202293
806.991	202230
807.129	202772
807.267	202876
807.404	204482
807.542	202598
807.680	202530
807.817	204316
807.955	204742
808.092	201804
808.230	201999
808.368	201809
808.505	204032
808.643	201995
808.781	200063
808.918	203389
809.056	203702
809.193	200065
809.331	202620
809.469	201899
809.606	202720
809.744	204109
809.882	201996
810.019	201074
810.157	201856
810.294	204020
810.432	203249
810.570	203879
810.707	203262
810.845	204728
810.983	203360
811.120	202575
811.258	202346
811.395	201923
811.533	202245
811.671	202002
811.808	202941
811.946	202548
812.083	201516
812.221	202950
812.359	203628
812.496	202835
812.634	202087
812.772	200486
812.909	200401
813.047	201098
813.184	200968
813.322	201931
813.460	202451
813.597	202157
813.735	202751
813.873	201980
814.010	201145
814.148	201083
814.285	200814
814.423	201862
814.561	202258
814.698	200825
814.836	201797
814.974	203209
815.111	202761
815.249	201954
815.386	203244
815.524	202708
815.662	201687
815.799	203444
815.937	201871
816.075	202256
816.212	200725
816.350	201792
816.487	200569
816.625	200988
816.763	200742
816.900	201004
817.038	202311
817.175	199728
817.313	199280
817.451	200840
817.588	201990
817.726	202026
817.864	201098
818.001	200709
818.139	202888
818.276	202693
818.414	202884
818.552	202003
818.689	202923
818.827	204464
818.965	203758
819.102	205405
819.240	204663
819.377	204903
819.515	202272
819.653	204367
819.790	204859
819.928	202491
820.066	203293
820.203	203896
820.341	203341
820.478	202789
820.616	202621
820.754	203646
820.891	203603
821.029	202892
821.167	201546
821.304	203173
821.442	203513
821.579	203429
821.717	203479
821.855	203739
821.992	203095
822.130	201667
822.268	202131
822.405	204639
822.543	204751
822.680	202529
822.818	204020
822.956	203571
823.093	201317
823.231	202926
823.368	202993
823.506	203642
823.644	203310
823.781	203355
823.919	204756
824.057	204927
824.194	203592
824.332	202964
824.469	204481
824.607	203849
824.745	203833
824.882	205758
825.020	206521
825.158	206247
825.295	206217
825.433	207023
825.570	206460
825.708	206604
825.846	206804
825.983	206860
826.121	207337
826.259	206025
826.396	206734
826.534	207781
826.671	207029
826.809	207778
826.947	207596
827.084	207202
827.222	206775
827.360	206829
827.497	207562
827.635	207001
827.772	206504
827.910	207189
828.048	207749
828.185	207378
828.323	208467
828.460	204967
828.598	204246
828.736	207012
828.873	204630
829.011	205159
829.149	206151
829.286	205170
829.424	205880
829.561	206021
829.699	206196
829.837	204282
829.974	205301
830.112	208541
830.250	206669
830.387	207051
830.525	205504
830.662	204727
830.800	207117
830.938	207827
831.075	206843
831.213	208260
831.351	207329
831.488	203700
831.626	208241
831.763	209972
831.901	210211
832.039	209696
832.176	210361
832.314	208547
832.452	207637
832.589	211061
832.727	212486
832.864	210385
833.002	210618
833.140	209832
833.277	210247
833.415	212070
833.553	211276
833.690	212965
833.828	210641
833.965	209549
834.103	210328
834.241	210810
834.378	210559
834.516	212690
834.653	211029
834.791	211977
834.929	207979
835.066	209781
835.204	207627
835.342	206630
835.479	208892
835.617	208011
835.754	208796
835.892	206798
836.030	208357
836.167	207957
836.305	206616
836.443	207960
836.580	207414
836.718	208975
836.855	207877
836.993	209191
837.131	208533
837.268	207056
837.406	207178
837.544	210124
837.681	210523
837.819	209846
837.956	211521
838.094	210232
838.232	212191
838.369	211271
838.507	212067
838.645	211503
838.782	214132
838.920	214748
839.057	214564
839.195	214525
839.333	212523
839.470	212809
839.608	213257
839.746	211379
839.883	210708
840.021	212662
840.158	211950
840.296	212884
840.434	212212
840.571	208812
840.709	210900
840.846	207997
840.984	210540
841.122	208304
841.259	208297
841.397	206984
841.535	209601
841.672	208600
841.810	210436
841.947	209902
842.085	211706
842.223	207735
842.360	206530
842.498	208860
842.636	208411
842.773	210391
842.911	210304
843.048	209692
843.186	208444
843.324	210848
843.461	211244
843.599	212670
843.737	212721
843.874	215260
844.012	213642
844.149	213550
844.287	215822
844.425	214071
844.562	214690
844.700	218967
844.838	214518
844.975	216243
845.113	218215
845.250	215355
845.388	216448
845.526	215884
845.663	216046
845.801	214780
845.938	214888
846.076	217933
846.214	216258
846.351	217096
846.489	213761
846.627	213586
846.764	213718
846.902	213305
847.039	210975
847.177	208214
847.315	209452
847.452	211094
847.590	210190
847.728	209614
847.865	209557
848.003	211124
848.140	210401
848.278	209916
848.416	209092
848.553	205468
848.691	209809
848.829	210455
848.966	209990
849.104	209651
849.241	209338
849.379	208563
849.517	211947
849.654	214147
849.792	212774
849.930	213000
850.067	213028
