450.000	6759.8
450.138	6683
450.275	6746.6
450.413	6884.7
450.550	6891.6
450.688	6789.2
450.826	6831.7
450.963	6846.2
451.101	6776.5
451.239	6707.9
451.376	6670.1
451.514	6671.7
451.651	6842
451.789	6756.9
451.927	6750
452.064	6682.2
452.202	6705.3
452.340	6743.3
452.477	6785.2
452.615	6804.2
452.752	6823.9
452.890	6800.1
453.028	6754.2
453.165	6834.6
453.303	6827.1
453.441	6759.6
453.578	6818.5
453.716	6932.4
453.853	6879.2
453.991	6867.4
454.129	6770.3
454.266	6685.8
454.404	6776.9
454.542	6905.4
454.679	6878.3
454.817	6844.8
454.954	6838.1
455.092	6879.2
455.230	6844.8
455.367	6976.3
455.505	6921.8
455.643	6791.5
455.780	6782.5
455.918	6832.9
456.055	6836.6
456.193	6847.5
456.331	6928.6
456.468	6950.6
456.606	6852.1
456.743	6893.1
456.881	6708.8
457.019	6817
457.156	6885.5
457.294	6859.3
457.432	6923.5
457.569	6920.5
457.707	6909
457.844	6889.7
457.982	6802.4
458.120	6760
458.257	6731.4
458.395	6922.9
458.533	6803.1
458.670	6792.3
458.808	6756.2
458.945	6776.3
459.083	6872.1
459.221	6807.8
459.358	6805.3
459.496	6896.5
459.634	6866.3
459.771	6768.3
459.909	6801.5
460.046	6875.2
460.184	6860.7
460.322	6936.6
460.459	6861.5
460.597	6967.3
460.735	6839.5
460.872	6790
461.010	6858.5
461.147	6877.8
461.285	6794
461.423	6766.9
461.560	6932.8
461.698	6938
461.835	6855.9
461.973	6683
462.111	6797.6
462.248	6670
462.386	6686.2
462.524	6774.7
462.661	6728.1
462.799	6742.8
462.936	6893.7
463.074	6950.8
463.212	6875.8
463.349	6837.4
463.487	6720.1
463.625	6815.6
463.762	6772
463.900	6751.4
464.037	6863.9
464.175	6875.6
464.313	6827.9
464.450	6850.8
464.588	6924.7
464.726	6966.6
464.863	6941.9
465.001	6868.6
465.138	7027.4
465.276	6795.1
465.414	6687.6
465.551	6827.7
465.689	6888.2
465.827	7013
465.964	6795.1
466.102	6733.2
466.239	6871.1
466.377	6914.5
466.515	6865.2
466.652	6870.3
466.790	6809.3
466.928	6757.7
467.065	6912.2
467.203	6785.3
467.340	6892.1
467.478	6882.3
467.616	6826.3
467.753	6946.7
467.891	6988.1
468.028	6917.9
468.166	6919.5
468.304	6961.4
468.441	6894.2
468.579	6860.1
468.717	6934.2
468.854	6874.7
468.992	7068.9
469.129	7001.9
469.267	6937.5
469.405	6818.7
469.542	6859
469.680	6921.6
469.818	6942.7
469.955	6928.9
470.093	6860.4
470.230	6878.3
470.368	6772
470.506	6696.9
470.643	7089.8
470.781	6802.5
470.919	6788.4
471.056	6862.7
471.194	6828.2
471.331	6915
471.469	6942.1
471.607	6974.1
471.744	7067.3
471.882	6924.3
472.020	6710.5
472.157	6814
472.295	6934.7
472.432	7111.3
472.570	6980
472.708	6917.8
472.845	6797.2
472.983	6859
473.120	6910.3
473.258	6814.8
473.396	6741.5
473.533	6864.1
473.671	6976.5
473.809	6838.5
473.946	6941.4
474.084	6984.8
474.221	7068.2
474.359	7049.4
474.497	6942.6
474.634	6922.9
474.772	6918.3
474.910	6948.3
475.047	6933.2
475.185	6986.2
475.322	7018.7
475.460	6855.8
475.598	6872.7
475.735	6830.1
475.873	6926.7
476.011	6992
476.148	6954
476.286	7022.2
476.423	6938.1
476.561	6979.3
476.699	6950.9
476.836	6930.7
476.974	6891.5
477.112	6865.5
477.249	6929.5
477.387	6884.5
477.524	6787.9
477.662	6873.4
477.800	6957.6
477.937	7001.4
478.075	7005.7
478.213	6943
478.350	6833.5
478.488	6904.8
478.625	6938.5
478.763	6939.1
478.901	6978.7
479.038	6958.7
479.176	6971.5
479.313	7083.6
479.451	7206
479.589	6899.5
479.726	6951.1
479.864	6856
480.002	6948.2
480.139	7076.8
480.277	7044.2
480.414	7062.3
480.552	7142.9
480.690	7084.7
480.827	6942.2
480.965	6919.3
481.103	6931.2
481.240	6966
481.378	6962.3
481.515	7099.7
481.653	6969.2
481.791	6998.1
481.928	6969.1
482.066	6927.4
482.204	6984.5
482.341	6917.2
482.479	6859.2
482.616	6902.3
482.754	6891.2
482.892	6933
483.029	6935.8
483.167	6950.7
483.305	6889.6
483.442	6978.7
483.580	7032.7
483.717	7056.5
483.855	6795.2
483.993	6866.4
484.130	6893.5
484.268	6921.7
484.405	7004.9
484.543	6901.8
484.681	6817.5
484.818	6982.6
484.956	7010.1
485.094	6998.4
485.231	6831.3
485.369	7011.8
485.506	6958.6
485.644	7052.9
485.782	6991
485.919	6987
486.057	7014.9
486.195	6963.8
486.332	6919.4
486.470	6881.5
486.607	6855.9
486.745	7048.2
486.883	7110.7
487.020	6998.8
487.158	6887.9
487.296	6916.9
487.433	6859.4
487.571	7026.9
487.708	6998.5
487.846	6918.3
487.984	6931.4
488.121	7009.3
488.259	7041.8
488.397	7097.7
488.534	7157.3
488.672	7144.9
488.809	7032.1
488.947	6954.5
489.085	7069.8
489.222	7004.6
489.360	6993.2
489.498	6980.7
489.635	7063.3
489.773	7083.5
489.910	7096.8
490.048	7111.3
490.186	7096.4
490.323	7067
490.461	7104.6
490.598	7199.6
490.736	7088.5
490.874	7072.9
491.011	7167.9
491.149	7025.4
491.287	7109
491.424	6966.5
491.562	6942.1
491.699	7034.9
491.837	7080.8
491.975	7110.8
492.112	7071.6
492.250	7012.1
492.388	7023.4
492.525	6982.6
492.663	6966.9
492.800	7101.3
492.938	7152.4
493.076	6948.7
493.213	7088.4
493.351	7123
493.489	7131.3
493.626	7047.8
493.764	7194.3
493.901	7264.8
494.039	7129.3
494.177	6985.1
494.314	7071.4
494.452	7159
494.590	7028.8
494.727	7045.2
494.865	7074
495.002	7112.5
495.140	7108.7
495.278	7234.6
495.415	7123.9
495.553	7077
495.691	7118.6
495.828	7182.7
495.966	7175.1
496.103	7123.1
496.241	7130.7
496.379	7066.7
496.516	7027
496.654	7190.3
496.791	6998.4
496.929	7071.7
497.067	7188.4
497.204	7175.7
497.342	7161.1
497.480	7164.1
497.617	7182
497.755	7218
497.892	7155.3
498.030	7152.4
498.168	7197.9
498.305	7248.4
498.443	7204.1
498.581	7104.5
498.718	7061.7
498.856	7093.4
498.993	7080.1
499.131	7172.7
499.269	7194.7
499.406	7229.7
499.544	7107.3
499.682	7155.3
499.819	7207.7
499.957	7258.3
500.094	7199.2
500.232	7249.5
500.370	7153.3
500.507	7120.3
500.645	7239.3
500.783	7213.7
500.920	7147.4
501.058	7061.9
501.195	7219
501.333	7231.2
501.471	7059.6
501.608	7092.7
501.746	7290.5
501.883	7258.7
502.021	7229.7
502.159	7294.1
502.296	7327.8
502.434	7272.3
502.572	7251.8
502.709	7310.3
502.847	7180.4
502.984	7095.7
503.122	7140.8
503.260	7269.2
503.397	7225.3
503.535	7175
503.673	7275.3
503.810	7272.9
503.948	7253.6
504.085	7274
504.223	7308.9
504.361	7358.4
504.498	7172.5
504.636	7187.4
504.774	7322.2
504.911	7395.3
505.049	7408.5
505.186	7252.9
505.324	7347.4
505.462	7269
505.599	7231
505.737	7298.2
505.875	7273.3
506.012	7343.9
506.150	7390.6
506.287	7214.9
506.425	7254.9
506.563	7368.6
506.700	7350.5
506.838	7327.8
506.976	7286.9
507.113	7317
507.251	7353.5
507.388	7346.9
507.526	7364.2
507.664	7266.9
507.801	7315.6
507.939	7388.1
508.076	7262.7
508.214	7284.4
508.352	7324
508.489	7354.6
508.627	7313
508.765	7310.3
508.902	7365.8
509.040	7205.1
509.177	7299
509.315	7279.1
509.453	7244.5
509.590	7293.3
509.728	7306.4
509.866	7383.1
510.003	7353.1
510.141	7365
510.278	7280.1
510.416	7354.9
510.554	7371.4
510.691	7356.2
510.829	7344.4
510.967	7386.1
511.104	7309
511.242	7319
511.379	7303.5
511.517	7233.5
511.655	7315.9
511.792	7183.8
511.930	7296.8
512.068	7168.8
512.205	7314.5
512.343	7283.9
512.480	7291.1
512.618	7257.9
512.756	7268.1
512.893	7313.8
513.031	7297.5
513.168	7186
513.306	7122.5
513.444	7213.7
513.581	7228.1
513.719	7224.4
513.857	7275
513.994	7254.2
514.132	7348.8
514.269	7389.7
514.407	7375.7
514.545	7232.8
514.682	7273.2
514.820	7319.2
514.958	7282.9
515.095	7223.6
515.233	7297.8
515.370	7314.3
515.508	7405.6
515.646	7426.1
515.783	7334.6
515.921	7219.8
516.059	7219.7
516.196	7248.6
516.334	7383
516.471	7325.9
516.609	7277.1
516.747	7290.8
516.884	7290.5
517.022	7201.7
517.160	7216.5
517.297	7226.4
517.435	7258.4
517.572	7299.5
517.710	7365.5
517.848	7309.9
517.985	7192.6
518.123	7239.1
518.261	7147.3
518.398	7261.9
518.536	7427.2
518.673	7344.3
518.811	7239.5
518.949	7298.2
519.086	7258.5
519.224	7360.1
519.361	7348.5
519.499	7331.7
519.637	7364.2
519.774	7315.8
519.912	7394.9
520.050	7348.7
520.187	7310.2
520.325	7218.1
520.462	7255.7
520.600	7243.1
520.738	7301
520.875	7235
521.013	7333.2
521.151	7319.1
521.288	7277
521.426	7339.9
521.563	7285
521.701	7282.2
521.839	7418.9
521.976	7287.6
522.114	7426.9
522.252	7455
522.389	7403.4
522.527	7419.5
522.664	7336.8
522.802	7346.2
522.940	7377.6
523.077	7315.5
523.215	7331.5
523.353	7208.9
523.490	7290.1
523.628	7378.5
523.765	7287.8
523.903	7293.6
524.041	7329.9
524.178	7318.3
524.316	7314
524.454	7384.9
524.591	7434.3
524.729	7332.5
524.866	7329.2
525.004	7366.7
525.142	7357
525.279	7425.4
525.417	7355.6
525.554	7267.4
525.692	7322.5
525.830	7328
525.967	7268.9
526.105	7360.6
526.243	7370.2
526.380	7374.2
526.518	7430.9
526.655	7439
526.793	7367.1
526.931	7388.3
527.068	7383.4
527.206	7457.7
527.344	7397.7
527.481	7317.5
527.619	7336.8
527.756	7377.4
527.894	7378.5
528.032	7460
528.169	7385.3
528.307	7410.7
528.445	7261.7
528.582	7309.4
528.720	7415.1
528.857	7383.9
528.995	7262.7
529.133	7320
529.270	7419.3
529.408	7397.7
529.546	7332
529.683	7305
529.821	7290.7
529.958	7373.8
530.096	7400.6
530.234	7355.5
530.371	7370.8
530.509	7402.7
530.646	7345.9
530.784	7324.7
530.922	7336.1
531.059	7378.3
531.197	7278.3
531.335	7243.9
531.472	7379.6
531.610	7379.7
531.747	7322.9
531.885	7327.2
532.023	7404.5
532.160	7382.3
532.298	7342.9
532.436	7375.1
532.573	7380.2
532.711	7387.5
532.848	7366
532.986	7367.7
533.124	7346
533.261	7336.6
533.399	7387.8
533.537	7468.6
533.674	7430.1
533.812	7416.1
533.949	7432.4
534.087	7386.3
534.225	7382
534.362	7390.3
534.500	7404.7
534.638	7466.2
534.775	7473.1
534.913	7431.7
535.050	7443
535.188	7327.3
535.326	7262.2
535.463	7337.5
535.601	7305.4
535.739	7507.3
535.876	7367.3
536.014	7378.7
536.151	7321.6
536.289	7350.8
536.427	7356.8
536.564	7386.5
536.702	7504.2
536.839	7491
536.977	7364
537.115	7440.6
537.252	7462.9
537.390	7416.1
537.528	7528.6
537.665	7582.5
537.803	7513.5
537.940	7413.2
538.078	7352
538.216	7407.6
538.353	7553.3
538.491	7406.2
538.629	7417
538.766	7460.8
538.904	7369.5
539.041	7407
539.179	7326.4
539.317	7431.2
539.454	7455.4
539.592	7409.8
539.730	7391
539.867	7375.8
540.005	7395.4
540.142	7381.1
540.280	7405.4
540.418	7547.2
540.555	7573.5
540.693	7540.2
540.831	7467.7
540.968	7455.6
541.106	7438.6
541.243	7536.1
541.381	7489.7
541.519	7422.7
541.656	7341.2
541.794	7451
541.931	7489.5
542.069	7403.5
542.207	7456.8
542.344	7430.3
542.482	7525.2
542.620	7487.3
542.757	7573.4
542.895	7541
543.032	7480.3
543.170	7569.2
543.308	7540.9
543.445	7513.7
543.583	7504.3
543.721	7387.6
543.858	7484.5
543.996	7557.1
544.133	7525.2
544.271	7350.1
544.409	7554.9
544.546	7669.2
544.684	7552.3
544.822	7468.4
544.959	7518.2
545.097	7580.3
545.234	7533.6
545.372	7491.4
545.510	7608.5
545.647	7433.6
545.785	7619.1
545.923	7590.8
546.060	7463.5
546.198	7518.1
546.335	7507
546.473	7477.2
546.611	7517
546.748	7542.5
546.886	7544.6
547.024	7590.3
547.161	7587.2
547.299	7496.5
547.436	7585.4
547.574	7622.7
547.712	7500.7
547.849	7496.5
547.987	7641.1
548.124	7644.6
548.262	7601.7
548.400	7596.6
548.537	7501.6
548.675	7497.6
548.813	7532.1
548.950	7488.7
549.088	7541.3
549.225	7484.2
549.363	7549.4
549.501	7511.5
549.638	7653.2
549.776	7671.3
549.914	7471.4
550.051	7485.3
550.189	7585.7
550.326	7567
550.464	7514.2
550.602	7489.9
550.739	7560.5
550.877	7620.8
551.015	7437.5
551.152	7429.6
551.290	7524.4
551.427	7587.9
551.565	7608.4
551.703	7586.3
551.840	7483.6
551.978	7544.1
552.116	7471
552.253	7434.3
552.391	7434.5
552.528	7396.5
552.666	7529.9
552.804	7626.7
552.941	7751
553.079	7562.1
553.217	7587.5
553.354	7654.3
553.492	7513.6
553.629	7482.8
553.767	7571.4
553.905	7464.2
554.042	7470.5
554.180	7542.6
554.317	7533
554.455	7570.6
554.593	7651
554.730	7530.1
554.868	7533.6
555.006	7743.7
555.143	7604.6
555.281	7414
555.418	7540.3
555.556	7680.3
555.694	7635.8
555.831	7680.8
555.969	7644.8
556.107	7666.1
556.244	7627.7
556.382	7585.3
556.519	7588.3
556.657	7519.2
556.795	7662.4
556.932	7580.4
557.070	7786.1
557.208	7578.2
557.345	7437.4
557.483	7621.1
557.620	7653.7
557.758	7584.5
557.896	7593.1
558.033	7668.3
558.171	7707.3
558.309	7676.3
558.446	7649.9
558.584	7594.5
558.721	7496.8
558.859	7618.1
558.997	7786.7
559.134	7582.8
559.272	7837.8
559.409	7639.1
559.547	7509.2
559.685	7559.7
559.822	7705.7
559.960	7607.8
560.098	7567.6
560.235	7642.3
560.373	7609.3
560.510	7645
560.648	7715.6
560.786	7451.9
560.923	7557.1
561.061	7600.5
561.199	7542.8
561.336	7543.3
561.474	7795.8
561.611	7664.3
561.749	7615.4
561.887	7782.9
562.024	7869.6
562.162	7803
562.300	7712
562.437	7665
562.575	7582.6
562.712	7576.9
562.850	7712.2
562.988	7627.4
563.125	7714.6
563.263	7744
563.401	7660.2
563.538	7803.7
563.676	7739
563.813	7855.9
563.951	7848.3
564.089	7736.9
564.226	7662.2
564.364	7716.9
564.502	7820
564.639	7577.6
564.777	7627
564.914	7841.7
565.052	7629
565.190	7629.5
565.327	7699.5
565.465	7732.8
565.602	7748.8
565.740	7745.8
565.878	7730.5
566.015	7793.6
566.153	7794.8
566.291	7706.7
566.428	7718.9
566.566	7837.1
566.703	7875.3
566.841	7777.5
566.979	7686.7
567.116	7891.2
567.254	7948.2
567.392	7766.8
567.529	7625.4
567.667	7640.6
567.804	7767
567.942	7660.4
568.080	7603.7
568.217	7686.5
568.355	7740.6
568.493	7757.2
568.630	7808.1
568.768	7849.8
568.905	7749.9
569.043	7719.4
569.181	7460.2
569.318	7667.5
569.456	7590.6
569.594	7661.6
569.731	7791.1
569.869	7784.4
570.006	7766.4
570.144	7767.9
570.282	7878.2
570.419	7845.5
570.557	7615.2
570.694	7607.5
570.832	7686.2
570.970	7883.9
571.107	7790.5
571.245	7610
571.383	7695.9
571.520	7552.9
571.658	7701.1
571.795	7739.3
571.933	7700.3
572.071	7850.6
572.208	7907.7
572.346	7791.1
572.484	7631.8
572.621	7603.5
572.759	7760.7
572.896	7836.1
573.034	7712.4
573.172	7692.3
573.309	7977.1
573.447	7711.7
573.585	7785.2
573.722	7630.8
573.860	7831.9
573.997	7878.1
574.135	7927.6
574.273	7890.1
574.410	7705.5
574.548	7708
574.686	7864.3
574.823	7834.9
574.961	7705
575.098	7687
575.236	7864.8
575.374	7666.9
575.511	7835.7
575.649	7821.3
575.787	7770.4
575.924	7818.5
576.062	7819.1
576.199	7837.2
576.337	7677.5
576.475	7631.7
576.612	7756.6
576.750	7799.8
576.887	7772.2
577.025	7891.7
577.163	8018.2
577.300	7878.7
577.438	7797.2
577.576	7859.3
577.713	7638.9
577.851	7871.6
577.988	7944.2
578.126	7909
578.264	7915.6
578.401	7846.7
578.539	7830.5
578.677	7745.7
578.814	7671.2
578.952	7717.3
579.089	7807.5
579.227	7831.7
579.365	7762.4
579.502	7678.2
579.640	7822.9
579.778	7696.4
579.915	7532.7
580.053	7836.2
580.190	7983.2
580.328	7810.4
580.466	7695.4
580.603	7616.3
580.741	7712.4
580.879	7756.3
581.016	7727
581.154	7708.3
581.291	7764
581.429	7782.1
581.567	7678.6
581.704	7810.8
581.842	8027.8
581.979	7933.2
582.117	7712.7
582.255	7884.2
582.392	7872.2
582.530	7704.7
582.668	7838.8
582.805	7735
582.943	7811
583.080	7832
583.218	7754.5
583.356	7812.9
583.493	7801.1
583.631	7725.6
583.769	7889.4
583.906	7987.2
584.044	7955.8
584.181	7693
584.319	7776
584.457	8169.2
584.594	7689.8
584.732	7898.2
584.870	7840.5
585.007	7774.1
585.145	7775.2
585.282	7903.5
585.420	7904.3
585.558	7891.7
585.695	7917.6
585.833	7904.8
585.971	7891.9
586.108	7871.6
586.246	7824.5
586.383	7959.3
586.521	7745.7
586.659	7762.1
586.796	7742.8
586.934	7628.9
587.072	7832.7
587.209	7805.6
587.347	7863.3
587.484	7860.1
587.622	7783.7
587.760	7768.7
587.897	7816.8
588.035	7890
588.172	7991.5
588.310	7979.4
588.448	7745.9
588.585	7639.9
588.723	7866.8
588.861	7787.4
588.998	7869.8
589.136	7743.3
589.273	7894.7
589.411	7921.3
589.549	7899.2
589.686	7729
589.824	7763.4
589.962	7770.8
590.099	7866.3
590.237	7851.1
590.374	7805.9
590.512	7802.2
590.650	7796.7
590.787	7833
590.925	7819.5
591.063	7729.1
591.200	7618.4
591.338	7752.8
591.475	7847.9
591.613	7876.2
591.751	7671.3
591.888	7730.5
592.026	7912.3
592.164	7771.6
592.301	7800
592.439	7862.8
592.576	7812.8
592.714	7794
592.852	7786.4
592.989	7884.9
593.127	7935.4
593.265	7733.2
593.402	7879.2
593.540	7953.3
593.677	7681.6
593.815	7972.1
593.953	7873.1
594.090	8060.5
594.228	7880.7
594.365	7791.5
594.503	8003.8
594.641	7737.5
594.778	7739.4
594.916	8012.4
595.054	7930.8
595.191	7849.3
595.329	7844.5
595.466	7813.4
595.604	7897.5
595.742	7888.4
595.879	7755.1
596.017	7814.7
596.155	7910.3
596.292	7853.2
596.430	7787.9
596.567	7956
596.705	7980.6
596.843	7764
596.980	7708.1
597.118	7878.8
597.256	7857.9
597.393	7803.8
597.531	7767.8
597.668	7721.9
597.806	7685.9
597.944	7726.6
598.081	7783.5
598.219	7705.9
598.357	7715.7
598.494	8011.5
598.632	7640.2
598.769	7700.1
598.907	7701.6
599.045	7940.1
599.182	7876.2
599.320	7758.8
599.457	7822.4
599.595	7862.4
599.733	7699.6
599.870	7777
600.008	7812.1
600.146	7803.8
600.283	7869.2
600.421	7961.1
600.558	7920.2
600.696	7787.1
600.834	7807.6
600.971	7910.6
601.109	7891
601.247	7844.1
601.384	7904.9
601.522	7820.8
601.659	7812
601.797	7749.7
601.935	7781.9
602.072	7939.9
602.210	7842.4
602.348	7906
602.485	7792.1
602.623	7743.5
602.760	7721.4
602.898	7837.2
603.036	7895.8
603.173	7844.2
603.311	7825.3
603.449	7692.2
603.586	7777.7
603.724	8077.2
603.861	7696.6
603.999	7728.7
604.137	7736.5
604.274	7780.3
604.412	7933.2
604.550	8005.8
604.687	7839.5
604.825	8032.2
604.962	7810.9
605.100	7672.7
605.238	7761.9
605.375	7674.5
605.513	7499.3
605.650	7633.3
605.788	7878.1
605.926	7847.3
606.063	7707.4
606.201	7745
606.339	7861.7
606.476	7756.7
606.614	7854.2
606.751	7836.3
606.889	7750.8
607.027	7520
607.164	7775
607.302	7709.7
607.440	7710.3
607.577	7789.2
607.715	7810.6
607.852	7755.6
607.990	7703.1
608.128	7855.6
608.265	7920.8
608.403	7855.6
608.541	7819.9
608.678	7763.5
608.816	7792.2
608.953	7884.6
609.091	7647.2
609.229	7553.9
609.366	7690.2
609.504	7715
609.642	7731.1
609.779	7865.9
609.917	7811.7
610.054	7750.7
610.192	7793.4
610.330	7779.7
610.467	7700
610.605	7704
610.742	7847.4
610.880	7801.3
611.018	7593.6
611.155	7589.9
611.293	7635.6
611.431	7640.7
611.568	7732.6
611.706	7776.3
611.843	7874.6
611.981	7748.7
612.119	7647.3
612.256	7636.9
612.394	7772.5
612.532	7674.4
612.669	7700.5
612.807	7732.8
612.944	7663.1
613.082	7808.2
613.220	7587.8
613.357	7782.7
613.495	7834.7
613.633	7733.1
613.770	7641.3
613.908	7630.1
614.045	7721.5
614.183	7740
614.321	7608.1
614.458	7542.7
614.596	7620.3
614.734	7760.3
614.871	7830.3
615.009	7743.5
615.146	7650.4
615.284	7781.7
615.422	7735.1
615.559	7771.8
615.697	7610
615.835	7772.5
615.972	7751.9
616.110	7656.5
616.247	7736.1
616.385	7598.3
616.523	7509
616.660	7614.5
616.798	7717.7
616.935	7646.9
617.073	7623.8
617.211	7628.6
617.348	7569.9
617.486	7651.8
617.624	7722.2
617.761	7691.2
617.899	7757.5
618.036	7588.5
618.174	7686.1
618.312	7625
618.449	7675.8
618.587	7746.7
618.725	7655.1
618.862	7714.4
619.000	7780.8
619.137	7670.3
619.275	7733
619.413	7776.8
619.550	7727.4
619.688	7735.1
619.826	7695.4
619.963	7653.8
620.101	7719.4
620.238	7672.6
620.376	7564.4
620.514	7760.7
620.651	7780.3
620.789	7649
620.927	7571
621.064	7592.1
621.202	7628.7
621.339	7678.3
621.477	7798.6
621.615	7732.4
621.752	7579.5
621.890	7814.6
622.027	7647.5
622.165	7662.2
622.303	7538.6
622.440	7593.4
622.578	7536.9
622.716	7583.4
622.853	7545.7
622.991	7516.3
623.128	7576.7
623.266	7633.4
623.404	7653.1
623.541	7573.3
623.679	7499.8
623.817	7560.6
623.954	7686.2
624.092	7720.2
624.229	7614.1
624.367	7597.4
624.505	7659.4
624.642	7724.4
624.780	7462.4
624.918	7597.5
625.055	7692.1
625.193	7701.5
625.330	7660.9
625.468	7752.2
625.606	7623.6
625.743	7590.1
625.881	7617.4
626.019	7584.9
626.156	7673.1
626.294	7727.2
626.431	7664.1
626.569	7567.3
626.707	7608.2
626.844	7709.8
626.982	7695.1
627.120	7683
627.257	7559.8
627.395	7718.4
627.532	7619
627.670	7508.3
627.808	7603.9
627.945	7415.9
628.083	7609.9
628.220	7557.3
628.358	7683.8
628.496	7618.9
628.633	7686.4
628.771	7592
628.909	7580.3
629.046	7562.9
629.184	7610.8
629.321	7645.5
629.459	7643.3
629.597	7620.8
629.734	7669.5
629.872	7653.7
630.010	7586.4
630.147	7505.6
630.285	7511.4
630.422	7581.7
630.560	7605.9
630.698	7587.7
630.835	7500.5
630.973	7544
631.111	7541.2
631.248	7718.6
631.386	7655.3
631.523	7600.8
631.661	7618.8
631.799	7481.2
631.936	7543.9
632.074	7541.1
632.212	7476.1
632.349	7543
632.487	7564.7
632.624	7622.8
632.762	7667.9
632.900	7621.9
633.037	7532.5
633.175	7546.2
633.313	7576.9
633.450	7552.8
633.588	7575.5
633.725	7553.6
633.863	7617
634.001	7560.4
634.138	7644.1
634.276	7563.5
634.413	7491.6
634.551	7557.8
634.689	7531.6
634.826	7499.7
634.964	7609.3
635.102	7671.1
635.239	7562.7
635.377	7586.7
635.514	7583
635.652	7639.3
635.790	7616
635.927	7618
636.065	7642.7
636.203	7523
636.340	7508.4
636.478	7500.1
636.615	7536.8
636.753	7498.1
636.891	7419.8
637.028	7483.8
637.166	7505.5
637.304	7508.9
637.441	7570.3
637.579	7549.6
637.716	7410.7
637.854	7526.6
637.992	7519
638.129	7416.5
638.267	7408.3
638.405	7654.2
638.542	7502.9
638.680	7550.6
638.817	7455.4
638.955	7404.1
639.093	7427.2
639.230	7492.1
639.368	7583.6
639.505	7587.3
639.643	7602.8
639.781	7487.5
639.918	7459.9
640.056	7564.9
640.194	7610
640.331	7414.4
640.469	7406.1
640.606	7426.6
640.744	7411
640.882	7481.2
641.019	7512.5
641.157	7593.8
641.295	7608.4
641.432	7505.2
641.570	7518.9
641.707	7464
641.845	7525.1
641.983	7549.1
642.120	7378.6
642.258	7469.2
642.396	7474.3
642.533	7522.4
642.671	7490.5
642.808	7502
642.946	7400.5
643.084	7433
643.221	7310.3
643.359	7403.7
643.497	7424.4
643.634	7383.6
643.772	7413.8
643.909	7416.9
644.047	7542.1
644.185	7529.4
644.322	7538.6
644.460	7514.4
644.598	7459.5
644.735	7476.2
644.873	7440.7
645.010	7457.4
645.148	7472.6
645.286	7370.9
645.423	7400.2
645.561	7377.3
645.698	7481.9
645.836	7447.9
645.974	7396.8
646.111	7310.8
646.249	7573.7
646.387	7419
646.524	7376
646.662	7363.3
646.799	7317
646.937	7272.4
647.075	7373.2
647.212	7332.1
647.350	7383.2
647.488	7349.8
647.625	7390.7
647.763	7388.7
647.900	7372.1
648.038	7322.3
648.176	7342.3
648.313	7391.1
648.451	7454.4
648.589	7411.4
648.726	7432.5
648.864	7353.4
649.001	7388.9
649.139	7408.6
649.277	7351.6
649.414	7316.8
649.552	7294.5
649.690	7301.1
649.827	7284.9
649.965	7239
650.102	7337.3
650.240	7352.7
650.378	7338.8
650.515	7367.2
650.653	7403.3
650.790	7415.3
650.928	7300.8
651.066	7369.5
651.203	7248.8
651.341	7284.5
651.479	7309.3
651.616	7372.1
651.754	7394
651.891	7389.2
652.029	7390.3
652.167	7388.3
652.304	7262.6
652.442	7244.3
652.580	7365.1
652.717	7263.5
652.855	7216.1
652.992	7293.1
653.130	7238.8
653.268	7382.2
653.405	7310.1
653.543	7245.7
653.681	7277.5
653.818	7306.7
653.956	7330.2
654.093	7325.4
654.231	7242.2
654.369	7272.2
654.506	7208.8
654.644	7220.1
654.782	7268.1
654.919	7276.1
655.057	7297.2
655.194	7295.8
655.332	7323.3
655.470	7222.3
655.607	7320.5
655.745	7331
655.883	7234.4
656.020	7269.1
656.158	7307.9
656.295	7253.6
656.433	7296.4
656.571	7282
656.708	7238.9
656.846	7128.7
656.983	7300.6
657.121	7278
657.259	7164.4
657.396	7266.1
657.534	7314.7
657.672	7362.6
657.809	7221.7
657.947	7212.9
658.084	7258.9
658.222	7324.9
658.360	7256.2
658.497	7172.3
658.635	7189.3
658.773	7263.4
658.910	7255.4
659.048	7277.9
659.185	7290.8
659.323	7216.3
659.461	7152.4
659.598	7262.6
659.736	7290.6
659.874	7292.8
660.011	7295.1
660.149	7281.5
660.286	7298.2
660.424	7147.7
660.562	7171.2
660.699	7180.8
660.837	7238.9
660.975	7277.5
661.112	7241.8
661.250	7201.2
661.387	7199.1
661.525	7305
661.663	7331
661.800	7282.8
661.938	7277.2
662.076	7249.1
662.213	7252.3
662.351	7271.1
662.488	7226.9
662.626	7227.2
662.764	7209.3
662.901	7170
663.039	7289.3
663.176	7300.7
663.314	7234.2
663.452	7223.9
663.589	7225.6
663.727	7224.2
663.865	7202.9
664.002	7212.8
664.140	7215.2
664.277	7161.9
664.415	7124.6
664.553	7275.3
664.690	7139.8
664.828	7253.2
664.966	7119.5
665.103	7174.1
665.241	7249
665.378	7202.3
665.516	7282.7
665.654	7189.1
665.791	7196.9
665.929	7268.4
666.067	7266.2
666.204	7199.7
666.342	7177.4
666.479	7140.4
666.617	7282.8
666.755	7241.4
666.892	7161.9
667.030	7192.8
667.168	7205.3
667.305	7202.3
667.443	7200.9
667.580	7117.4
667.718	7165.1
667.856	7079.7
667.993	7179.1
668.131	7245.6
668.268	7121.6
668.406	7076
668.544	7114.1
668.681	7148.9
668.819	7225.7
668.957	7210.9
669.094	7127.4
669.232	7252.5
669.369	7119.3
669.507	7084.7
669.645	7147.6
669.782	7167.9
669.920	7238.4
670.058	7414.9
670.195	7117.7
670.333	7251.7
670.470	7260.6
670.608	7191.3
670.746	7108.8
670.883	7170.5
671.021	7234.5
671.159	7100.8
671.296	7065.1
671.434	7057.9
671.571	7268.1
671.709	7161.6
671.847	7055
671.984	7120.8
672.122	7131.8
672.260	7238.1
672.397	7067.5
672.535	7125.2
672.672	7084.5
672.810	7116.6
672.948	7048.1
673.085	7097
673.223	7005
673.361	7062.5
673.498	7101.6
673.636	7126.9
673.773	7113
673.911	6983.2
674.049	6955.1
674.186	7097.9
674.324	7108.9
674.461	7067.6
674.599	7132.1
674.737	7147.8
674.874	7107.7
675.012	7122.5
675.150	7111.7
675.287	7091.7
675.425	7074.6
675.562	7111.8
675.700	7032.2
675.838	7053.7
675.975	7104.1
676.113	7126.1
676.251	7098.9
676.388	7137
676.526	7131.2
676.663	7112.6
676.801	7138.4
676.939	7210.6
677.076	7155
677.214	7118
677.352	7146.3
677.489	7057.2
677.627	7139.4
677.764	7044.1
677.902	7058
678.040	7095.9
678.177	6925.1
678.315	7035.3
678.453	7100.9
678.590	7045.7
678.728	7142
678.865	7108
679.003	7037.4
679.141	6998.2
679.278	6954.4
679.416	7100.7
679.553	7101.9
679.691	7026.6
679.829	7033.3
679.966	7083.9
680.104	6957.8
680.242	7051.5
680.379	7088.7
680.517	7048.1
680.654	7033.4
680.792	7127.5
680.930	7153.7
681.067	7156
681.205	6987.1
681.343	7003.4
681.480	7028.8
681.618	6962.3
681.755	7102.8
681.893	7110.3
682.031	6953
682.168	6915
682.306	6976
682.444	6978.2
682.581	6988.2
682.719	7023
682.856	7028.3
682.994	7131.1
683.132	7019.2
683.269	7137.6
683.407	6991.4
683.545	7073.8
683.682	7036.3
683.820	7011.7
683.957	6978.6
684.095	7029.8
684.233	7024.6
684.370	7013
684.508	6940.8
684.646	6981.7
684.783	7099.9
684.921	7003.5
685.058	6971.4
685.196	7046.3
685.334	7069.6
685.471	7097.5
685.609	7087.2
685.746	6956.4
685.884	7076.9
686.022	6973.1
686.159	7045.1
686.297	7137.6
686.435	7087.1
686.572	6997.7
686.710	7056
686.847	6998.4
686.985	7140.7
687.123	7120.7
687.260	7054.2
687.398	7054.7
687.536	7117.3
687.673	7034.2
687.811	6990.7
687.948	7081.9
688.086	7186.1
688.224	7153.9
688.361	7095.6
688.499	7030.2
688.637	7041.9
688.774	7086.5
688.912	7081.8
689.049	7165
689.187	7030
689.325	7056.5
689.462	7038.9
689.600	6925.7
689.738	7006.6
689.875	7086.7
690.013	7139.8
690.150	6998.6
690.288	6982.9
690.426	6956.3
690.563	6970.6
690.701	6918.9
690.838	6930.8
690.976	7005.4
691.114	6967.7
691.251	7012.1
691.389	7026.1
691.527	6995.6
691.664	7001.4
691.802	6966.9
691.939	6969
692.077	6979
692.215	7075.1
692.352	7017.7
692.490	6977.8
692.628	6897.5
692.765	7078.8
692.903	6907
693.040	7063.6
693.178	6938.3
693.316	6804
693.453	6991.5
693.591	6938.6
693.729	6954.4
693.866	7037.1
694.004	7086
694.141	6958.8
694.279	6912.6
694.417	7014.8
694.554	7114.8
694.692	7046.6
694.830	6926.6
694.967	7032.6
695.105	7128.5
695.242	6975.6
695.380	7020.2
695.518	7010.2
695.655	6970.9
695.793	7167.7
695.931	7134.9
696.068	6917.6
696.206	7137.2
696.343	7134.8
696.481	6898.2
696.619	6837.4
696.756	7020.7
696.894	7120.9
697.031	6990.6
697.169	7006
697.307	6966.6
697.444	7086.3
697.582	6955
697.720	6998.6
697.857	7041.6
697.995	7012
698.132	7056.5
698.270	7039.1
698.408	7018.9
698.545	7114.2
698.683	7142.9
698.821	7103.4
698.958	7047.3
699.096	6958.3
699.233	7020.2
699.371	7028.3
699.509	7241.5
699.646	7064.5
699.784	7052.8
699.922	6937.2
700.059	6912.9
700.197	6785.8
700.334	7000.7
700.472	6952.7
700.610	6972
700.747	7143.4
700.885	7074.9
701.023	6994.5
701.160	7025.2
701.298	6999.2
701.435	6992.1
701.573	7001.3
701.711	7077.8
701.848	7015.7
701.986	6911.5
702.124	7067.9
702.261	7081.3
702.399	6979.4
702.536	7009.4
702.674	6993.2
702.812	6982.6
702.949	6915.9
703.087	7042.7
703.224	7030.8
703.362	6888.6
703.500	7039.9
703.637	7128.1
703.775	7061
703.913	7067.9
704.050	7104.9
704.188	7019.8
704.325	6996.7
704.463	6901.2
704.601	6991.9
704.738	7057.1
704.876	7018.5
705.014	6984.8
705.151	7021.4
705.289	7090.8
705.426	7122
705.564	7038.3
705.702	6941.6
705.839	6957.9
705.977	7002.6
706.115	7017.9
706.252	6978.9
706.390	7083.9
706.527	7079.6
706.665	7088.8
706.803	7005.7
706.940	6899
707.078	6914
707.216	6901.5
707.353	7097.9
707.491	6932.1
707.628	6972.1
707.766	7023.3
707.904	7011.1
708.041	6960.2
708.179	7127.2
708.316	7210.4
708.454	7127.9
708.592	7003.5
708.729	7074.5
708.867	7091.3
709.005	7102.5
709.142	7045.2
709.280	6966.1
709.417	6956
709.555	6985.5
709.693	7049.7
709.830	7037.9
709.968	7013
710.106	7074.8
710.243	6980.1
710.381	6839.8
710.518	7010.6
710.656	7001.2
710.794	6968.8
710.931	6814.5
711.069	6953.3
711.207	7096.2
711.344	7213.5
711.482	6976.2
711.619	6930.8
711.757	6877
711.895	6877.2
712.032	7102.3
712.170	6927.2
712.308	6939.4
712.445	6925.7
712.583	6852.3
712.720	7068
712.858	7033.1
712.996	6964.4
713.133	6964.8
713.271	6949.1
713.409	6922.3
713.546	6921.4
713.684	7007.8
713.821	7046.3
713.959	6960.8
714.097	6953.1
714.234	6964.2
714.372	6927
714.509	7077.8
714.647	6990.5
714.785	7028.4
714.922	7140
715.060	6998.7
715.198	7134.7
715.335	7148.6
715.473	7060.5
715.610	6920.8
715.748	6935.4
715.886	7047.9
716.023	6920.6
716.161	7108.5
716.299	7033.6
716.436	7111.4
716.574	7043
716.711	6959.5
716.849	7009.8
716.987	6972.2
717.124	6955.6
717.262	6935
717.400	6858.1
717.537	6899.4
717.675	6855.4
717.812	6836
717.950	6953.4
718.088	7038.2
718.225	7017.5
718.363	6860.8
718.501	6837.8
718.638	6937.8
718.776	6934.1
718.913	7079.2
719.051	6944.6
719.189	6925.8
719.326	7035.6
719.464	6944
719.601	6931.7
719.739	6967.2
719.877	6881.3
720.014	6866.8
720.152	7213.3
720.290	7181.3
720.427	6947.1
720.565	6930.7
720.702	6942
720.840	7025.2
720.978	7055.5
721.115	6870.9
721.253	6949.3
721.391	6937.7
721.528	7043.8
721.666	7089.8
721.803	7064.7
721.941	7069.7
722.079	7043.5
722.216	6944
722.354	6974.4
722.492	6973.3
722.629	6991.7
722.767	7017.2
722.904	6987.7
723.042	6983.4
723.180	7014.5
723.317	7193.5
723.455	7052.2
723.593	6950.3
723.730	6916.8
723.868	7059.9
724.005	6959
724.143	6853
724.281	6829.1
724.418	7201.6
724.556	7052.1
724.694	7055.8
724.831	7112.2
724.969	7027.5
725.106	6839
725.244	7221
725.382	7247.9
725.519	7111.1
725.657	6963.2
725.794	7077
725.932	7076.2
726.070	7131.4
726.207	6965.6
726.345	7034.2
726.483	6972.5
726.620	7063.8
726.758	6957.4
726.895	6975.5
727.033	7043
727.171	7072.8
727.308	7055
727.446	7046.7
727.584	7037
727.721	6976
727.859	6948.7
727.996	6955.9
728.134	6942.8
728.272	6923.3
728.409	6882.8
728.547	6924.8
728.685	7028.5
728.822	7042.6
728.960	7139.4
729.097	7068.6
729.235	7010.6
729.373	6954.2
729.510	6821.1
729.648	6948.7
729.786	7154.8
729.923	7046.7
730.061	6893.5
730.198	6949.7
730.336	6978.8
730.474	7094.4
730.611	6892.8
730.749	7096.5
730.887	7194
731.024	6960.6
731.162	7127.9
731.299	6969.3
731.437	6972
731.575	7095.9
731.712	7113
731.850	6959.5
731.987	7058.9
732.125	6967.4
732.263	6929.5
732.400	7101.6
732.538	7061
732.676	6994.8
732.813	7034.6
732.951	6982.7
733.088	6859
733.226	6911
733.364	7073.3
733.501	7063
733.639	7000.7
733.777	7046.4
733.914	7039.3
734.052	7024.4
734.189	7045.4
734.327	6964.7
734.465	7011.4
734.602	7106.3
734.740	6969.7
734.878	7044.8
735.015	7032.7
735.153	7077.1
735.290	7052.5
735.428	7083.3
735.566	7034.2
735.703	7057.6
735.841	6914.3
735.979	6867.6
736.116	7037.4
736.254	7020.1
736.391	6863.2
736.529	6890
736.667	6921.7
736.804	6931.5
736.942	7050.3
737.079	7070.3
737.217	7023.2
737.355	6966.6
737.492	6941.6
737.630	7019.1
737.768	6938.4
737.905	6995.6
738.043	7074.2
738.180	7046.7
738.318	7007.3
738.456	7049.3
738.593	6955.8
738.731	6954.3
738.869	6893.4
739.006	7021.6
739.144	7084.4
739.281	7112.1
739.419	7062.8
739.557	6988.3
739.694	6977
739.832	7037
739.970	7027.3
740.107	6945.2
740.245	7001.8
740.382	7048.6
740.520	6965.9
740.658	6984.1
740.795	7111
740.933	7083.6
741.071	6930.4
741.208	6954.1
741.346	6888.3
741.483	6915.3
741.621	7059.5
741.759	7078.9
741.896	7018.5
742.034	6937
742.172	6952.4
742.309	7070.9
742.447	7051.7
742.584	6884.5
742.722	6905.5
742.860	7054.4
742.997	6886.4
743.135	6963.7
743.272	6934.9
743.410	6864.4
743.548	6970.2
743.685	7142.1
743.823	6937.9
743.961	6899.1
744.098	6940.2
744.236	7039.7
744.373	6920.3
744.511	6926.6
744.649	6927.9
744.786	6861.5
744.924	6993.8
745.062	7043.2
745.199	7051
745.337	7031.6
745.474	6918.9
745.612	7109.5
745.750	7052.5
745.887	7036.9
746.025	7017
746.163	7024.2
746.300	6978.3
746.438	7009.3
746.575	7069.9
746.713	7083.3
746.851	7025.8
746.988	6988.2
747.126	6958.4
747.264	7011.1
747.401	7004.5
747.539	7004.7
747.676	6998.6
747.814	6979.6
747.952	6980.8
748.089	6939.8
748.227	7008.4
748.364	7085.4
748.502	7043.4
748.640	7031.4
748.777	7024.9
748.915	6967.7
749.053	6883.7
749.190	6925.8
749.328	6980.7
749.465	6945.3
749.603	6970.1
749.741	6892.5
749.878	6933.1
750.016	7129.7
750.154	7102.9
750.291	7021.5
750.429	7006.7
750.566	7038.6
750.704	6976.2
750.842	7068.3
750.979	7029.7
751.117	7061.1
751.255	7012
751.392	7086.6
751.530	6970.1
751.667	7001.1
751.805	6881.2
751.943	6965.7
752.080	6976.9
752.218	7003.9
752.356	7042.1
752.493	6969.8
752.631	7079.5
752.768	6998
752.906	6964.8
753.044	7018.7
753.181	7047.2
753.319	6819.4
753.457	6981.3
753.594	7094.1
753.732	7103
753.869	7079.7
754.007	6948.5
754.145	6928.6
754.282	6933.5
754.420	7055.2
754.557	7000.9
754.695	7106.8
754.833	7122
754.970	7037.3
755.108	6986
755.246	6980.4
755.383	6994.6
755.521	6940.3
755.658	6989.1
755.796	7057.5
755.934	7115.3
756.071	7017.7
756.209	7015.5
756.347	7044.1
756.484	6972.9
756.622	7047.6
756.759	7009.3
756.897	6971.8
757.035	7069.3
757.172	7083
757.310	7043.4
757.448	7056.8
757.585	7024
757.723	7105.7
757.860	7102.2
757.998	7007.5
758.136	6965.6
758.273	7049.4
758.411	7106.8
758.549	7087.5
758.686	7052.9
758.824	7051.8
758.961	7074.3
759.099	7121.9
759.237	7097.1
759.374	7048.3
759.512	6981.3
759.649	6988.7
759.787	7022
759.925	6992.4
760.062	7012.4
760.200	7066.9
760.338	7028.5
760.475	6953
760.613	7048.1
760.750	7094.8
760.888	7061.8
761.026	7076.6
761.163	6992.9
761.301	7004.6
761.439	7086.5
761.576	6994.2
761.714	7092.4
761.851	6992.6
761.989	6968.6
762.127	7048.6
762.264	7076.1
762.402	7047.8
762.540	7069.4
762.677	7016.8
762.815	7040.3
762.952	6981.5
763.090	7037.6
763.228	7078.7
763.365	7005.3
763.503	6980
763.641	7006.4
763.778	7045.3
763.916	7027.1
764.053	7021.3
764.191	7049
764.329	7060.7
764.466	7062.5
764.604	7051.7
764.742	7039.8
764.879	6978.5
765.017	7041.3
765.154	7035
765.292	7013.1
765.430	7046.6
765.567	7115.1
765.705	7129
765.842	7102.1
765.980	7040.4
766.118	7150.2
766.255	7019.1
766.393	7065.4
766.531	7029.8
766.668	7060.8
766.806	6950.5
766.943	7055.2
767.081	7054.5
767.219	7087.6
767.356	7108.2
767.494	7147.1
767.632	7076.3
767.769	6923.1
767.907	7010.5
768.044	7056.2
768.182	6950.9
768.320	7049.8
768.457	7064.1
768.595	7102.5
768.733	7100.1
768.870	7161.1
769.008	7168.9
769.145	7049.4
769.283	7115.8
769.421	7077.2
769.558	7034.6
769.696	7091.2
769.834	7085.5
769.971	7045.6
770.109	7085.2
770.246	7052.2
770.384	7157.4
770.522	7017.8
770.659	7074.5
770.797	7098.6
770.935	7128.1
771.072	7057.3
771.210	7109.9
771.347	7079.9
771.485	7134
771.623	6989.1
771.760	6993
771.898	7021.4
772.035	7050.7
772.173	7129.8
772.311	7099.4
772.448	7156.2
772.586	7133.9
772.724	7116.3
772.861	7047.4
772.999	7131.7
773.136	7215.5
773.274	7097.4
773.412	7131.4
773.549	7130.9
773.687	7071.5
773.825	7037.6
773.962	7080.4
774.100	7100
774.237	7038.4
774.375	6991.6
774.513	7105.6
774.650	7081.9
774.788	7052.1
774.926	7140.5
775.063	7043.7
775.201	7064.6
775.338	7091.8
775.476	7095.8
775.614	7023
775.751	7084.7
775.889	7028.4
776.027	7108
776.164	7054.5
776.302	7109.4
776.439	7120.2
776.577	7014.5
776.715	7072.9
776.852	6986.2
776.990	6974.4
777.127	7067.1
777.265	7026.8
777.403	7173.8
777.540	6989.8
777.678	7058.5
777.816	7071.3
777.953	7066.9
778.091	6993.9
778.228	7156.3
778.366	7023.3
778.504	6947.7
778.641	7109.1
778.779	7074
778.917	7056.1
779.054	7123.1
779.192	7141.8
779.329	7109.6
779.467	7089.1
779.605	7048.3
779.742	7183.7
779.880	7129.2
780.018	7086.6
780.155	7105.2
780.293	7168.4
780.430	7133.8
780.568	7087.9
780.706	7110.2
780.843	7152.7
780.981	7195
781.119	7087.2
781.256	7218.1
781.394	7093.4
781.531	7165.3
781.669	7257.9
781.807	7170.8
781.944	7046.4
782.082	7099.3
782.220	7023.9
782.357	6986.4
782.495	7075.9
782.632	7119.6
782.770	7159.7
782.908	7171.6
783.045	7094.3
783.183	7135.7
783.320	7036.4
783.458	7120.2
783.596	7107.2
783.733	7119.4
783.871	7220
784.009	7111.2
784.146	7124.5
784.284	7184.9
784.421	7059.8
784.559	7048.4
784.697	7123.3
784.834	7146.1
784.972	7098.7
785.110	7236.4
785.247	7233.9
785.385	7211.1
785.522	7117.3
785.660	7151.2
785.798	7126.5
785.935	7213.8
786.073	7000.4
786.211	7185.6
786.348	7127.2
786.486	7099.4
786.623	7025.4
786.761	7095.2
786.899	7044.7
787.036	7184.3
787.174	7115.7
787.312	7189
787.449	7128.3
787.587	7150.9
787.724	7159.8
787.862	7194.8
788.000	7141.2
788.137	7221.3
788.275	7097.1
788.412	7084.8
788.550	7179.1
788.688	7203.2
788.825	7153.1
788.963	7170.8
789.101	7126.9
789.238	7105.9
789.376	7118.7
789.513	7132.1
789.651	7171.1
789.789	7229.9
789.926	7212.9
790.064	7179.7
790.202	7159.7
790.339	7226.5
790.477	7234.4
790.614	7151.8
790.752	7120.4
790.890	7221.9
791.027	7094.7
791.165	7086.3
791.303	7110.7
791.440	7047.6
791.578	7055.1
791.715	7083.4
791.853	7117.6
791.991	7145.1
792.128	7118.4
792.266	7108.5
792.404	7177.3
792.541	7170.1
792.679	7069.5
792.816	7076.8
792.954	7100.4
793.092	7114.6
793.229	7188.6
793.367	7175.3
793.505	7106.5
793.642	7124.2
793.780	7131.2
793.917	7093.1
794.055	7134.4
794.193	7166
794.330	7138.7
794.468	7225.3
794.605	7218.9
794.743	7164.9
794.881	7206.6
795.018	7225.9
795.156	7128.9
795.294	7157.6
795.431	7182
795.569	7176.3
795.706	7216.4
795.844	7160
795.982	7067.3
796.119	7179.4
796.257	7099
796.395	7122.7
796.532	7118.1
796.670	7104.1
796.807	7078.6
796.945	7160.9
797.083	7202
797.220	7173.7
797.358	7108.4
797.496	7080.6
797.633	7142.1
797.771	7283.2
797.908	7166.3
798.046	7235.9
798.184	7171.5
798.321	7111.5
798.459	7096.4
798.597	7086.4
798.734	7132.6
798.872	7116.5
799.009	7080.5
799.147	7082.5
799.285	7118.6
799.422	7140.2
799.560	7149.9
799.698	7151.3
799.835	7033.2
799.973	7106.8
800.110	7139.8
800.248	7103.5
800.386	7140.8
800.523	7084
800.661	7096.3
800.798	7190.4
800.936	7213.2
801.074	7096.7
801.211	7193.5
801.349	7214.6
801.487	7194.3
801.624	7106.7
801.762	7151.5
801.899	7158.4
802.037	7106.5
802.175	7183.4
802.312	7152.1
802.450	7138.3
802.588	7161.1
802.725	7162.3
802.863	7152.8
803.000	7189.4
803.138	7188.3
803.276	7146.6
803.413	7197.3
803.551	7190.8
803.689	7174.6
803.826	7167.8
803.964	7082
804.101	7131.7
804.239	7175.4
804.377	7143.1
804.514	7111.5
804.652	7109.1
804.790	7101.1
804.927	7192.7
805.065	7106.5
805.202	7021.9
805.340	7208.4
805.478	7271.8
805.615	7190.5
805.753	7253.4
805.890	7248
806.028	7157.2
806.166	7163
806.303	7257.2
806.441	7264.7
806.579	7188.5
806.716	7242.6
806.854	7194.4
806.991	7178.9
807.129	7140.2
807.267	7154.2
807.404	7269.9
807.542	7098.6
807.680	7266.9
807.817	7209.7
807.955	7170.4
808.092	7130.3
808.230	7446.7
808.368	7319.4
808.505	7223.6
808.643	7060.2
808.781	7205.2
808.918	7187.9
809.056	7345.9
809.193	7096.4
809.331	7089.4
809.469	7033.9
809.606	7052.8
809.744	7242.8
809.882	7245.4
810.019	7163.3
810.157	7170
810.294	7091.4
810.432	7144.2
810.570	7138.4
810.707	7211.6
810.845	7178.3
810.983	7098.1
811.120	7094.6
811.258	7227
811.395	7180.2
811.533	7180.1
811.671	7167
811.808	7122.2
811.946	7097.4
812.083	7110.9
812.221	7106.9
812.359	7121.3
812.496	7196
812.634	7178.2
812.772	7206.3
812.909	7196.2
813.047	7210.3
813.184	7276.1
813.322	7212.6
813.460	7131.7
813.597	7185.7
813.735	7205.1
813.873	7136.8
814.010	7140.3
814.148	7061.2
814.285	7122.3
814.423	7170.5
814.561	7103.6
814.698	7263.9
814.836	7316.1
814.974	7224.4
815.111	7120.4
815.249	7187.7
815.386	7156
815.524	7237
815.662	7180.7
815.799	7179.2
815.937	7168.6
816.075	7074.5
816.212	7137
816.350	7187.3
816.487	7230.5
816.625	7361.9
816.763	7169.2
816.900	7253.1
817.038	7227
817.175	7351
817.313	7181.6
817.451	7243.3
817.588	7091.3
817.726	7331
817.864	7180.1
818.001	7080.4
818.139	7210.4
818.276	7216.2
818.414	7164.3
818.552	7245.1
818.689	7139.7
818.827	7283
818.965	7333.6
819.102	7277
819.240	7171.9
819.377	7311.8
819.515	7189.1
819.653	7226.1
819.790	7190.8
819.928	7229.6
820.066	7086.8
820.203	7259.7
820.341	7242
820.478	7201.7
820.616	7247.5
820.754	7133.7
820.891	7094.5
821.029	7235.8
821.167	7227.9
821.304	7217.3
821.442	7209.7
821.579	7312.4
821.717	7308.4
821.855	7351.4
821.992	7273.7
822.130	7168.2
822.268	7151.9
822.405	7215.7
822.543	7185.8
822.680	7155.6
822.818	7295.9
822.956	7261.4
823.093	7227.6
823.231	7177.8
823.368	7083.5
823.506	7104.9
823.644	7124
823.781	7227.2
823.919	7207.6
824.057	7181.9
824.194	7333.2
824.332	7335.1
824.469	7245.2
824.607	7248.5
824.745	7178.4
824.882	7112.2
825.020	7233.9
825.158	7379.5
825.295	7275.1
825.433	7187.5
825.570	7265.6
825.708	7170
825.846	7187.3
825.983	7310.9
826.121	7191.5
826.259	7050.9
826.396	7115.3
826.534	7211.8
826.671	7213.2
826.809	7285
826.947	7246
827.084	7163
827.222	7093.4
827.360	7200.4
827.497	7343.8
827.635	7220.1
827.772	7263
827.910	7272.3
828.048	7144.4
828.185	7103.5
828.323	7138.1
828.460	7098.4
828.598	7096.7
828.736	7198.6
828.873	7127.6
829.011	7176.6
829.149	7150.4
829.286	7169.9
829.424	7346.2
829.561	7349.4
829.699	7285.1
829.837	7187.2
829.974	7153.8
830.112	7225.4
830.250	7133.4
830.387	7230.8
830.525	7299.8
830.662	7241.1
830.800	7292.5
830.938	7457.5
831.075	7215
831.213	7275.6
831.351	7308.7
831.488	7241.4
831.626	7281.6
831.763	7293.7
831.901	7231.4
832.039	7265.8
832.176	7187.1
832.314	7116
832.452	7156
832.589	7151.9
832.727	7177.7
832.864	7118.2
833.002	7258
833.140	7172.9
833.277	7316.5
833.415	7200.7
833.553	7163.9
833.690	7294.5
833.828	7097.1
833.965	7216.2
834.103	7128.5
834.241	7175.3
834.378	7341.6
834.516	7484.7
834.653	7496.3
834.791	7495.3
834.929	7190.1
835.066	7112.9
835.204	7222.9
835.342	7283.8
835.479	7044.2
835.617	7338.6
835.754	7204.4
835.892	7267
836.030	7279
836.167	7246.9
836.305	7270.2
836.443	7137.4
836.580	7372.6
836.718	7290.6
836.855	7150.8
836.993	7369.2
837.131	7302.1
837.268	7269
837.406	7302.1
837.544	7258.7
837.681	7249.8
837.819	7359.7
837.956	7158.9
838.094	7281.4
838.232	7326.2
838.369	7164.8
838.507	7134
838.645	7280.7
838.782	7389.1
838.920	7236.2
839.057	7370.7
839.195	7167
839.333	7294.3
839.470	7356.3
839.608	7379.1
839.746	7099
839.883	7420.3
840.021	7202.7
840.158	7504.7
840.296	7159.1
840.434	7282.8
840.571	7274
840.709	7239
840.846	7172.6
840.984	7303.4
841.122	7250.6
841.259	7185.1
841.397	7294.4
841.535	7268.4
841.672	7373.6
841.810	7246.9
841.947	7170.3
842.085	7322.1
842.223	7251.4
842.360	7341.9
842.498	7260.7
842.636	7200.4
842.773	7255.8
842.911	7296.2
843.048	7202.1
843.186	7222
843.324	7334.5
843.461	7317.1
843.599	7131
843.737	7261.9
843.874	7199.8
844.012	7159.9
844.149	7319.5
844.287	7314.1
844.425	7157.1
844.562	7335.6
844.700	7264.9
844.838	7369
844.975	7317.8
845.113	7332.4
845.250	7304.7
845.388	7292.3
845.526	7176.9
845.663	7532.3
845.801	7348.4
845.938	7185.7
846.076	7386.4
846.214	7243
846.351	7206.5
846.489	7294.3
846.627	7264
846.764	7353.5
846.902	7151.6
847.039	7181.2
847.177	7244.5
847.315	7242.6
847.452	7455.8
847.590	7434.8
847.728	7129
847.865	7116.1
848.003	7212
848.140	7215.5
848.278	7292.8
848.416	7405.3
848.553	7125.3
848.691	7226.3
848.829	7173.3
848.966	7275.4
849.104	7372.7
849.241	7223.2
849.379	7181.7
849.517	7350.6
849.654	7271.3
849.792	7134.2
849.930	7248.3
850.067	7214
