350.000	4908
350.128	4923.7
350.256	4931.8
350.384	4925.3
350.511	4924.3
350.639	4942.9
350.767	4968.5
350.895	4932.3
351.023	4949.3
351.151	4929.6
351.278	4924.7
351.406	4960.6
351.534	4950.7
351.662	4943.1
351.790	4978.5
351.918	4954
352.045	4929.5
352.173	4945.9
352.301	4961.2
352.429	5015.1
352.557	4953.5
352.685	4942.4
352.812	4944.2
352.940	4934.1
353.068	4949.1
353.196	4950.2
353.324	4968.2
353.452	4931.4
353.579	4921.9
353.707	4956
353.835	4917.9
353.963	4940.8
354.091	4926.9
354.219	4923.7
354.346	4924
354.474	4932.4
354.602	4975.2
354.730	4951.7
354.858	4935
354.986	4951.9
355.113	4966.9
355.241	4972.8
355.369	4996.6
355.497	4967.7
355.625	4999.2
355.753	4990.1
355.880	4980.1
356.008	4975.5
356.136	4951.9
356.264	4952.2
356.392	4937.4
356.520	4962.3
356.647	4973.9
356.775	4955.9
356.903	4921.6
357.031	4948.5
357.159	4945.2
357.287	4973.1
357.414	4976.7
357.542	4964.6
357.670	4974.7
357.798	4960.7
357.926	4980.3
358.054	4964.9
358.182	4955.5
358.309	4952.1
358.437	4940.6
358.565	4916
358.693	4955.9
358.821	4972.5
358.949	4939.4
359.076	4913
359.204	4943.9
359.332	4921.5
359.460	4946.7
359.588	4950.8
359.716	4959.6
359.843	4959.4
359.971	4941.3
360.099	4937.9
360.227	4929.6
360.355	4964.1
360.483	4964
360.610	4961.6
360.738	4977
360.866	4969.4
360.994	4964.8
361.122	4963.5
361.250	4994.6
361.377	4997.4
361.505	4959.2
361.633	4949.8
361.761	4956.6
361.889	4950.3
362.017	4940.8
362.144	4937.3
362.272	4945.5
362.400	4966.9
362.528	4959.7
362.656	4982.6
362.784	4954.8
362.911	4962.7
363.039	4993
363.167	4972.9
363.295	4961.9
363.423	4976.4
363.551	4973.6
363.678	4984.9
363.806	4998.8
363.934	4990.4
364.062	4968.3
364.190	4949.2
364.318	4985.1
364.445	4983.3
364.573	4963.6
364.701	4963.1
364.829	4967.1
364.957	4962.7
365.085	4978.3
365.212	5004.2
365.340	5015.3
365.468	4997.8
365.596	4965.9
365.724	5030.3
365.852	4952.8
365.979	4937.6
366.107	4943.7
366.235	4949.7
366.363	4984
366.491	4940.1
366.619	4992.5
366.747	5014.9
366.874	4988.4
367.002	4949.8
367.130	4973.7
367.258	5000.7
367.386	4971.3
367.514	4971.4
367.641	4978.4
367.769	4968.8
367.897	4933.8
368.025	4984.4
368.153	4999.5
368.281	4982.5
368.408	4971.2
368.536	4981.8
368.664	5007.4
368.792	4976.5
368.920	4975.2
369.048	4974.1
369.175	4977.1
369.303	4988
369.431	5001.1
369.559	4992.1
369.687	4995.7
369.815	5033.4
369.942	5011.3
370.070	4973.1
370.198	4951.2
370.326	4958.5
370.454	5018.1
370.582	4983.5
370.709	4991.6
370.837	4993.1
370.965	4985
371.093	4987.7
371.221	5006
371.349	4984.9
371.476	4978.1
371.604	4973.9
371.732	4980.4
371.860	4999
371.988	4988.9
372.116	5013.3
372.243	5000.5
372.371	5010.2
372.499	5026.2
372.627	5021.3
372.755	4964.2
372.883	5013.8
373.010	5019.1
373.138	5024.9
373.266	5001.2
373.394	4966.7
373.522	4980.8
373.650	4986.8
373.777	5023.2
373.905	5002.1
374.033	5000
374.161	5020.6
374.289	5032.5
374.417	4989
374.545	5048.2
374.672	5020.4
374.800	5030.6
374.928	5038.4
375.056	5000.8
375.184	4949.9
375.312	5019.3
375.439	5002.8
375.567	5000.3
375.695	4996.8
375.823	4993.3
375.951	5017.4
376.079	5009.2
376.206	4989.1
376.334	5052.8
376.462	5040
376.590	4982.7
376.718	5001.3
376.846	5024.7
376.973	5019
377.101	5012
377.229	5003.8
377.357	5018.9
377.485	5051.9
377.613	4983.9
377.740	5065.3
377.868	5066.9
377.996	5009
378.124	4985.5
378.252	5022.1
378.380	5046.2
378.507	5012.8
378.635	5037.3
378.763	5019.2
378.891	5007.1
379.019	5028.6
379.147	5080.9
379.274	5046.9
379.402	5066.6
379.530	5041.7
379.658	5026.9
379.786	5021.7
379.914	5028.5
380.041	5090.2
380.169	5012.5
380.297	5030.4
380.425	5017
380.553	5016.4
380.681	5041.8
380.808	5059.2
380.936	5048.1
381.064	5062.8
381.192	5076.1
381.320	5056.3
381.448	5033.2
381.575	5038.5
381.703	5039.3
381.831	5058.4
381.959	5066.8
382.087	5051.6
382.215	5040
382.343	5046.5
382.470	5052.7
382.598	5061.5
382.726	5076
382.854	5069.2
382.982	5051.4
383.110	5049.4
383.237	5095.5
383.365	5049.3
383.493	5062.4
383.621	5055.8
383.749	5041.9
383.877	5036.6
384.004	5043.8
384.132	5049.9
384.260	5096.8
384.388	5069.2
384.516	5054.9
384.644	5067.8
384.771	5095.3
384.899	5098.3
385.027	5104.7
385.155	5083.5
385.283	5071.1
385.411	5071.8
385.538	5070.1
385.666	5052
385.794	5047.1
385.922	5109.6
386.050	5096.7
386.178	5088.7
386.305	5101.8
386.433	5121.1
386.561	5106.2
386.689	5090.5
386.817	5066.2
386.945	5078.6
387.072	5090.4
387.200	5095.7
387.328	5110.9
387.456	5111.4
387.584	5076.3
387.712	5092.1
387.839	5104.6
387.967	5098.5
388.095	5089.9
388.223	5085.4
388.351	5090.5
388.479	5080.1
388.606	5094.8
388.734	5093.4
388.862	5082.7
388.990	5095.5
389.118	5128.3
389.246	5143.9
389.373	5140.8
389.501	5144.5
389.629	5142.8
389.757	5130.6
389.885	5133.2
390.013	5109.3
390.141	5099.9
390.268	5126.3
390.396	5147.3
390.524	5150.4
390.652	5145.8
390.780	5136.8
390.908	5138.9
391.035	5123.1
391.163	5134.4
391.291	5151.4
391.419	5153.1
391.547	5147.4
391.675	5127.8
391.802	5153.8
391.930	5171.5
392.058	5187.9
392.186	5201.9
392.314	5187.9
392.442	5173.9
392.569	5148.8
392.697	5161.5
392.825	5141.9
392.953	5131.5
393.081	5160.6
393.209	5199.7
393.336	5120.7
393.464	5133.6
393.592	5171.7
393.720	5189.2
393.848	5172
393.976	5141.2
394.103	5181.2
394.231	5153.3
394.359	5160.4
394.487	5167
394.615	5174
394.743	5199.4
394.870	5178.5
394.998	5191.1
395.126	5188.1
395.254	5177.4
395.382	5178.1
395.510	5173.4
395.637	5151.5
395.765	5186.4
395.893	5191.1
396.021	5205.1
396.149	5207.6
396.277	5201.9
396.404	5193.4
396.532	5198.7
396.660	5191.3
396.788	5189.4
396.916	5191.6
397.044	5190.6
397.171	5189.8
397.299	5190.6
397.427	5148.7
397.555	5198.7
397.683	5221.6
397.811	5224.2
397.938	5222.4
398.066	5227.7
398.194	5214.1
398.322	5200.3
398.450	5180.9
398.578	5238.3
398.706	5227.9
398.833	5196.7
398.961	5215.8
399.089	5242.5
399.217	5226.1
399.345	5230.4
399.473	5222.7
399.600	5219
399.728	5230
399.856	5210.3
399.984	5259.8
400.112	5205.9
400.240	5231.9
400.367	5254.7
400.495	5265.2
400.623	5256
400.751	5254.1
400.879	5234.1
401.007	5238.8
401.134	5231
401.262	5238.7
401.390	5257.6
401.518	5260.9
401.646	5244.2
401.774	5218.1
401.901	5263.9
402.029	5258.1
402.157	5250.6
402.285	5263.5
402.413	5285.9
402.541	5242.3
402.668	5287.4
402.796	5278
402.924	5277.6
403.052	5274.8
403.180	5264.3
403.308	5266.9
403.435	5255.1
403.563	5232.8
403.691	5243.3
403.819	5272.3
403.947	5281
404.075	5280.4
404.202	5295.2
404.330	5279.3
404.458	5286.7
404.586	5310.7
404.714	5310.5
404.842	5318.6
404.969	5302
405.097	5264.7
405.225	5318.1
405.353	5304.9
405.481	5302.2
405.609	5306.5
405.736	5296.9
405.864	5283.1
405.992	5296.6
406.120	5295.2
406.248	5314.5
406.376	5314.3
406.504	5339.5
406.631	5356.6
406.759	5311.8
406.887	5333.6
407.015	5339
407.143	5362.2
407.271	5349.8
407.398	5326.4
407.526	5356.1
407.654	5338.1
407.782	5320.7
407.910	5343.8
408.038	5368.2
408.165	5343.1
408.293	5293
408.421	5316.8
408.549	5345.3
408.677	5364.2
408.805	5357.2
408.932	5350.7
409.060	5341.7
409.188	5334
409.316	5347.9
409.444	5371
409.572	5398.6
409.699	5394.3
409.827	5379.6
409.955	5381.2
410.083	5349.9
410.211	5366.6
410.339	5377.4
410.466	5411
410.594	5404.4
410.722	5409.2
410.850	5404.7
410.978	5391.3
411.106	5374
411.233	5416.6
411.361	5406.8
411.489	5414.1
411.617	5421.7
411.745	5378.8
411.873	5368
412.000	5386.4
412.128	5389
412.256	5376.7
412.384	5399.2
412.512	5416.7
412.640	5407.7
412.767	5383.7
412.895	5387.7
413.023	5415.7
413.151	5444.2
413.279	5424.4
413.407	5418
413.534	5432.8
413.662	5419
413.790	5411.9
413.918	5409.7
414.046	5429.9
414.174	5431.3
414.302	5424.3
414.429	5437.9
414.557	5429.5
414.685	5418.8
414.813	5445.4
414.941	5433.3
415.069	5433.4
415.196	5451.8
415.324	5440.1
415.452	5453.5
415.580	5466.6
415.708	5450.1
415.836	5448
415.963	5467.6
416.091	5457.7
416.219	5472
416.347	5469.2
416.475	5477.5
416.603	5475.3
416.730	5490.7
416.858	5481.6
416.986	5465.6
417.114	5507.6
417.242	5492.5
417.370	5479.1
417.497	5482.6
417.625	5504.7
417.753	5512.8
417.881	5528.7
418.009	5536.9
418.137	5530.2
418.264	5533.1
418.392	5521.5
418.520	5513.7
418.648	5518.3
418.776	5532.7
418.904	5545.2
419.031	5532.2
419.159	5545.9
419.287	5540.5
419.415	5546.1
419.543	5554.6
419.671	5571.6
419.798	5592
419.926	5596.3
420.054	5513.3
420.182	5537.6
420.310	5585.5
420.438	5602
420.565	5595.1
420.693	5563.8
420.821	5546.6
420.949	5564.6
421.077	5598.1
421.205	5612.7
421.332	5615.1
421.460	5572.6
421.588	5560.3
421.716	5592.6
421.844	5587.3
421.972	5572.3
422.100	5586.7
422.227	5594.9
422.355	5627.9
422.483	5609.9
422.611	5624.8
422.739	5604.2
422.867	5615.2
422.994	5591.8
423.122	5637.8
423.250	5627.8
423.378	5594.7
423.506	5595.2
423.634	5595.5
423.761	5629.5
423.889	5635
424.017	5644.1
424.145	5632.5
424.273	5617.6
424.401	5624
424.528	5651.1
424.656	5644.5
424.784	5632.8
424.912	5637.2
425.040	5639.9
425.168	5683.2
425.295	5631.1
425.423	5645.5
425.551	5659.9
425.679	5672.6
425.807	5685.2
425.935	5699.8
426.062	5657.1
426.190	5665.1
426.318	5691.2
426.446	5689.2
426.574	5680.3
426.702	5716.6
426.829	5703
426.957	5654.3
427.085	5714.1
427.213	5714.7
427.341	5692
427.469	5696.3
427.596	5730.6
427.724	5716.9
427.852	5697.1
427.980	5725.5
428.108	5720.8
428.236	5708.4
428.363	5721
428.491	5736.8
428.619	5714.9
428.747	5724.1
428.875	5724
429.003	5728.3
429.130	5740.6
429.258	5722.1
429.386	5743.1
429.514	5761.6
429.642	5767.2
429.770	5783.4
429.898	5758.8
430.025	5773.7
430.153	5763.6
430.281	5758.3
430.409	5754.2
430.537	5744.5
430.665	5775
430.792	5788.8
430.920	5801.8
431.048	5787.6
431.176	5770.3
431.304	5773.9
431.432	5785.3
431.559	5811.2
431.687	5815.2
431.815	5784.4
431.943	5789.3
432.071	5831.9
432.199	5833.8
432.326	5849.1
432.454	5852.4
432.582	5850.8
432.710	5851.1
432.838	5844.7
432.966	5844.7
433.093	5864.7
433.221	5842.8
433.349	5854.9
433.477	5864.1
433.605	5825.2
433.733	5810.5
433.860	5860.1
433.988	5833.8
434.116	5851.6
434.244	5870.2
434.372	5900.4
434.500	5884.1
434.627	5878.3
434.755	5858.9
434.883	5853
435.011	5881.8
435.139	5898.5
435.267	5916.3
435.394	5908
435.522	5904.7
435.650	5908
435.778	5901.4
435.906	5905.9
436.034	5918.7
436.161	5948.1
436.289	5922.8
436.417	5937.1
436.545	5925.4
436.673	5917.4
436.801	5931.4
436.928	5901.2
437.056	5930
437.184	5920.8
437.312	5932.8
437.440	5947.8
437.568	5958.1
437.695	5968
437.823	5944.4
437.951	5954.5
438.079	5964.5
438.207	5983.1
438.335	5980.6
438.463	5983.9
438.590	5985.2
438.718	5965.5
438.846	5975.6
438.974	6002.4
439.102	6014.9
439.230	6007.3
439.357	6009.9
439.485	6019.2
439.613	6019.7
439.741	6013.2
439.869	6010.3
439.997	6012.4
440.124	6016.3
440.252	6025.4
440.380	6027.8
440.508	6019.7
440.636	6040.1
440.764	6042.7
440.891	6055.2
441.019	6060.7
441.147	6081.1
441.275	6066.2
441.403	6050.3
441.531	6063.9
441.658	6070.3
441.786	6089.4
441.914	6103.3
442.042	6112.8
442.170	6124.7
442.298	6130
442.425	6107.8
442.553	6149.7
442.681	6113.1
442.809	6103.7
442.937	6100.7
443.065	6102.9
443.192	6126.4
443.320	6125.2
443.448	6129.1
443.576	6122.3
443.704	6117.7
443.832	6139.4
443.959	6171.9
444.087	6162.2
444.215	6188.6
444.343	6148.1
444.471	6156.7
444.599	6153.6
444.726	6158.8
444.854	6185.4
444.982	6198.2
445.110	6190.5
445.238	6235.1
445.366	6214.4
445.493	6218.2
445.621	6207.4
445.749	6193.5
445.877	6229.5
446.005	6221.3
446.133	6188.9
446.261	6201.9
446.388	6210.7
446.516	6199.1
446.644	6267.2
446.772	6265.3
446.900	6274.2
447.028	6272.3
447.155	6244.3
447.283	6236.9
447.411	6264.9
447.539	6269.5
447.667	6286
447.795	6301.2
447.922	6317.2
448.050	6319.3
448.178	6272
448.306	6286.4
448.434	6277.4
448.562	6315.1
448.689	6350.6
448.817	6351.7
448.945	6352.4
449.073	6340.5
449.201	6340.2
449.329	6361
449.456	6374.6
449.584	6369.5
449.712	6361.6
449.840	6383.8
449.968	6371.2
450.096	6409.1
450.223	6409.3
450.351	6400.4
450.479	6411.7
450.607	6404.9
450.735	6387.7
450.863	6400.1
450.990	6420.4
451.118	6422
451.246	6410.6
451.374	6403.2
451.502	6472.9
451.630	6437.5
451.757	6434.1
451.885	6453.9
452.013	6444.6
452.141	6427.7
452.269	6512.5
452.397	6481.1
452.524	6457.3
452.652	6453.3
452.780	6472.9
452.908	6485.6
453.036	6483.8
453.164	6486.3
453.291	6495.8
453.419	6495.4
453.547	6514
453.675	6523.6
453.803	6493.3
453.931	6526
454.059	6477.2
454.186	6525.2
454.314	6546
454.442	6542
454.570	6541.9
454.698	6505.1
454.826	6564.9
454.953	6570.6
455.081	6573.8
455.209	6573.6
455.337	6574.9
455.465	6595.9
455.593	6626.3
455.720	6602
455.848	6604.3
455.976	6644
456.104	6653.6
456.232	6636.6
456.360	6660.7
456.487	6627
456.615	6637
456.743	6613
456.871	6637
456.999	6680.2
457.127	6622.8
457.254	6623.5
457.382	6676.7
457.510	6685.5
457.638	6682.1
457.766	6675.2
457.894	6660.1
458.021	6764.2
458.149	6757.9
458.277	6718.8
458.405	6720.7
458.533	6761.3
458.661	6769.9
458.788	6783
458.916	6748.5
459.044	6745.2
459.172	6766
459.300	6816.8
459.428	6847.5
459.555	6768.2
459.683	6836.2
459.811	6791.8
459.939	6779.2
460.067	6800
460.195	6811
460.322	6788.4
460.450	6805.2
460.578	6823.2
460.706	6830.5
460.834	6834
460.962	6845.9
461.089	6868
461.217	6889.7
461.345	6857.5
461.473	6859.5
461.601	6861.6
461.729	6867.3
461.856	6878.6
461.984	6900.3
462.112	6899.1
462.240	6895
462.368	6909
462.496	6901.5
462.624	6923
462.751	6955.5
462.879	6949.2
463.007	6953.8
463.135	6984
463.263	7020.6
463.391	7033.9
463.518	7031
463.646	7011.8
463.774	6997.1
463.902	7015.5
464.030	7032.7
464.158	7041.3
464.285	7023.7
464.413	7014.6
464.541	7082.6
464.669	7025.9
464.797	7071.2
464.925	7049.4
465.052	7060.5
465.180	7073.4
465.308	7079.6
465.436	7121.3
465.564	7076.2
465.692	7061.5
465.819	7091.2
465.947	7085.6
466.075	7068
466.203	7103
466.331	7140
466.459	7159.9
466.586	7174.7
466.714	7194
466.842	7198.4
466.970	7194.8
467.098	7218.4
467.226	7214.6
467.353	7153.2
467.481	7186.4
467.609	7211.2
467.737	7200.4
467.865	7181
467.993	7209.6
468.120	7269.8
468.248	7224.3
468.376	7227.1
468.504	7271.7
468.632	7293
468.760	7256.2
468.887	7344.4
469.015	7296.9
469.143	7294.9
469.271	7327.6
469.399	7334.7
469.527	7331.5
469.654	7386.2
469.782	7337.6
469.910	7402.6
470.038	7363.3
470.166	7356.5
470.294	7360.3
470.422	7313.5
470.549	7416.5
470.677	7363.5
470.805	7404.3
470.933	7449.9
471.061	7470.4
471.189	7469.9
471.316	7473.7
471.444	7414.6
471.572	7429.7
471.700	7483.1
471.828	7494.9
471.956	7485.1
472.083	7495.4
472.211	7548.9
472.339	7534.4
472.467	7552.9
472.595	7519.3
472.723	7523.2
472.850	7539.8
472.978	7522.2
473.106	7638.6
473.234	7599.5
473.362	7623.7
473.490	7644.2
473.617	7653.2
473.745	7638.9
473.873	7582.7
474.001	7667.2
474.129	7659.1
474.257	7701.3
474.384	7712.4
474.512	7695.9
474.640	7685.1
474.768	7708.7
474.896	7695.3
475.024	7788.4
475.151	7773.8
475.279	7759.2
475.407	7776.6
475.535	7803.7
475.663	7791.2
475.791	7746.7
475.918	7775.9
476.046	7832.4
476.174	7849.7
476.302	7842.9
476.430	7878.9
476.558	7897.3
476.685	7850.6
476.813	7912.9
476.941	7884
477.069	7886.6
477.197	7935.3
477.325	7847.5
477.452	7865.2
477.580	7910.4
477.708	7947.9
477.836	7944.3
477.964	7939.4
478.092	7964.9
478.220	7980.9
478.347	7911.9
478.475	7986.6
478.603	8021.1
478.731	8042
478.859	8056.8
478.987	8063.7
479.114	8071.5
479.242	8102.9
479.370	8040.2
479.498	8049.9
479.626	8086.2
479.754	8110.7
479.881	8114.2
480.009	8134.1
480.137	8171.3
480.265	8121.1
480.393	8073.2
480.521	8098.6
480.648	8158.1
480.776	8120.9
480.904	8191.6
481.032	8250.7
481.160	8223.3
481.288	8183.4
481.415	8162.3
481.543	8179.9
481.671	8246.9
481.799	8204.8
481.927	8191.4
482.055	8246
482.182	8262.6
482.310	8301.2
482.438	8384.6
482.566	8311.4
482.694	8333.8
482.822	8364.5
482.949	8348.3
483.077	8354.4
483.205	8366.1
483.333	8343.6
483.461	8326.3
483.589	8436.2
483.716	8409.6
483.844	8431.6
483.972	8438.2
484.100	8436
484.228	8465.7
484.356	8454
484.483	8455.3
484.611	8553.4
484.739	8596.7
484.867	8573.7
484.995	8529.6
485.123	8527.3
485.250	8526.2
485.378	8606.5
485.506	8597.7
485.634	8589.5
485.762	8593
485.890	8583.8
486.018	8536.2
486.145	8654.9
486.273	8605.7
486.401	8622
486.529	8617.3
486.657	8631.2
486.785	8661.8
486.912	8630.9
487.040	8594.8
487.168	8667.2
487.296	8697.7
487.424	8691.6
487.552	8681.3
487.679	8694.8
487.807	8733.4
487.935	8709
488.063	8735.3
488.191	8700.7
488.319	8700
488.446	8734.5
488.574	8769.1
488.702	8764.9
488.830	8775.5
488.958	8735.2
489.086	8732.5
489.213	8737.1
489.341	8724.8
489.469	8695.4
489.597	8687.9
489.725	8748.7
489.853	8754.9
489.980	8734.6
490.108	8742.4
490.236	8741.5
490.364	8706.6
490.492	8721.3
490.620	8690.2
490.747	8707
490.875	8703.3
491.003	8691.1
491.131	8673.2
491.259	8653.5
491.387	8648.2
491.514	8579.7
491.642	8593.2
491.770	8621.9
491.898	8605.5
492.026	8573.7
492.154	8574
492.281	8589.6
492.409	8463.6
492.537	8566.7
492.665	8452.9
492.793	8416.4
492.921	8446.3
493.048	8427.5
493.176	8390.4
493.304	8325.5
493.432	8241.2
493.560	8238.9
493.688	8230.8
493.816	8180.2
493.943	8110.2
494.071	8111.3
494.199	8097.3
494.327	8071.4
494.455	8013.6
494.583	7935.6
494.710	7881
494.838	7881.4
494.966	7908.3
495.094	7863.5
495.222	7800.2
495.350	7757.5
495.477	7715.6
495.605	7683.3
495.733	7672.4
495.861	7673
495.989	7565
496.117	7597.7
496.244	7534.3
496.372	7496.5
496.500	7488.8
496.628	7473
496.756	7431.7
496.884	7377.1
497.011	7359.2
497.139	7343.4
497.267	7290.5
497.395	7235.9
497.523	7222
497.651	7247.1
497.778	7186.5
497.906	7206.1
498.034	7158.1
498.162	7132.9
498.290	7131.7
498.418	7123.5
498.545	7080.4
498.673	7039.6
498.801	7070.9
498.929	7082.3
499.057	7049
499.185	7024.9
499.312	7036.7
499.440	7044.6
499.568	6993.2
499.696	7048.9
499.824	7074.6
499.952	7041.4
500.079	7004
500.207	6991.8
500.335	6984.8
500.463	6983.6
500.591	7031.2
500.719	6982.3
500.846	7021.6
500.974	7051
501.102	7018.3
501.230	6973.5
501.358	7041.2
501.486	7055.3
501.613	7040.6
501.741	7038.9
501.869	7045.6
501.997	7044.7
502.125	7036.5
502.253	7097.1
502.381	7073.5
502.508	7023.3
502.636	7072.2
502.764	7100.6
502.892	7079.5
503.020	7057
503.148	7104.8
503.275	7056.7
503.403	7106.4
503.531	7069
503.659	7086.5
503.787	7121.7
503.915	7112.9
504.042	7120.7
504.170	7140.5
504.298	7132
504.426	7151.9
504.554	7163.3
504.682	7152
504.809	7136.3
504.937	7161
505.065	7196.5
505.193	7219.9
505.321	7201.1
505.449	7173.7
505.576	7187.1
505.704	7220.4
505.832	7202.6
505.960	7243.9
506.088	7213.2
506.216	7228.2
506.343	7209.3
506.471	7205.6
506.599	7213.6
506.727	7208.2
506.855	7292.2
506.983	7240.2
507.110	7251.9
507.238	7306.6
507.366	7299.6
507.494	7260
507.622	7273.4
507.750	7362.4
507.877	7273.7
508.005	7254.4
508.133	7309.2
508.261	7349.3
508.389	7339.9
508.517	7306.9
508.644	7322.9
508.772	7348
508.900	7283.1
509.028	7309.4
509.156	7352.4
509.284	7353.6
509.411	7328.6
509.539	7344.3
509.667	7337.7
509.795	7402.7
509.923	7364.6
510.051	7353.7
510.179	7350
510.306	7351.3
510.434	7367.7
510.562	7374
510.690	7449.2
510.818	7415.1
510.946	7393
511.073	7390.3
511.201	7401.3
511.329	7417.4
511.457	7433.9
511.585	7416.8
511.713	7383.1
511.840	7408.6
511.968	7415.2
512.096	7412.5
512.224	7414.6
512.352	7419.7
512.480	7461
512.607	7396.2
512.735	7431.3
512.863	7499.1
512.991	7540.6
513.119	7524.2
513.247	7473.6
513.374	7504.3
513.502	7529.9
513.630	7545.9
513.758	7508.2
513.886	7468.5
514.014	7468.8
514.141	7503.8
514.269	7515.4
514.397	7557.8
514.525	7540.5
514.653	7533.8
514.781	7584
514.908	7606.4
515.036	7607.8
515.164	7661.3
515.292	7598.3
515.420	7566.1
515.548	7532.3
515.675	7567.9
515.803	7596.8
515.931	7598.4
516.059	7608.1
516.187	7685.8
516.315	7572.4
516.442	7639.2
516.570	7627.1
516.698	7667.5
516.826	7671.9
516.954	7614
517.082	7612.8
517.209	7621
517.337	7616.2
517.465	7628.7
517.593	7619
517.721	7612.9
517.849	7629.5
517.977	7657.5
518.104	7696.9
518.232	7647.4
518.360	7634.7
518.488	7674.9
518.616	7694
518.744	7692.8
518.871	7676.5
518.999	7649.8
519.127	7717.4
519.255	7757.8
519.383	7712.4
519.511	7724.9
519.638	7771.3
519.766	7784.7
519.894	7744.9
520.022	7839.4
520.150	7818.6
520.278	7803.6
520.405	7813.3
520.533	7863.3
520.661	7862.2
520.789	7816.7
520.917	7888.1
521.045	7858.8
521.172	7826.5
521.300	7862.6
521.428	7861.5
521.556	7857.7
521.684	7865
521.812	7866.6
521.939	7855.3
522.067	7862
522.195	7968.9
522.323	7885
522.451	7856.4
522.579	7883
522.706	7913.7
522.834	7958.1
522.962	7980.7
523.090	7922.5
523.218	7956.3
523.346	7924.5
523.473	7918.5
523.601	7949.3
523.729	7980.7
523.857	8007.5
523.985	8025.8
524.113	7978.6
524.240	7981.3
524.368	7992
524.496	7997.4
524.624	7991.6
524.752	7972.2
524.880	8023.2
525.007	8027.7
525.135	8043.6
525.263	8029.9
525.391	8066.6
525.519	8067.4
525.647	7996.2
525.774	8059.3
525.902	8033.2
526.030	8101.1
526.158	8105.8
526.286	8078
526.414	8082.5
526.542	8121.5
526.669	8135.1
526.797	8098.7
526.925	8097.1
527.053	8125.7
527.181	8105.8
527.309	8105.7
527.436	8123.9
527.564	8135.7
527.692	8078
527.820	8082
527.948	8111.8
528.076	8194
528.203	8168.8
528.331	8170.3
528.459	8160.7
528.587	8112.9
528.715	8111.1
528.843	8142.6
528.970	8186.8
529.098	8211.5
529.226	8203.8
529.354	8197.2
529.482	8192.7
529.610	8201.4
529.737	8202.3
529.865	8256.1
529.993	8231.1
530.121	8232.3
530.249	8234
530.377	8224.3
530.504	8231.7
530.632	8262
530.760	8228.7
530.888	8290.1
531.016	8274
531.144	8304
531.271	8273.8
531.399	8259.4
531.527	8316.7
531.655	8270.7
531.783	8283.1
531.911	8276.4
532.038	8278.5
532.166	8271.2
532.294	8283.3
532.422	8295.6
532.550	8283.3
532.678	8308.6
532.805	8353.3
532.933	8332.2
533.061	8346.3
533.189	8334.4
533.317	8319.8
533.445	8323.2
533.572	8338.2
533.700	8312.5
533.828	8372.2
533.956	8369.8
534.084	8408.8
534.212	8396.5
534.340	8401
534.467	8427.2
534.595	8413.7
534.723	8451.6
534.851	8443.7
534.979	8451.7
535.107	8469.1
535.234	8484.8
535.362	8491.4
535.490	8490.7
535.618	8472.2
535.746	8475.5
535.874	8558.1
536.001	8576
536.129	8544.1
536.257	8538.5
536.385	8538.2
536.513	8513.8
536.641	8534
536.768	8552
536.896	8518.6
537.024	8529.4
537.152	8559.7
537.280	8584
537.408	8561.8
537.535	8531.6
537.663	8557.7
537.791	8558.4
537.919	8536.8
538.047	8548.8
538.175	8521.2
538.302	8518.8
538.430	8550.6
538.558	8579.1
538.686	8602.5
538.814	8584
538.942	8628.6
539.069	8599.3
539.197	8604.5
539.325	8615.4
539.453	8659.3
539.581	8677.6
539.709	8630.1
539.836	8654.3
539.964	8636.6
540.092	8665.3
540.220	8708.5
540.348	8721.7
540.476	8714.2
540.603	8712.9
540.731	8643.6
540.859	8700.5
540.987	8745.3
541.115	8747.2
541.243	8742.9
541.370	8733
541.498	8718.2
541.626	8707
541.754	8723.6
541.882	8754.8
542.010	8766.8
542.138	8761.2
542.265	8790.8
542.393	8800.2
542.521	8784
542.649	8774.2
542.777	8797.1
542.905	8821.7
543.032	8809.3
543.160	8843
543.288	8841
543.416	8832.4
543.544	8857.3
543.672	8840.4
543.799	8826.9
543.927	8866.9
544.055	8884.6
544.183	8871.5
544.311	8876.2
544.439	8850.5
544.566	8855.4
544.694	8926.2
544.822	8897.5
544.950	8926.2
545.078	8935.4
545.206	8860.4
545.333	8899.9
545.461	8942.9
545.589	8957.8
545.717	8984.1
545.845	9008.4
545.973	8984.9
546.100	8976.7
546.228	8967.4
546.356	8994.9
546.484	8989.2
546.612	8968
546.740	9049.7
546.867	9016.9
546.995	9012.2
547.123	9023.6
547.251	9041
547.379	9026.8
547.507	9028.3
547.634	9085.3
547.762	9099
547.890	9087.6
548.018	9112.5
548.146	9102.2
548.274	9093.5
548.401	9096.3
548.529	9117.7
548.657	9132.3
548.785	9170.4
548.913	9113.3
549.041	9127.9
549.168	9156.3
549.296	9164.2
549.424	9149.8
549.552	9137.6
549.680	9153.9
549.808	9158.1
549.936	9184
550.063	9164.3
550.191	9211.3
550.319	9196.1
550.447	9202
550.575	9217.7
550.703	9222.5
550.830	9241.1
550.958	9285.1
551.086	9234.8
551.214	9231.8
551.342	9261.9
551.470	9294.4
551.597	9303.2
551.725	9286.9
551.853	9271.3
551.981	9311
552.109	9363
552.237	9316.5
552.364	9325.6
552.492	9340.5
552.620	9346.2
552.748	9361.7
552.876	9368.2
553.004	9335
553.131	9352.2
553.259	9353.6
553.387	9411.5
553.515	9458.5
553.643	9416.5
553.771	9433.8
553.898	9425.9
554.026	9427.6
554.154	9508.7
554.282	9474.4
554.410	9538.5
554.538	9503.1
554.665	9477.2
554.793	9481.3
554.921	9485.3
555.049	9481
555.177	9516.8
555.305	9496
555.432	9527.9
555.560	9558.2
555.688	9550.9
555.816	9565.8
555.944	9555.9
556.072	9548.7
556.199	9634.5
556.327	9591
556.455	9596
556.583	9605.2
556.711	9601.7
556.839	9616.3
556.966	9611.8
557.094	9595.9
557.222	9651.6
557.350	9693.2
557.478	9644.3
557.606	9663.7
557.734	9659.3
557.861	9651.7
557.989	9651.9
558.117	9677.9
558.245	9715.6
558.373	9674.5
558.501	9705.4
558.628	9719.1
558.756	9723.4
558.884	9685.7
559.012	9660.6
559.140	9681.3
559.268	9684.8
559.395	9715.2
559.523	9700.2
559.651	9785.7
559.779	9754.8
559.907	9765.4
560.035	9800.9
560.162	9749.6
560.290	9711.2
560.418	9740.9
560.546	9820.1
560.674	9840.5
560.802	9837.4
560.929	9796.7
561.057	9819.4
561.185	9830.1
561.313	9818.9
561.441	9815.8
561.569	9831
561.696	9851.8
561.824	9868.4
561.952	9871.2
562.080	9863.3
562.208	9896.1
562.336	9907.6
562.463	9876.5
562.591	9915.2
562.719	9912.8
562.847	9891.8
562.975	9962.7
563.103	9978.7
563.230	9982.5
563.358	9962.2
563.486	9959.4
563.614	9982.8
563.742	10015
563.870	10026
563.997	9996.3
564.125	10013
564.253	10005
564.381	10003
564.509	10029
564.637	10059
564.764	10059
564.892	10035
565.020	10070
565.148	10098
565.276	10056
565.404	10082
565.531	10097
565.659	10088
565.787	10074
565.915	10127
566.043	10088
566.171	10110
566.299	10103
566.426	10127
566.554	10159
566.682	10173
566.810	10164
566.938	10188
567.066	10143
567.193	10145
567.321	10152
567.449	10164
567.577	10164
567.705	10155
567.833	10181
567.960	10280
568.088	10237
568.216	10234
568.344	10237
568.472	10255
568.600	10234
568.727	10209
568.855	10274
568.983	10276
569.111	10313
569.239	10312
569.367	10326
569.494	10298
569.622	10284
569.750	10337
569.878	10299
570.006	10306
570.134	10307
570.261	10338
570.389	10448
570.517	10423
570.645	10369
570.773	10406
570.901	10391
571.028	10378
571.156	10380
571.284	10400
571.412	10439
571.540	10439
571.668	10464
571.795	10476
571.923	10542
572.051	10515
572.179	10481
572.307	10536
572.435	10546
572.562	10481
572.690	10502
572.818	10454
572.946	10519
573.074	10564
573.202	10589
573.329	10618
573.457	10615
573.585	10585
573.713	10575
573.841	10589
573.969	10647
574.097	10648
574.224	10617
574.352	10657
574.480	10697
574.608	10674
574.736	10674
574.864	10702
574.991	10693
575.119	10628
575.247	10656
575.375	10696
575.503	10725
575.631	10748
575.758	10720
575.886	10679
576.014	10735
576.142	10711
576.270	10693
576.398	10731
576.525	10754
576.653	10788
576.781	10811
576.909	10800
577.037	10790
577.165	10746
577.292	10817
577.420	10836
577.548	10863
577.676	10825
577.804	10787
577.932	10778
578.059	10865
578.187	10860
578.315	10857
578.443	10844
578.571	10843
578.699	10866
578.826	10893
578.954	10909
579.082	10927
579.210	10914
579.338	10927
579.466	10916
579.593	10955
579.721	10918
579.849	10998
579.977	10956
580.105	10960
580.233	10972
580.360	10996
580.488	10994
580.616	10970
580.744	10970
580.872	11047
581.000	11088
581.127	11086
581.255	11042
581.383	11024
581.511	11053
581.639	11072
581.767	11150
581.895	11135
582.022	11125
582.150	11158
582.278	11209
582.406	11227
582.534	11230
582.662	11223
582.789	11161
582.917	11210
583.045	11207
583.173	11221
583.301	11247
583.429	11306
583.556	11265
583.684	11237
583.812	11255
583.940	11260
584.068	11276
584.196	11291
584.323	11318
584.451	11281
584.579	11355
584.707	11329
584.835	11345
584.963	11355
585.090	11390
585.218	11403
585.346	11335
585.474	11293
585.602	11463
585.730	11358
585.857	11365
585.985	11393
586.113	11390
586.241	11379
586.369	11417
586.497	11468
586.624	11425
586.752	11410
586.880	11376
587.008	11418
587.136	11482
587.264	11455
587.391	11484
587.519	11561
587.647	11490
587.775	11494
587.903	11510
588.031	11506
588.158	11496
588.286	11525
588.414	11590
588.542	11587
588.670	11551
588.798	11593
588.925	11606
589.053	11590
589.181	11561
589.309	11574
589.437	11662
589.565	11656
589.693	11650
589.820	11641
589.948	11663
590.076	11703
590.204	11704
590.332	11632
590.460	11733
590.587	11732
590.715	11738
590.843	11760
590.971	11784
591.099	11781
591.227	11728
591.354	11721
591.482	11762
591.610	11807
591.738	11822
591.866	11825
591.994	11837
592.121	11820
592.249	11881
592.377	11880
592.505	11908
592.633	11964
592.761	11984
592.888	11974
593.016	11927
593.144	11924
593.272	11919
593.400	11948
593.528	11897
593.655	11869
593.783	11949
593.911	11979
594.039	11971
594.167	12058
594.295	11957
594.422	11990
594.550	12027
594.678	12020
594.806	12019
594.934	12039
595.062	12070
595.189	12100
595.317	12160
595.445	12096
595.573	12053
595.701	12057
595.829	12070
595.956	12116
596.084	12142
596.212	12101
596.340	12152
596.468	12216
596.596	12217
596.723	12175
596.851	12140
596.979	12162
597.107	12228
597.235	12202
597.363	12208
597.490	12191
597.618	12211
597.746	12245
597.874	12247
598.002	12289
598.130	12196
598.258	12262
598.385	12287
598.513	12256
598.641	12236
598.769	12293
598.897	12362
599.025	12358
599.152	12328
599.280	12393
599.408	12328
599.536	12349
599.664	12410
599.792	12440
599.919	12450
600.047	12411
600.175	12401
600.303	12341
600.431	12407
600.559	12488
600.686	12495
600.814	12468
600.942	12463
601.070	12413
601.198	12489
601.326	12512
601.453	12544
601.581	12591
601.709	12602
601.837	12572
601.965	12665
602.093	12567
602.220	12662
602.348	12635
602.476	12612
602.604	12635
602.732	12663
602.860	12666
602.987	12754
603.115	12743
603.243	12663
603.371	12709
603.499	12762
603.627	12775
603.754	12770
603.882	12780
604.010	12828
604.138	12819
604.266	12764
604.394	12818
604.521	12846
604.649	12856
604.777	12846
604.905	12785
605.033	12829
605.161	12800
605.288	12913
605.416	12919
605.544	12902
605.672	12913
605.800	12933
605.928	12902
606.056	12966
606.183	12949
606.311	13001
606.439	12928
606.567	12927
606.695	12987
606.823	13014
606.950	13070
607.078	13008
607.206	12927
607.334	12994
607.462	13024
607.590	13023
607.717	12999
607.845	12966
607.973	12982
608.101	13126
608.229	13039
608.357	13136
608.484	13079
608.612	13064
608.740	13096
608.868	13086
608.996	13151
609.124	13189
609.251	13099
609.379	13141
609.507	13202
609.635	13205
609.763	13209
609.891	13267
610.018	13301
610.146	13224
610.274	13194
610.402	13228
610.530	13264
610.658	13270
610.785	13258
610.913	13273
611.041	13380
611.169	13410
611.297	13350
611.425	13326
611.552	13317
611.680	13317
611.808	13356
611.936	13415
612.064	13345
612.192	13375
612.319	13494
612.447	13543
612.575	13485
612.703	13457
612.831	13455
612.959	13437
613.086	13501
613.214	13577
613.342	13559
613.470	13526
613.598	13581
613.726	13612
613.854	13612
613.981	13601
614.109	13526
614.237	13616
614.365	13612
614.493	13589
614.621	13620
614.748	13679
614.876	13705
615.004	13659
615.132	13579
615.260	13738
615.388	13833
615.515	13767
615.643	13819
615.771	13801
615.899	13782
616.027	13837
616.155	13853
616.282	13852
616.410	13882
616.538	13878
616.666	13806
616.794	13780
616.922	13775
617.049	13790
617.177	13871
617.305	13831
617.433	13915
617.561	13847
617.689	13871
617.816	13942
617.944	13978
618.072	13955
618.200	13943
618.328	14061
618.456	13909
618.583	13989
618.711	13998
618.839	14043
618.967	14048
619.095	14026
619.223	14035
619.350	14006
619.478	14085
619.606	14123
619.734	14028
619.862	14050
619.990	14089
620.117	14063
620.245	14028
620.373	14123
620.501	14120
620.629	14109
620.757	14119
620.884	14113
621.012	14167
621.140	14215
621.268	14192
621.396	14158
621.524	14232
621.651	14279
621.779	14315
621.907	14271
622.035	14273
622.163	14296
622.291	14314
622.419	14333
622.546	14311
622.674	14268
622.802	14316
622.930	14329
623.058	14313
623.186	14331
623.313	14368
623.441	14385
623.569	14415
623.697	14366
623.825	14440
623.953	14461
624.080	14466
624.208	14449
624.336	14497
624.464	14583
624.592	14541
624.720	14564
624.847	14497
624.975	14554
625.103	14566
625.231	14577
625.359	14547
625.487	14513
625.614	14566
625.742	14680
625.870	14598
625.998	14620
626.126	14625
626.254	14580
626.381	14549
626.509	14583
626.637	14697
626.765	14835
626.893	14653
627.021	14717
627.148	14634
627.276	14744
627.404	14777
627.532	14804
627.660	14860
627.788	14843
627.915	14834
628.043	14773
628.171	14872
628.299	14755
628.427	14783
628.555	14821
628.682	14822
628.810	14848
628.938	14912
629.066	14927
629.194	14943
629.322	14892
629.449	14941
629.577	14941
629.705	14949
629.833	14964
629.961	14912
630.089	14969
630.217	15018
630.344	15013
630.472	14990
630.600	14997
630.728	14978
630.856	14933
630.984	14924
631.111	14987
631.239	14949
631.367	15032
631.495	15143
631.623	15108
631.751	15038
631.878	15085
632.006	15143
632.134	15044
632.262	15084
632.390	15154
632.518	15167
632.645	15140
632.773	15193
632.901	15217
633.029	15232
633.157	15247
633.285	15186
633.412	15158
633.540	15399
633.668	15307
633.796	15256
633.924	15289
634.052	15359
634.179	15423
634.307	15431
634.435	15328
634.563	15383
634.691	15312
634.819	15346
634.946	15396
635.074	15387
635.202	15334
635.330	15344
635.458	15471
635.586	15515
635.713	15546
635.841	15442
635.969	15407
636.097	15481
636.225	15495
636.353	15481
636.480	15470
636.608	15402
636.736	15505
636.864	15547
636.992	15390
637.120	15449
637.247	15529
637.375	15509
637.503	15497
637.631	15598
637.759	15666
637.887	15504
638.015	15574
638.142	15574
638.270	15679
638.398	15668
638.526	15609
638.654	15642
638.782	15748
638.909	15706
639.037	15782
639.165	15805
639.293	15840
639.421	15794
639.549	15774
639.676	15797
639.804	15810
639.932	15773
640.060	15737
640.188	15719
640.316	15728
640.443	15716
640.571	15772
640.699	15839
640.827	15861
640.955	15830
641.083	15809
641.210	15891
641.338	16023
641.466	15991
641.594	15944
641.722	15982
641.850	16005
641.977	16019
642.105	16059
642.233	16088
642.361	16024
642.489	16080
642.617	16092
642.744	16181
642.872	16160
643.000	16073
643.128	16032
643.256	16087
643.384	16162
643.511	16137
643.639	16124
643.767	15993
643.895	16106
644.023	16102
644.151	16137
644.278	16179
644.406	16154
644.534	16135
644.662	16151
644.790	16217
644.918	16262
645.045	16236
645.173	16249
645.301	16255
645.429	16296
645.557	16348
645.685	16290
645.813	16286
645.940	16398
646.068	16235
646.196	16231
646.324	16298
646.452	16317
646.580	16294
646.707	16314
646.835	16389
646.963	16302
647.091	16399
647.219	16412
647.347	16453
647.474	16395
647.602	16463
647.730	16570
647.858	16575
647.986	16525
648.114	16548
648.241	16582
648.369	16687
648.497	16624
648.625	16735
648.753	16668
648.881	16604
649.008	16619
649.136	16532
649.264	16530
649.392	16628
649.520	16673
649.648	16692
649.775	16588
649.903	16536
650.031	16595
650.159	16667
650.287	16646
650.415	16642
650.542	16609
650.670	16664
650.798	16663
650.926	16624
651.054	16731
651.182	16824
651.309	16771
651.437	16756
651.565	16930
651.693	16930
651.821	16926
651.949	16830
652.076	16919
652.204	16845
652.332	16792
652.460	16778
652.588	16754
652.716	16812
652.843	16815
652.971	16793
653.099	16811
653.227	16848
653.355	16832
653.483	16831
653.611	16858
653.738	16894
653.866	16890
653.994	16933
654.122	16966
654.250	16916
654.378	16982
654.505	16961
654.633	17026
654.761	17144
654.889	17165
655.017	17121
655.145	17156
655.272	17177
655.400	17088
655.528	17183
655.656	17217
655.784	17209
655.912	17219
656.039	17275
656.167	17329
656.295	17283
656.423	17224
656.551	17235
656.679	17235
656.806	17240
656.934	17228
657.062	17162
657.190	17087
657.318	17039
657.446	17035
657.573	17162
657.701	17287
657.829	17253
657.957	17335
658.085	17396
658.213	17373
658.340	17316
658.468	17342
658.596	17408
658.724	17405
658.852	17462
658.980	17457
659.107	17443
659.235	17480
659.363	17532
659.491	17495
659.619	17490
659.747	17490
659.874	17410
660.002	17408
660.130	17571
660.258	17445
660.386	17412
660.514	17361
660.641	17366
660.769	17387
660.897	17388
661.025	17377
661.153	17385
661.281	17426
661.408	17449
661.536	17540
661.664	17484
661.792	17412
661.920	17392
662.048	17430
662.176	17473
662.303	17507
662.431	17575
662.559	17671
662.687	17676
662.815	17651
662.943	17672
663.070	17707
663.198	17605
663.326	17615
663.454	17724
663.582	17663
663.710	17596
663.837	17542
663.965	17621
664.093	17642
664.221	17620
664.349	17535
664.477	17584
664.604	17641
664.732	17679
664.860	17677
664.988	17702
665.116	17656
665.244	17661
665.371	17544
665.499	17537
665.627	17603
665.755	17681
665.883	17689
666.011	17679
666.138	17819
666.266	17957
666.394	17870
666.522	17910
666.650	17922
666.778	17891
666.905	17888
667.033	17864
667.161	17856
667.289	17837
667.417	17637
667.545	17747
667.672	17729
667.800	17771
667.928	17748
668.056	17763
668.184	17765
668.312	17698
668.439	17717
668.567	17792
668.695	17747
668.823	17646
668.951	17853
669.079	17786
669.206	17751
669.334	17768
669.462	17797
669.590	17822
669.718	17828
669.846	17824
669.974	17998
670.101	18028
670.229	17977
670.357	18010
670.485	18055
670.613	18047
670.741	18091
670.868	18129
670.996	18096
671.124	18054
671.252	18029
671.380	18113
671.508	18007
671.635	18018
671.763	17938
671.891	17961
672.019	18018
672.147	18015
672.275	18034
672.402	18069
672.530	18105
672.658	18078
672.786	18062
672.914	18044
673.042	18085
673.169	18129
673.297	18086
673.425	18083
673.553	18066
673.681	18073
673.809	18109
673.936	18124
674.064	18169
674.192	18138
674.320	18229
674.448	18241
674.576	18301
674.703	18372
674.831	18428
674.959	18454
675.087	18428
675.215	18461
675.343	18390
675.470	18389
675.598	18292
675.726	18317
675.854	18340
675.982	18399
676.110	18480
676.237	18479
676.365	18460
676.493	18549
676.621	18498
676.749	18528
676.877	18447
677.004	18474
677.132	18504
677.260	18500
677.388	18524
677.516	18561
677.644	18580
677.772	18573
677.899	18695
678.027	18617
678.155	18669
678.283	18667
678.411	18563
678.539	18596
678.666	18557
678.794	18445
678.922	18502
679.050	18499
679.178	18439
679.306	18568
679.433	18514
679.561	18518
679.689	18521
679.817	18493
679.945	18501
680.073	18562
680.200	18687
680.328	18584
680.456	18779
680.584	18753
680.712	18820
680.840	18833
680.967	18858
681.095	18819
681.223	18789
681.351	18848
681.479	18852
681.607	18858
681.734	18864
681.862	18895
681.990	18857
682.118	18746
682.246	18741
682.374	18743
682.501	18778
682.629	18807
682.757	18801
682.885	18848
683.013	18857
683.141	18899
683.268	18966
683.396	18933
683.524	19015
683.652	19023
683.780	19024
683.908	19051
684.035	19053
684.163	19023
684.291	19054
684.419	18998
684.547	19074
684.675	19037
684.802	19025
684.930	19034
685.058	19004
685.186	18992
685.314	18950
685.442	18964
685.570	18925
685.697	18939
685.825	18931
685.953	18930
686.081	18956
686.209	19058
686.337	19088
686.464	19075
686.592	19139
686.720	19168
686.848	19157
686.976	19231
687.104	19163
687.231	19231
687.359	19158
687.487	19204
687.615	19203
687.743	19203
687.871	19169
687.998	19137
688.126	19134
688.254	19162
688.382	19182
688.510	19199
688.638	19276
688.765	19250
688.893	19143
689.021	19221
689.149	19274
689.277	19333
689.405	19369
689.532	19328
689.660	19379
689.788	19387
689.916	19348
690.044	19318
690.172	19275
690.299	19248
690.427	19227
690.555	19205
690.683	19171
690.811	19155
690.939	19139
691.066	19159
691.194	19175
691.322	19062
691.450	19061
691.578	19113
691.706	19138
691.833	19091
691.961	19157
692.089	19254
692.217	19297
692.345	19309
692.473	19300
692.600	19222
692.728	19228
692.856	19279
692.984	19263
693.112	19273
693.240	19228
693.367	19232
693.495	19271
693.623	19337
693.751	19366
693.879	19338
694.007	19365
694.135	19326
694.262	19300
694.390	19347
694.518	19333
694.646	19368
694.774	19343
694.902	19395
695.029	19465
695.157	19383
695.285	19345
695.413	19437
695.541	19390
695.669	19457
695.796	19413
695.924	19380
696.052	19427
696.180	19455
696.308	19499
696.436	19552
696.563	19519
696.691	19511
696.819	19584
696.947	19585
697.075	19545
697.203	19568
697.330	19615
697.458	19614
697.586	19533
697.714	19548
697.842	19525
697.970	19557
698.097	19585
698.225	19469
698.353	19626
698.481	19670
698.609	19715
698.737	19711
698.864	19722
698.992	19687
699.120	19661
699.248	19658
699.376	19586
699.504	19659
699.631	19665
699.759	19666
699.887	19684
700.015	19674
700.143	19711
700.271	19724
700.398	19739
700.526	19841
700.654	19872
700.782	19890
700.910	19972
701.038	20041
701.165	19997
701.293	19950
701.421	19949
701.549	19993
701.677	19919
701.805	19896
701.933	19859
702.060	19846
702.188	19772
702.316	19729
702.444	19801
702.572	19768
702.700	19756
702.827	19815
702.955	19846
703.083	19913
703.211	19864
703.339	19941
703.467	20043
703.594	20056
703.722	20147
703.850	20113
703.978	20199
704.106	20223
704.234	20259
704.361	20232
704.489	20233
704.617	20210
704.745	20281
704.873	20368
705.001	20258
705.128	20210
705.256	20190
705.384	20164
705.512	20160
705.640	20158
705.768	20132
705.895	20096
706.023	20077
706.151	19961
706.279	20016
706.407	19986
706.535	20032
706.662	20075
706.790	20044
706.918	20005
707.046	20040
707.174	20079
707.302	20022
707.429	20043
707.557	20071
707.685	20072
707.813	20089
707.941	20096
708.069	20133
708.196	20166
708.324	20233
708.452	20304
708.580	20329
708.708	20311
708.836	20339
708.963	20377
709.091	20381
709.219	20445
709.347	20585
709.475	20539
709.603	20520
709.731	20524
709.858	20522
709.986	20495
710.114	20449
710.242	20413
710.370	20376
710.498	20255
710.625	20284
710.753	20379
710.881	20247
711.009	20254
711.137	20301
711.265	20314
711.392	20317
711.520	20300
711.648	20376
711.776	20442
711.904	20414
712.032	20434
712.159	20447
712.287	20437
712.415	20467
712.543	20488
712.671	20569
712.799	20501
712.926	20637
713.054	20702
713.182	20634
713.310	20579
713.438	20598
713.566	20738
713.693	20771
713.821	20797
713.949	20812
714.077	20840
714.205	20785
714.333	20779
714.460	20793
714.588	20797
714.716	20764
714.844	20738
714.972	20820
715.100	20841
715.227	20811
715.355	20810
715.483	20692
715.611	20650
715.739	20648
715.867	20706
715.994	20763
716.122	20681
716.250	20556
716.378	20572
716.506	20642
716.634	20714
716.761	20704
716.889	20662
717.017	20724
717.145	20779
717.273	20748
717.401	20776
717.529	20791
717.656	20841
717.784	20827
717.912	20862
718.040	20931
718.168	21018
718.296	21049
718.423	20994
718.551	20958
718.679	20952
718.807	20941
718.935	20941
719.063	20969
719.190	20990
719.318	20995
719.446	21010
719.574	21008
719.702	21004
719.830	21021
719.957	21054
720.085	20990
720.213	21007
720.341	21047
720.469	21057
720.597	20981
720.724	20993
720.852	20895
720.980	20959
721.108	20963
721.236	20994
721.364	21009
721.491	21023
721.619	20951
721.747	20906
721.875	20978
722.003	21022
722.131	21041
722.258	21020
722.386	21016
722.514	21054
722.642	21114
722.770	21257
722.898	21352
723.025	21308
723.153	21288
723.281	21412
723.409	21454
723.537	21439
723.665	21379
723.792	21439
723.920	21530
724.048	21504
724.176	21448
724.304	21458
724.432	21498
724.559	21459
724.687	21419
724.815	21390
724.943	21351
725.071	21261
725.199	21209
725.326	21260
725.454	21352
725.582	21370
725.710	21335
725.838	21484
725.966	21451
726.094	21343
726.221	21317
726.349	21289
726.477	21245
726.605	21246
726.733	21349
726.861	21437
726.988	21385
727.116	21444
727.244	21456
727.372	21483
727.500	21474
727.628	21548
727.755	21597
727.883	21590
728.011	21612
728.139	21542
728.267	21391
728.395	21486
728.522	21379
728.650	21295
728.778	21306
728.906	21320
729.034	21346
729.162	21367
729.289	21386
729.417	21426
729.545	21639
729.673	21620
729.801	21666
729.929	21603
730.056	21678
730.184	21822
730.312	21925
730.440	21951
730.568	21898
730.696	22012
730.823	21898
730.951	21813
731.079	21941
731.207	21929
731.335	21814
731.463	21762
731.590	21737
731.718	21608
731.846	21655
731.974	21571
732.102	21538
732.230	21610
732.357	21600
732.485	21549
732.613	21558
732.741	21616
732.869	21666
732.997	21710
733.124	21706
733.252	21786
733.380	21896
733.508	21966
733.636	21932
733.764	21992
733.892	22059
734.019	22077
734.147	22060
734.275	22162
734.403	22157
734.531	22113
734.659	22187
734.786	22169
734.914	22219
735.042	22187
735.170	22211
735.298	22256
735.426	22188
735.553	22114
735.681	21986
735.809	22120
735.937	21898
736.065	21959
736.193	21961
736.320	21988
736.448	21938
736.576	21832
736.704	21815
736.832	21880
736.960	21800
737.087	21704
737.215	21697
737.343	21873
737.471	21804
737.599	21730
737.727	21771
737.854	21898
737.982	21988
738.110	22035
738.238	21933
738.366	21902
738.494	21897
738.621	21994
738.749	22087
738.877	22113
739.005	22120
739.133	22135
739.261	22203
739.388	22293
739.516	22279
739.644	22391
739.772	22445
739.900	22368
740.028	22415
740.155	22343
740.283	22231
740.411	22152
740.539	22108
740.667	22107
740.795	22129
740.922	22141
741.050	22158
741.178	22063
741.306	21965
741.434	21898
741.562	21916
741.690	21919
741.817	21901
741.945	21943
742.073	21900
742.201	22010
742.329	22049
742.457	21930
742.584	21944
742.712	22023
742.840	22096
742.968	22160
743.096	22180
743.224	22125
743.351	22069
743.479	22102
743.607	22155
743.735	22069
743.863	22223
743.991	22342
744.118	22461
744.246	22477
744.374	22496
744.502	22608
744.630	22640
744.758	22658
744.885	22616
745.013	22754
745.141	22780
745.269	22790
745.397	22794
745.525	22742
745.652	22733
745.780	22824
745.908	22879
746.036	22755
746.164	22772
746.292	22543
746.419	22612
746.547	22467
746.675	22495
746.803	22453
746.931	22353
747.059	22337
747.186	22356
747.314	22227
747.442	22209
747.570	22157
747.698	22349
747.826	22222
747.953	22271
748.081	22310
748.209	22341
748.337	22353
748.465	22343
748.593	22353
748.720	22395
748.848	22637
748.976	22640
749.104	22544
749.232	22669
749.360	22841
749.487	22814
749.615	22777
749.743	22827
749.871	22864
749.999	22856
750.127	22854
750.255	22802
750.382	22925
750.510	22892
750.638	22890
750.766	22841
750.894	22780
751.022	22697
751.149	22666
751.277	22662
751.405	22461
751.533	22498
751.661	22456
751.789	22558
751.916	22491
752.044	22384
752.172	22450
752.300	22428
752.428	22350
752.556	22347
752.683	22360
752.811	22378
752.939	22585
753.067	22535
753.195	22481
753.323	22405
753.450	22480
753.578	22560
753.706	22674
753.834	22769
753.962	22792
754.090	22785
754.217	22753
754.345	22870
754.473	22977
754.601	23080
754.729	23091
754.857	23008
754.984	22990
755.112	23045
755.240	23029
755.368	22930
755.496	22886
755.624	22810
755.751	22746
755.879	22654
756.007	22627
756.135	22578
756.263	22664
756.391	22665
756.518	22670
756.646	22607
756.774	22552
756.902	22735
757.030	22663
757.158	22615
757.285	22892
757.413	22783
757.541	22683
757.669	22839
757.797	22919
757.925	22993
758.053	23039
758.180	23024
758.308	23077
758.436	23149
758.564	23133
758.692	23180
758.820	22977
758.947	22957
759.075	23199
759.203	23191
759.331	23087
759.459	23031
759.587	23063
759.714	23147
759.842	23040
759.970	23087
760.098	23089
760.226	23049
760.354	22856
760.481	22913
760.609	22899
760.737	22841
760.865	22762
760.993	22736
761.121	22800
761.248	22748
761.376	22637
761.504	22579
761.632	22592
761.760	22718
761.888	22735
762.015	22651
762.143	22601
762.271	22657
762.399	22676
762.527	22669
762.655	22851
762.782	22817
762.910	22817
763.038	23015
763.166	23121
763.294	23167
763.422	23169
763.549	23247
763.677	23269
763.805	23317
763.933	23387
764.061	23307
764.189	23270
764.316	23155
764.444	23190
764.572	23172
764.700	23324
764.828	23376
764.956	23341
765.083	23439
765.211	23500
765.339	23460
765.467	23472
765.595	23502
765.723	23441
765.851	23260
765.978	23054
766.106	23083
766.234	23013
766.362	23010
766.490	22975
766.618	22996
766.745	22972
766.873	22900
767.001	22948
767.129	23033
767.257	23235
767.385	23226
767.512	23290
767.640	23456
767.768	23409
767.896	23434
768.024	23519
768.152	23572
768.279	23574
768.407	23587
768.535	23637
768.663	23617
768.791	23697
768.919	23602
769.046	23578
769.174	23673
769.302	23568
769.430	23608
769.558	23543
769.686	23486
769.813	23535
769.941	23554
770.069	23490
770.197	23394
770.325	23282
770.453	23263
770.580	23196
770.708	23083
770.836	23120
770.964	23032
771.092	22978
771.220	22953
771.347	22941
771.475	22977
771.603	22990
771.731	22992
771.859	22872
771.987	23066
772.114	23045
772.242	22951
772.370	22962
772.498	23116
772.626	23168
772.754	23238
772.881	23254
773.009	23128
773.137	23208
773.265	23306
773.393	23447
773.521	23322
773.649	23398
773.776	23433
773.904	23332
774.032	23363
774.160	23409
774.288	23391
774.416	23356
774.543	23340
774.671	23273
774.799	23294
774.927	23092
775.055	23145
775.183	23147
775.310	23172
775.438	23121
775.566	22945
775.694	22892
775.822	22885
775.950	22900
776.077	22908
776.205	22812
776.333	22892
776.461	22893
776.589	22843
776.717	22837
776.844	22997
776.972	22942
777.100	22946
777.228	23042
777.356	23064
777.484	23023
777.611	23054
777.739	23153
777.867	23057
777.995	23104
778.123	22906
778.251	22944
778.378	22976
778.506	23101
778.634	23167
778.762	23104
778.890	23104
779.018	23151
779.145	23148
779.273	23059
779.401	22956
779.529	22943
779.657	22991
779.785	22956
779.912	22889
780.040	22916
780.168	22814
780.296	22803
780.424	22817
780.552	22858
780.679	22882
780.807	22866
780.935	22845
781.063	22806
781.191	22806
781.319	22776
781.447	22594
781.574	22704
781.702	22696
781.830	22687
781.958	22615
782.086	22556
782.214	22560
782.341	22603
782.469	22619
782.597	22594
782.725	22612
782.853	22720
782.981	22581
783.108	22788
783.236	22715
783.364	22656
783.492	22641
783.620	22671
783.748	22699
783.875	22733
784.003	22775
784.131	22830
784.259	22903
784.387	22919
784.515	22879
784.642	22971
784.770	22937
784.898	22898
785.026	22987
785.154	22913
785.282	22954
785.409	22941
785.537	22891
785.665	22876
785.793	22902
785.921	22842
786.049	22796
786.176	22836
786.304	22830
786.432	22772
786.560	22747
786.688	22707
786.816	22761
786.943	22714
787.071	22662
787.199	22659
787.327	22580
787.455	22444
787.583	22406
787.710	22497
787.838	22533
787.966	22517
788.094	22632
788.222	22569
788.350	22647
788.477	22614
788.605	22428
788.733	22390
788.861	22401
788.989	22429
789.117	22562
789.244	22593
789.372	22568
789.500	22610
789.628	22608
789.756	22682
789.884	22700
790.012	22597
790.139	22794
790.267	22804
790.395	22841
790.523	22802
790.651	22779
790.779	22807
790.906	22772
791.034	22729
791.162	22658
791.290	22655
791.418	22613
791.546	22579
791.673	22518
791.801	22551
791.929	22562
792.057	22623
792.185	22712
792.313	22711
792.440	22683
792.568	22682
792.696	22567
792.824	22499
792.952	22515
793.080	22562
793.207	22506
793.335	22393
793.463	22396
793.591	22354
793.719	22344
793.847	22411
793.974	22479
794.102	22430
794.230	22388
794.358	22393
794.486	22501
794.614	22575
794.741	22548
794.869	22451
794.997	22432
795.125	22439
795.253	22493
795.381	22498
795.508	22517
795.636	22516
795.764	22494
795.892	22416
796.020	22384
796.148	22483
796.275	22552
796.403	22608
796.531	22588
796.659	22672
796.787	22688
796.915	22711
797.042	22639
797.170	22477
797.298	22448
797.426	22483
797.554	22525
797.682	22521
797.810	22461
797.937	22432
798.065	22445
798.193	22401
798.321	22349
798.449	22369
798.577	22429
798.704	22589
798.832	22469
798.960	22492
799.088	22477
799.216	22469
799.344	22537
799.471	22524
799.599	22521
799.727	22601
799.855	22592
799.983	22515
800.111	22445
800.238	22346
800.366	22446
800.494	22421
800.622	22462
800.750	22325
800.878	22289
801.005	22377
801.133	22341
801.261	22298
801.389	22323
801.517	22321
801.645	22244
801.772	22239
801.900	22351
802.028	22358
802.156	22348
802.284	22226
802.412	22279
802.539	22167
802.667	22252
802.795	22192
802.923	22252
803.051	22208
803.179	22120
803.306	22167
803.434	22216
803.562	22137
803.690	22095
803.818	22136
803.946	22256
804.073	22189
804.201	22168
804.329	22149
804.457	22118
804.585	22182
804.713	22094
804.840	22120
804.968	22193
805.096	22147
805.224	22114
805.352	22186
805.480	22107
805.608	22173
805.735	22204
805.863	22050
805.991	22046
806.119	22155
806.247	22266
806.375	22113
806.502	22179
806.630	22151
806.758	22135
806.886	22119
807.014	22137
807.142	22139
807.269	22081
807.397	22063
807.525	22093
807.653	22070
807.781	22102
807.909	22027
808.036	22088
808.164	22042
808.292	22008
808.420	22032
808.548	21976
808.676	22022
808.803	22065
808.931	22048
809.059	21989
809.187	22010
809.315	22062
809.443	22034
809.570	22068
809.698	22035
809.826	21980
809.954	22024
810.082	22113
810.210	22062
810.337	22048
810.465	21992
810.593	21987
810.721	22012
810.849	22043
810.977	22024
811.104	22019
811.232	21993
811.360	21955
811.488	21956
811.616	22024
811.744	21974
811.871	21975
811.999	22041
812.127	21924
812.255	21887
812.383	21989
812.511	21920
812.638	21892
812.766	21848
812.894	21885
813.022	21888
813.150	21950
813.278	21949
813.406	21918
813.533	21946
813.661	22012
813.789	21951
813.917	21952
814.045	21986
814.173	21946
814.300	21938
814.428	21944
814.556	21826
814.684	21883
814.812	21921
814.940	21975
815.067	21947
815.195	21883
815.323	21876
815.451	21866
815.579	21934
815.707	21965
815.834	21973
815.962	21937
816.090	22030
816.218	21858
816.346	21920
816.474	21933
816.601	21909
816.729	21909
816.857	21861
816.985	21973
817.113	21943
817.241	22020
817.368	21956
817.496	21983
817.624	21938
817.752	21867
817.880	21902
818.008	21914
818.135	21869
818.263	21837
818.391	21946
818.519	21811
818.647	21840
818.775	21860
818.902	21900
819.030	21875
819.158	21862
819.286	21895
819.414	21860
819.542	21768
819.669	21788
819.797	21852
819.925	21802
820.053	21759
820.181	21712
820.309	21679
820.436	21829
820.564	21799
820.692	21820
820.820	21820
820.948	21818
821.076	21749
821.203	21784
821.331	21942
821.459	21862
821.587	21773
821.715	21799
821.843	21824
821.971	21847
822.098	21861
822.226	21807
822.354	21899
822.482	21883
822.610	21816
822.738	21887
822.865	21843
822.993	21836
823.121	21826
823.249	21843
823.377	21813
823.505	21792
823.632	21806
823.760	21742
823.888	21630
824.016	21700
824.144	21626
824.272	21636
824.399	21596
824.527	21607
824.655	21735
824.783	21683
824.911	21566
825.039	21557
825.166	21608
825.294	21624
825.422	21585
825.550	21546
825.678	21598
825.806	21660
825.933	21696
826.061	21651
826.189	21666
826.317	21674
826.445	21665
826.573	21708
826.700	21648
826.828	21645
826.956	21705
827.084	21703
827.212	21665
827.340	21680
827.467	21695
827.595	21792
827.723	21802
827.851	21779
827.979	21744
828.107	21753
828.234	21694
828.362	21592
828.490	21662
828.618	21776
828.746	21700
828.874	21620
829.001	21586
829.129	21615
829.257	21584
829.385	21543
829.513	21510
829.641	21542
829.769	21513
829.896	21600
830.024	21481
830.152	21537
830.280	21513
830.408	21433
830.536	21494
830.663	21568
830.791	21518
830.919	21455
831.047	21411
831.175	21427
831.303	21465
831.430	21386
831.558	21428
831.686	21403
831.814	21450
831.942	21531
832.070	21452
832.197	21401
832.325	21440
832.453	21436
832.581	21448
832.709	21522
832.837	21507
832.964	21479
833.092	21463
833.220	21528
833.348	21610
833.476	21557
833.604	21566
833.731	21558
833.859	21529
833.987	21674
834.115	21607
834.243	21655
834.371	21698
834.498	21731
834.626	21713
834.754	21686
834.882	21709
835.010	21762
835.138	21811
835.265	21850
835.393	21828
835.521	21707
835.649	21638
835.777	21653
835.905	21759
836.032	21785
836.160	21610
836.288	21677
836.416	21606
836.544	21596
836.672	21547
836.799	21512
836.927	21562
837.055	21555
837.183	21543
837.311	21456
837.439	21537
837.567	21560
837.694	21493
837.822	21427
837.950	21449
838.078	21504
838.206	21454
838.334	21387
838.461	21446
838.589	21401
838.717	21376
838.845	21349
838.973	21449
839.101	21510
839.228	21514
839.356	21486
839.484	21556
839.612	21490
839.740	21511
839.868	21535
839.995	21536
840.123	21628
840.251	21721
840.379	21670
840.507	21777
840.635	21599
840.762	21748
840.890	21841
841.018	21714
841.146	21665
841.274	21706
841.402	21688
841.529	21734
841.657	21788
841.785	21733
841.913	21921
842.041	21750
842.169	21780
842.296	21815
842.424	21760
842.552	21735
842.680	21768
842.808	21794
842.936	21706
843.063	21680
843.191	21764
843.319	21721
843.447	21677
843.575	21628
843.703	21674
843.830	21619
843.958	21600
844.086	21559
844.214	21618
844.342	21587
844.470	21514
844.597	21519
844.725	21528
844.853	21498
844.981	21550
845.109	21419
845.237	21434
845.365	21435
845.492	21385
845.620	21296
845.748	21326
845.876	21359
846.004	21339
846.132	21329
846.259	21381
846.387	21425
846.515	21388
846.643	21451
846.771	21412
846.899	21465
847.026	21508
847.154	21555
847.282	21660
847.410	21619
847.538	21659
847.666	21619
847.793	21559
847.921	21549
848.049	21575
848.177	21619
848.305	21649
848.433	21716
848.560	21925
848.688	21807
848.816	21826
848.944	21814
849.072	21685
849.200	21715
849.327	21668
849.455	21572
849.583	21516
849.711	21403
849.839	21409
849.967	21357
850.094	21234
850.222	21219
850.350	21121
850.478	21052
850.606	21150
850.734	21215
850.861	21187
850.989	21164
851.117	21270
851.245	21327
851.373	21278
851.501	21413
851.628	21496
851.756	21576
851.884	21542
852.012	21493
852.140	21707
852.268	21706
852.395	21723
852.523	21767
852.651	21837
852.779	21836
852.907	21805
853.035	21844
853.162	21936
853.290	22000
853.418	21927
853.546	21909
853.674	21920
853.802	21842
853.930	21722
854.057	21799
854.185	21757
854.313	21674
854.441	21642
854.569	21529
854.697	21415
854.824	21363
854.952	21267
855.080	21317
855.208	21307
855.336	21276
855.464	21069
855.591	21078
855.719	21066
855.847	21078
855.975	21074
856.103	21042
856.231	21117
856.358	21165
856.486	21111
856.614	21192
856.742	21234
856.870	21274
856.998	21127
857.125	21132
857.253	21210
857.381	21315
857.509	21491
857.637	21560
857.765	21542
857.892	21600
858.020	21632
858.148	21636
858.276	21778
858.404	21877
858.532	21878
858.659	21918
858.787	21950
858.915	21901
859.043	22114
859.171	22049
859.299	22112
859.426	22074
859.554	22023
859.682	22059
859.810	22085
859.938	22110
860.066	22191
860.193	22050
860.321	22101
860.449	22188
860.577	22105
860.705	22094
860.833	22041
860.960	22102
861.088	21931
861.216	21838
861.344	21698
861.472	21644
861.600	21603
861.728	21488
861.855	21426
861.983	21363
862.111	21421
862.239	21376
862.367	21348
862.495	21174
862.622	21219
862.750	21157
862.878	21167
863.006	21154
863.134	21155
863.262	21159
863.389	21188
863.517	21245
863.645	21267
863.773	21230
863.901	21314
864.029	21245
864.156	21259
864.284	21197
864.412	21492
864.540	21271
864.668	21370
864.796	21396
864.923	21433
865.051	21458
865.179	21547
865.307	21714
865.435	21829
865.563	21899
865.690	22008
865.818	21965
865.946	22076
866.074	22105
866.202	22280
866.330	22358
866.457	22282
866.585	22323
866.713	22338
866.841	22374
866.969	22427
867.097	22451
867.224	22432
867.352	22482
867.480	22608
867.608	22599
867.736	22569
867.864	22488
867.991	22570
868.119	22650
868.247	22420
868.375	22403
868.503	22327
868.631	22262
868.758	22206
868.886	22160
869.014	22060
869.142	21966
869.270	21968
869.398	21913
869.526	21694
869.653	21619
869.781	21576
869.909	21494
870.037	21469
870.165	21403
870.293	21265
870.420	21270
870.548	21402
870.676	21326
870.804	21326
870.932	21343
871.060	21222
871.187	21175
871.315	21248
871.443	21189
871.571	21291
871.699	21308
871.827	21599
871.954	21495
872.082	21783
872.210	21874
872.338	21695
872.466	21727
872.594	21846
872.721	21945
872.849	22085
872.977	22188
873.105	22156
873.233	22104
873.361	22135
873.488	22167
873.616	22352
873.744	22389
873.872	22409
874.000	22528
874.128	22579
874.255	22567
874.383	22590
874.511	22727
874.639	22742
874.767	22673
874.895	22575
875.022	22530
875.150	22503
875.278	22366
875.406	22291
875.534	22314
875.662	22189
875.789	22096
875.917	21948
876.045	21941
876.173	21770
876.301	21594
876.429	21306
876.556	21231
876.684	21249
876.812	21255
876.940	21202
877.068	21058
877.196	20949
877.323	21029
877.451	21119
877.579	21006
877.707	21129
877.835	21286
877.963	21461
878.091	21499
878.218	21639
878.346	21746
878.474	21966
878.602	21933
878.730	22004
878.858	22043
878.985	22016
879.113	22065
879.241	22093
879.369	22016
879.497	22047
879.625	22129
879.752	22074
879.880	22098
880.008	22108
880.136	22124
880.264	22176
880.392	22120
880.519	22261
880.647	22430
880.775	22507
880.903	22582
881.031	22558
881.159	22475
881.286	22457
881.414	22473
881.542	22451
881.670	22355
881.798	22197
881.926	22207
882.053	21977
882.181	21954
882.309	21884
882.437	21841
882.565	21815
882.693	21798
882.820	21754
882.948	21814
883.076	21753
883.204	21566
883.332	21433
883.460	21391
883.587	21291
883.715	21073
883.843	20971
883.971	21097
884.099	21077
884.227	21039
884.354	21081
884.482	21117
884.610	21268
884.738	21434
884.866	21637
884.994	21789
885.121	21848
885.249	21766
885.377	21731
885.505	21632
885.633	21418
885.761	21323
885.889	21360
886.016	21316
886.144	21233
886.272	21531
886.400	21629
886.528	21698
886.656	21899
886.783	22138
886.911	22256
887.039	22358
887.167	22434
887.295	22359
887.423	22412
887.550	22448
887.678	22449
887.806	22334
887.934	22192
888.062	22179
888.190	22094
888.317	21947
888.445	21864
888.573	21758
888.701	21711
888.829	21551
888.957	21679
889.084	21545
889.212	21557
889.340	21474
889.468	21298
889.596	21065
889.724	21066
889.851	21117
889.979	21094
890.107	21031
890.235	20921
890.363	20800
890.491	20704
890.618	20589
890.746	20550
890.874	20590
891.002	20689
891.130	20601
891.258	20706
891.385	20595
891.513	20720
891.641	20656
891.769	20684
891.897	20795
892.025	20813
892.152	20879
892.280	20925
892.408	20937
892.536	20979
892.664	20960
892.792	20882
892.919	20962
893.047	21193
893.175	21475
893.303	21546
893.431	21573
893.559	21770
893.687	22032
893.814	22041
893.942	22264
894.070	22304
894.198	22264
894.326	22335
894.454	22280
894.581	22209
894.709	22181
894.837	22073
894.965	21989
895.093	22096
895.221	22149
895.348	22054
895.476	22048
895.604	21969
895.732	21782
895.860	21698
895.988	21719
896.115	21502
896.243	21409
896.371	21148
896.499	21005
896.627	20745
896.755	20595
896.882	20458
897.010	20482
897.138	20585
897.266	20514
897.394	20396
897.522	20405
897.649	20413
897.777	20383
897.905	20401
898.033	20422
898.161	20484
898.289	20533
898.416	20529
898.544	20501
898.672	20471
898.800	20506
898.928	20635
899.056	20709
899.183	20902
899.311	21224
899.439	21439
899.567	21663
899.695	21811
899.823	21940
899.950	22118
900.078	22177
900.206	22121
900.334	22122
900.462	22223
900.590	22311
900.717	22145
900.845	22016
900.973	22080
901.101	22136
901.229	22303
901.357	22300
901.485	22328
901.612	22329
901.740	22380
901.868	22470
901.996	22577
902.124	22571
902.252	22501
902.379	22479
902.507	22486
902.635	22476
902.763	22425
902.891	22423
903.019	22447
903.146	22331
903.274	22373
903.402	22376
903.530	22230
903.658	22231
903.786	22134
903.913	21922
904.041	21610
904.169	21522
904.297	21225
904.425	21042
904.553	20688
904.680	20440
904.808	20254
904.936	20130
905.064	20028
905.192	19960
905.320	20068
905.447	20158
905.575	20194
905.703	20192
905.831	20055
905.959	19933
906.087	19969
906.214	19948
906.342	19996
906.470	20083
906.598	20021
906.726	20091
906.854	20016
906.981	20100
907.109	20194
907.237	20246
907.365	20470
907.493	20630
907.621	20890
907.748	21189
907.876	21389
908.004	21566
908.132	21612
908.260	21505
908.388	21342
908.515	21019
908.643	20748
908.771	20684
908.899	20573
909.027	20826
909.155	21014
909.283	20988
909.410	21237
909.538	21374
909.666	21479
909.794	21707
909.922	21843
910.050	21909
910.177	21900
910.305	21801
910.433	21760
910.561	21782
910.689	21735
910.817	21623
910.944	21412
911.072	21161
911.200	20905
911.328	20566
911.456	20287
911.584	20268
911.711	20434
911.839	20696
911.967	20918
912.095	20838
912.223	21091
912.351	20940
912.478	20862
912.606	20618
912.734	20434
912.862	20098
912.990	19952
913.118	19928
913.245	19760
913.373	19497
913.501	19359
913.629	19222
913.757	19121
913.885	19070
914.012	19114
914.140	19146
914.268	19160
914.396	19257
914.524	19269
914.652	19184
914.779	19164
914.907	19187
915.035	19169
915.163	19162
915.291	19127
915.419	19232
915.546	19223
915.674	19268
915.802	19194
915.930	19243
916.058	19126
916.186	19142
916.313	19269
916.441	19317
916.569	19336
916.697	19391
916.825	19344
916.953	19285
917.080	19214
917.208	19233
917.336	19313
917.464	19508
917.592	19727
917.720	19855
917.848	19921
917.975	19944
918.103	19920
918.231	19868
918.359	19712
918.487	19437
918.615	19415
918.742	19376
918.870	19361
918.998	19400
919.126	19527
919.254	19736
919.382	19800
919.509	19794
919.637	19809
919.765	19819
919.893	19726
920.021	19695
920.149	19757
920.276	19794
920.404	19934
920.532	20144
920.660	20144
920.788	20169
920.916	20163
921.043	20146
921.171	20191
921.299	20165
921.427	20147
921.555	20061
921.683	19832
921.810	19941
921.938	20018
922.066	20279
922.194	20366
922.322	20431
922.450	20498
922.577	20484
922.705	20288
922.833	20170
922.961	20040
923.089	19935
923.217	20001
923.344	20066
923.472	20162
923.600	20252
923.728	20323
923.856	20442
923.984	20478
924.111	20525
924.239	20493
924.367	20444
924.495	20373
924.623	20180
924.751	19977
924.878	19901
925.006	19877
925.134	19814
925.262	19728
925.390	19841
925.518	19861
925.646	19888
925.773	19607
925.901	19400
926.029	19186
926.157	18967
926.285	18658
926.413	18417
926.540	18260
926.668	17933
926.796	17889
926.924	17847
927.052	17813
927.180	17817
927.307	17798
927.435	17709
927.563	17609
927.691	17541
927.819	17591
927.947	17617
928.074	17822
928.202	17957
928.330	17962
928.458	18031
928.586	18095
928.714	18046
928.841	17992
928.969	18059
929.097	18180
929.225	18196
929.353	18227
929.481	18180
929.608	18437
929.736	18574
929.864	18626
929.992	18815
930.120	18729
930.248	18825
930.375	18903
930.503	19032
930.631	19082
930.759	19157
930.887	19130
931.015	19170
931.142	19184
931.270	19135
931.398	19051
931.526	18928
931.654	18923
931.782	19022
931.909	19096
932.037	19135
932.165	19071
932.293	19023
932.421	18954
932.549	18845
932.676	18819
932.804	18888
932.932	18957
933.060	18959
933.188	18840
933.316	18621
933.444	18752
933.571	18721
933.699	18807
933.827	18844
933.955	18832
934.083	18908
934.211	18929
934.338	18931
934.466	18833
934.594	18702
934.722	18625
934.850	18576
934.978	18487
935.105	18407
935.233	18313
935.361	18127
935.489	18090
935.617	17955
935.745	17816
935.872	17662
936.000	17527
936.128	17444
936.256	17324
936.384	17158
936.512	17013
936.639	16981
936.767	17017
936.895	16997
937.023	17138
937.151	17231
937.279	17459
937.406	17673
937.534	17888
937.662	18024
937.790	18140
937.918	18153
938.046	18230
938.173	18278
938.301	18407
938.429	18511
938.557	18525
938.685	18635
938.813	18891
938.940	18974
939.068	19135
939.196	19219
939.324	19375
939.452	19297
939.580	19295
939.707	19359
939.835	19438
939.963	19480
940.091	19492
940.219	19475
940.347	19420
940.474	19376
940.602	19286
940.730	19201
940.858	19154
940.986	19157
941.114	18956
941.241	18810
941.369	18601
941.497	18420
941.625	18150
941.753	17890
941.881	17687
942.009	17510
942.136	17319
942.264	17166
942.392	17062
942.520	16932
942.648	16746
942.776	16615
942.903	16525
943.031	16485
943.159	16454
943.287	16475
943.415	16516
943.543	16565
943.670	16671
943.798	16796
943.926	16837
944.054	16896
944.182	16870
944.310	16934
944.437	16923
944.565	16945
944.693	17029
944.821	17011
944.949	17018
945.077	17013
945.204	17014
945.332	16928
945.460	16991
945.588	17034
945.716	17121
945.844	17253
945.971	17355
946.099	17578
946.227	17858
946.355	18141
946.483	18333
946.611	18545
946.738	18672
946.866	18732
946.994	18892
947.122	18998
947.250	19095
947.378	19206
947.505	19249
947.633	19380
947.761	19315
947.889	19341
948.017	19376
948.145	19341
948.272	19376
948.400	19384
948.528	19356
948.656	19405
948.784	19413
948.912	19379
949.039	19301
949.167	19231
949.295	19236
949.423	19259
949.551	19230
949.679	19234
949.807	19125
949.934	19109
950.062	19106
950.190	18903
950.318	18713
950.446	18626
950.574	18618
950.701	18450
950.829	18446
950.957	18370
951.085	18199
951.213	17992
951.341	17773
951.468	17660
951.596	17565
951.724	17449
951.852	17360
951.980	17357
952.108	17267
952.235	17210
952.363	17069
952.491	16955
952.619	16868
952.747	16702
952.875	16649
953.002	16416
953.130	16376
953.258	16288
953.386	16152
953.514	16083
953.642	16054
953.769	16004
953.897	15961
954.025	15969
954.153	15982
954.281	16063
954.409	16189
954.536	16261
954.664	16331
954.792	16634
954.920	16711
955.048	16883
955.176	16999
955.303	17227
955.431	17374
955.559	17554
955.687	17722
955.815	17861
955.943	17949
956.070	17903
956.198	17838
956.326	17774
956.454	17754
956.582	17741
956.710	17792
956.837	17809
956.965	17958
957.093	18044
957.221	17940
957.349	18038
957.477	18112
957.605	18191
957.732	18127
957.860	18212
957.988	18231
958.116	18227
958.244	18225
958.372	18278
958.499	18324
958.627	18300
958.755	18257
958.883	18222
959.011	18261
959.139	18230
959.266	18169
959.394	18022
959.522	18013
959.650	17977
959.778	17971
959.906	17849
960.033	17741
960.161	17563
960.289	17408
960.417	17276
960.545	17227
960.673	17101
960.800	16936
960.928	16754
961.056	16583
961.184	16489
961.312	16330
961.440	16121
961.567	15943
961.695	15685
961.823	15632
961.951	15530
962.079	15536
962.207	15539
962.334	15408
962.462	15540
962.590	15646
962.718	15734
962.846	15863
962.974	15802
963.101	15645
963.229	15563
963.357	15569
963.485	15612
963.613	15647
963.741	15720
963.868	15850
963.996	15977
964.124	16159
964.252	16369
964.380	16581
964.508	16791
964.635	16927
964.763	17115
964.891	17369
965.019	17417
965.147	17595
965.275	17853
965.403	17817
965.530	17863
965.658	17975
965.786	17827
965.914	17691
966.042	17624
966.170	17532
966.297	17417
966.425	17253
966.553	17015
966.681	16810
966.809	16614
966.937	16427
967.064	16329
967.192	16173
967.320	15949
967.448	15947
967.576	15692
967.704	15557
967.831	15505
967.959	15382
968.087	15161
968.215	15028
968.343	14998
968.471	14901
968.598	14835
968.726	14824
968.854	14771
968.982	14750
969.110	14835
969.238	14930
969.365	14987
969.493	15133
969.621	15297
969.749	15448
969.877	15585
970.005	15741
970.132	15764
970.260	15717
970.388	15824
970.516	15973
970.644	16086
970.772	16182
970.899	16315
971.027	16371
971.155	16302
971.283	16532
971.411	16544
971.539	16578
971.666	16695
971.794	16817
971.922	16886
972.050	16987
972.178	17196
972.306	17264
972.433	17262
972.561	17327
972.689	17282
972.817	17343
972.945	17402
973.073	17452
973.201	17401
973.328	17426
973.456	17358
973.584	17322
973.712	17228
973.840	17034
973.968	16841
974.095	16852
974.223	16736
974.351	16673
974.479	16791
974.607	16852
974.735	16942
974.862	16937
974.990	16763
975.118	16597
975.246	16455
975.374	16306
975.502	16201
975.629	15959
975.757	15722
975.885	15550
976.013	15329
976.141	15047
976.269	14863
976.396	14767
976.524	14637
976.652	14524
976.780	14349
976.908	14243
977.036	14130
977.163	14070
977.291	14058
977.419	13995
977.547	13954
977.675	13978
977.803	13990
977.930	13925
978.058	13918
978.186	13970
978.314	13994
978.442	14069
978.570	14129
978.697	14105
978.825	14152
978.953	14040
979.081	14020
979.209	13948
979.337	13951
979.464	13996
979.592	14065
979.720	14044
979.848	14175
979.976	14220
980.104	14397
980.231	14339
980.359	14490
980.487	14692
980.615	14861
980.743	14877
980.871	14876
980.998	14887
981.126	14895
981.254	14929
981.382	15014
981.510	15051
981.638	15121
981.766	15330
981.893	15454
982.021	15570
982.149	15723
982.277	15784
982.405	15830
982.533	15866
982.660	16074
982.788	16100
982.916	15998
983.044	16117
983.172	15990
983.300	16052
983.427	16083
983.555	16231
983.683	16216
983.811	16308
983.939	16265
984.067	16183
984.194	16108
984.322	16075
984.450	16014
984.578	15920
984.706	15780
984.834	15693
984.961	15677
985.089	15601
985.217	15517
985.345	15414
985.473	15172
985.601	15014
985.728	14847
985.856	14661
985.984	14517
986.112	14266
986.240	14091
986.368	13970
986.495	13736
986.623	13662
986.751	13470
986.879	13303
987.007	13346
987.135	13305
987.262	13190
987.390	13161
987.518	13130
987.646	13175
987.774	13029
987.902	12998
988.029	12978
988.157	12945
988.285	12896
988.413	12867
988.541	12860
988.669	12841
988.796	12863
988.924	12895
989.052	12891
989.180	12932
989.308	12969
989.436	13044
989.564	13167
989.691	13155
989.819	13310
989.947	13363
990.075	13566
990.203	13692
990.331	13837
990.458	14210
990.586	14425
990.714	14548
990.842	14728
990.970	14898
991.098	15148
991.225	15086
991.353	15119
991.481	15132
991.609	15152
991.737	15085
991.865	15106
991.992	15148
992.120	15007
992.248	14819
992.376	14703
992.504	14598
992.632	14490
992.759	14393
992.887	14343
993.015	14349
993.143	14335
993.271	14350
993.399	14427
993.526	14378
993.654	14388
993.782	14520
993.910	14378
994.038	14221
994.166	14290
994.293	14224
994.421	14050
994.549	13849
994.677	13599
994.805	13320
994.933	13073
995.060	12835
995.188	12569
995.316	12406
995.444	12325
995.572	12240
995.700	12161
995.827	12006
995.955	11919
996.083	11888
996.211	11850
996.339	11825
996.467	11751
996.594	11792
996.722	11844
996.850	11779
996.978	11747
997.106	11697
997.234	11655
997.362	11711
997.489	11761
997.617	11779
997.745	11795
997.873	11908
998.001	12080
998.129	12175
998.256	12249
998.384	12508
998.512	12761
998.640	13065
998.768	13261
998.896	13382
999.023	13425
999.151	13430
999.279	13206
999.407	12882
999.535	12772
999.663	12615
999.790	12568
999.918	12449
1000.046	12614
1000.174	12708
1000.302	12879
1000.430	13147
1000.557	13400
1000.685	13470
1000.813	13526
1000.941	13547
1001.069	13540
1001.197	13521
1001.324	13450
1001.452	13363
1001.580	13310
1001.708	13186
1001.836	13015
1001.964	12766
1002.091	12568
1002.219	12497
1002.347	12406
1002.475	12290
1002.603	12263
1002.731	12302
1002.858	12258
1002.986	12239
1003.114	12179
1003.242	11983
1003.370	11877
1003.498	11785
1003.625	11690
1003.753	11629
1003.881	11519
1004.009	11537
1004.137	11392
1004.265	11189
1004.392	11100
1004.520	11072
1004.648	10991
1004.776	10898
1004.904	10888
1005.032	10801
1005.160	10831
1005.287	10737
1005.415	10748
1005.543	10709
1005.671	10771
1005.799	10709
1005.927	10679
1006.054	10686
1006.182	10721
1006.310	10704
1006.438	10712
1006.566	10733
1006.694	10762
1006.821	10781
1006.949	10798
1007.077	10802
1007.205	10995
1007.333	11069
1007.461	11085
1007.588	11189
1007.716	11339
1007.844	11497
1007.972	11636
1008.100	11781
1008.228	11921
1008.355	11994
1008.483	11973
1008.611	11919
1008.739	11887
1008.867	11835
1008.995	11899
1009.122	12006
1009.250	12063
1009.378	11975
1009.506	11996
1009.634	12058
1009.762	12034
1009.889	11989
1010.017	11889
1010.145	11846
1010.273	11802
1010.401	11767
1010.529	11798
1010.656	11746
1010.784	11602
1010.912	11600
1011.040	11363
1011.168	11183
1011.296	11195
1011.423	11212
1011.551	11309
1011.679	11372
1011.807	11443
1011.935	11440
1012.063	11258
1012.190	11077
1012.318	10846
1012.446	10613
1012.574	10377
1012.702	10172
1012.830	10015
1012.957	9912.7
1013.085	9919.8
1013.213	9823
1013.341	9768.5
1013.469	9786.1
1013.597	9846.7
1013.725	9780.3
1013.852	9745.6
1013.980	9777.8
1014.108	9812.5
1014.236	9814.4
1014.364	9821.1
1014.492	9842.2
1014.619	9835.1
1014.747	9803.2
1014.875	9816.7
1015.003	9797
1015.131	9792.4
1015.259	9812.6
1015.386	9804.8
1015.514	9843.6
1015.642	9839.9
1015.770	9809.4
1015.898	9794.9
1016.026	9851.8
1016.153	9932
1016.281	9904.1
1016.409	9854
1016.537	9800.7
1016.665	9819.9
1016.793	9827.9
1016.920	9858
1017.048	9834.3
1017.176	9846.8
1017.304	9897.6
1017.432	10026
1017.560	10003
1017.687	10086
1017.815	10293
1017.943	10456
1018.071	10536
1018.199	10654
1018.327	10593
1018.454	10470
1018.582	10428
1018.710	10362
1018.838	10401
1018.966	10455
1019.094	10558
1019.221	10588
1019.349	10634
1019.477	10714
1019.605	10617
1019.733	10440
1019.861	10335
1019.988	10404
1020.116	10398
1020.244	10389
1020.372	10418
1020.500	10528
1020.628	10479
1020.755	10388
1020.883	10257
1021.011	10146
1021.139	10054
1021.267	10000
1021.395	10061
1021.523	10123
1021.650	10142
1021.778	10197
1021.906	10202
1022.034	10173
1022.162	10132
1022.290	10116
1022.417	10038
1022.545	10004
1022.673	9941.1
1022.801	9795.7
1022.929	9660.4
1023.057	9470.2
1023.184	9297.2
1023.312	9286.3
1023.440	9288.6
1023.568	9263.2
1023.696	9189.6
1023.824	9151.8
1023.951	9093.5
1024.079	9022.8
1024.207	8962.3
1024.335	8926.1
1024.463	8825.5
1024.591	8791.8
1024.718	8827.7
1024.846	8911
1024.974	8966.1
1025.102	9025
1025.230	9064.2
1025.358	9004.4
1025.485	8918.3
1025.613	8860.4
1025.741	8822.8
1025.869	8810.4
1025.997	8796.1
1026.125	8814.8
1026.252	8805.4
1026.380	8759.4
1026.508	8780.3
1026.636	8804
1026.764	8786.6
1026.892	8835.3
1027.019	8870.3
1027.147	8892
1027.275	8845.6
1027.403	8837.1
1027.531	8812.1
1027.659	8793.4
1027.786	8760.9
1027.914	8770.2
1028.042	8752
1028.170	8728.6
1028.298	8664.7
1028.426	8651.8
1028.553	8663
1028.681	8658.2
1028.809	8669.7
1028.937	8645.9
1029.065	8640.2
1029.193	8672.2
1029.321	8666.2
1029.448	8607.2
1029.576	8555.9
1029.704	8478.5
1029.832	8424.1
1029.960	8377.6
1030.088	8437.1
1030.215	8467.5
1030.343	8541
1030.471	8573.7
1030.599	8608.5
1030.727	8630
1030.855	8634.1
1030.982	8599.5
1031.110	8501.5
1031.238	8448.5
1031.366	8369
1031.494	8358.2
1031.622	8340.4
1031.749	8402.4
1031.877	8368.9
1032.005	8401.6
1032.133	8469.9
1032.261	8469.8
1032.389	8510.5
1032.516	8452.4
1032.644	8430.7
1032.772	8348.3
1032.900	8415.5
1033.028	8424.5
1033.156	8506.7
1033.283	8564.5
1033.411	8612.2
1033.539	8613.4
1033.667	8555.4
1033.795	8534.5
1033.923	8524.8
1034.050	8455.9
1034.178	8405.7
1034.306	8261.9
1034.434	8225.7
1034.562	8302.8
1034.690	8317
1034.817	8324.2
1034.945	8325.8
1035.073	8326.4
1035.201	8283
1035.329	8269.9
1035.457	8204
1035.584	8149.1
1035.712	8176.3
1035.840	8187.9
1035.968	8187.2
1036.096	8245.1
1036.224	8244.3
1036.351	8308.1
1036.479	8322
1036.607	8331.8
1036.735	8398.4
1036.863	8336.8
1036.991	8382
1037.119	8477.2
1037.246	8474.2
1037.374	8445.6
1037.502	8494.6
1037.630	8488.8
1037.758	8426.8
1037.886	8459.3
1038.013	8438.2
1038.141	8446.3
1038.269	8422.2
1038.397	8429.8
1038.525	8369.9
1038.653	8339
1038.780	8249
1038.908	8177.9
1039.036	8074.9
1039.164	8048.8
1039.292	8049.3
1039.420	7997.5
1039.547	7991
1039.675	8019.9
1039.803	8021.4
1039.931	7950.8
1040.059	7832.8
1040.187	7802
1040.314	7740.5
1040.442	7670
1040.570	7629.8
1040.698	7599
1040.826	7593.7
1040.954	7547.8
1041.081	7488
1041.209	7507.4
1041.337	7484.7
1041.465	7497.8
1041.593	7460.7
1041.721	7466.5
1041.848	7434.2
1041.976	7433
1042.104	7425.8
1042.232	7399.1
1042.360	7390.8
1042.488	7387.6
1042.615	7354.2
1042.743	7352.5
1042.871	7379.4
1042.999	7369.4
1043.127	7329.7
1043.255	7363.2
1043.382	7372.6
1043.510	7372.7
1043.638	7369.5
1043.766	7377.3
1043.894	7366.9
1044.022	7400.9
1044.149	7360.4
1044.277	7360.8
1044.405	7365.3
1044.533	7363.6
1044.661	7372.1
1044.789	7403.5
1044.916	7357.6
1045.044	7352.1
1045.172	7360.6
1045.300	7333.6
1045.428	7340.9
1045.556	7371.3
1045.684	7411
1045.811	7351.1
1045.939	7357.1
1046.067	7337.9
1046.195	7369
1046.323	7357.5
1046.451	7344.9
1046.578	7312.1
1046.706	7301.3
1046.834	7299.7
1046.962	7330.6
1047.090	7358.9
1047.218	7368.1
1047.345	7405.4
1047.473	7442.1
1047.601	7408.1
1047.729	7391.5
1047.857	7431
1047.985	7448.1
1048.112	7419.1
1048.240	7397
1048.368	7399.9
1048.496	7408.4
1048.624	7392.5
1048.752	7403.5
1048.879	7328.8
1049.007	7339.6
1049.135	7270.1
1049.263	7222.8
1049.391	7217.7
1049.519	7147.1
1049.646	7113.3
1049.774	7056.5
1049.902	7092.5
1050.030	7044.4
1050.158	7013.6
1050.286	7011.3
1050.413	6971.1
1050.541	6971.9
1050.669	6943.7
1050.797	6919
1050.925	6909.5
1051.053	6885.6
1051.180	6892.4
1051.308	6877.4
1051.436	6884.2
1051.564	6884.4
1051.692	6861.5
1051.820	6855.4
1051.947	6855
1052.075	6821.1
1052.203	6847.7
1052.331	6858.9
1052.459	6835.6
1052.587	6832.9
1052.714	6842.6
1052.842	6826.4
1052.970	6826.1
1053.098	6808.7
1053.226	6820.3
1053.354	6842.2
1053.482	6815.5
1053.609	6790.4
1053.737	6829.2
1053.865	6840.6
1053.993	6825.8
1054.121	6780.2
1054.249	6784.6
1054.376	6803.9
1054.504	6822.2
1054.632	6831.5
1054.760	6837.6
1054.888	6848.6
1055.016	6861.6
1055.143	6876
1055.271	6891.4
1055.399	6891.8
1055.527	6875.9
1055.655	6864.2
1055.783	6872.4
1055.910	6890.8
1056.038	6881.1
1056.166	6866.3
1056.294	6849.7
1056.422	6858.3
1056.550	6828.2
1056.677	6842.5
1056.805	6858.2
1056.933	6867.3
1057.061	6853.3
1057.189	6844
1057.317	6880.3
1057.444	6857.3
1057.572	6900.5
1057.700	6942.6
1057.828	6924.5
1057.956	6951.3
1058.084	6921.9
1058.211	6939.9
1058.339	6942.5
1058.467	6940.9
1058.595	6897
1058.723	6922.9
1058.851	6937.1
1058.978	6946.6
1059.106	6870.1
1059.234	6888.2
1059.362	6907.6
1059.490	6877.9
1059.618	6857.7
1059.745	6846.6
1059.873	6811.5
1060.001	6810
1060.129	6819.5
1060.257	6798.4
1060.385	6816.5
1060.512	6829.3
1060.640	6812.8
1060.768	6814.3
1060.896	6830.2
1061.024	6789.2
1061.152	6774.4
1061.280	6807.2
1061.407	6785.8
1061.535	6739.1
1061.663	6747.4
1061.791	6745.2
1061.919	6723.2
1062.047	6653.9
1062.174	6680
1062.302	6697
1062.430	6663.8
1062.558	6666.3
1062.686	6663.2
1062.814	6611.8
1062.941	6627
1063.069	6606.8
1063.197	6622.4
1063.325	6588.4
1063.453	6590.3
1063.581	6563.5
1063.708	6528.9
1063.836	6517
1063.964	6509.9
1064.092	6548.6
1064.220	6487.4
1064.348	6465
1064.475	6494.9
1064.603	6499.1
1064.731	6498.4
1064.859	6490.6
1064.987	6442.3
1065.115	6436.4
1065.242	6458.8
1065.370	6461.7
1065.498	6463.4
1065.626	6452.6
1065.754	6457
1065.882	6445.2
1066.009	6438.9
1066.137	6439.4
1066.265	6445.1
1066.393	6459.3
1066.521	6456
1066.649	6428.3
1066.776	6434.7
1066.904	6432
1067.032	6457.9
1067.160	6442.7
1067.288	6412.2
1067.416	6421.1
1067.543	6451.7
1067.671	6454.5
1067.799	6464.7
1067.927	6422.6
1068.055	6447.9
1068.183	6441.5
1068.310	6449.8
1068.438	6480
1068.566	6443
1068.694	6436.6
1068.822	6460.9
1068.950	6469.4
1069.077	6452.8
1069.205	6457.1
1069.333	6478.9
1069.461	6450.3
1069.589	6497.3
1069.717	6495
1069.845	6449.9
1069.972	6466.1
1070.100	6471
1070.228	6491.6
1070.356	6441.9
1070.484	6409.2
1070.612	6436.3
1070.739	6431.3
1070.867	6406.6
1070.995	6430.3
1071.123	6430.1
1071.251	6435.3
1071.379	6410.8
1071.506	6412.9
1071.634	6425.4
1071.762	6401.6
1071.890	6383.6
1072.018	6363.9
1072.146	6343.3
1072.273	6336.8
1072.401	6331.4
1072.529	6314.9
1072.657	6313
1072.785	6298.3
1072.913	6279.4
1073.040	6276.4
1073.168	6256.9
1073.296	6240.5
1073.424	6264.3
1073.552	6265.2
1073.680	6240.1
1073.807	6239.3
1073.935	6202.5
1074.063	6227.9
1074.191	6208.7
1074.319	6177.6
1074.447	6200.3
1074.574	6246.9
1074.702	6213.8
1074.830	6203.6
1074.958	6200
1075.086	6177.5
1075.214	6207.5
1075.341	6163.4
1075.469	6233.6
1075.597	6186.1
1075.725	6215.5
1075.853	6201.1
1075.981	6165.4
1076.108	6157.4
1076.236	6182.1
1076.364	6176.1
1076.492	6186.3
1076.620	6208.9
1076.748	6200.3
1076.875	6201.1
1077.003	6205.3
1077.131	6180.6
1077.259	6163.6
1077.387	6212.1
1077.515	6180.7
1077.643	6206.2
1077.770	6185.5
1077.898	6198.6
1078.026	6167.4
1078.154	6207.1
1078.282	6220.3
1078.410	6216.8
1078.537	6206.7
1078.665	6155
1078.793	6185.9
1078.921	6159.3
1079.049	6195.5
1079.177	6187.9
1079.304	6159.2
1079.432	6180.8
1079.560	6167
1079.688	6181.1
1079.816	6168.4
1079.944	6127
1080.071	6153
1080.199	6164.8
1080.327	6157.3
1080.455	6141.7
1080.583	6147.2
1080.711	6133.6
1080.838	6109.4
1080.966	6108.3
1081.094	6094.3
1081.222	6104.8
1081.350	6108.7
1081.478	6090.1
1081.605	6080.3
1081.733	6072.4
1081.861	6069.6
1081.989	6089.3
1082.117	6105.3
1082.245	6078.3
1082.372	6066.7
1082.500	6080.4
1082.628	6068.4
1082.756	6067.4
1082.884	6060.2
1083.012	6045.3
1083.139	6054.6
1083.267	6053.5
1083.395	6032.5
1083.523	6030
1083.651	6021.2
1083.779	6041.8
1083.906	6052.2
1084.034	6032.7
1084.162	6026.2
1084.290	6020.8
1084.418	6016.6
1084.546	6040.5
1084.673	6030.7
1084.801	6031.3
1084.929	6042.2
1085.057	6000.8
1085.185	6003.2
1085.313	6035.3
1085.441	6008
1085.568	6021.4
1085.696	6010.5
1085.824	6013.2
1085.952	5979.1
1086.080	6005.7
1086.208	6010.6
1086.335	5972.4
1086.463	5980.3
1086.591	5977.2
1086.719	5976.3
1086.847	5968.2
1086.975	6009.3
1087.102	6004.1
1087.230	5990.4
1087.358	5980.3
1087.486	5957.3
1087.614	5978.9
1087.742	5985.1
1087.869	5991.9
1087.997	5998
1088.125	5986
1088.253	5992.1
1088.381	5974.5
1088.509	5985.6
1088.636	6000.5
1088.764	5993.5
1088.892	6007.2
1089.020	5992.2
1089.148	6017.1
1089.276	6009
1089.403	5938.2
1089.531	6016.3
1089.659	5987
1089.787	5950.5
1089.915	5955.3
1090.043	6028.6
1090.170	5935.1
1090.298	6024.1
1090.426	5994.4
1090.554	6003.3
1090.682	5927.6
1090.810	5997.7
1090.937	5983.4
1091.065	5942.5
1091.193	5999.8
1091.321	5957.1
1091.449	5992.5
1091.577	5996.6
1091.704	5925.9
1091.832	5928.7
1091.960	5990.4
1092.088	5982.3
1092.216	5998.5
1092.344	5930.6
1092.471	5997.4
1092.599	5972.4
1092.727	5956.8
1092.855	5918.4
1092.983	5956.5
1093.111	5984.9
1093.239	5998.2
1093.366	5957.8
1093.494	5933.2
1093.622	5952.6
1093.750	5945.3
1093.878	6000.9
1094.006	5956.6
1094.133	5929.4
1094.261	6016.7
1094.389	5967.2
1094.517	5963.6
1094.645	5942.6
1094.773	5938.2
1094.900	5948.6
1095.028	5976.1
1095.156	5958.4
1095.284	5933.1
1095.412	5908.9
1095.540	5881.2
1095.667	5945.5
1095.795	5975.8
1095.923	5947.5
1096.051	5962.1
1096.179	5934.8
1096.307	6004.8
1096.434	5970.7
1096.562	5887.4
1096.690	5965.4
1096.818	5953.7
1096.946	5924.9
1097.074	5941.8
1097.201	5952.9
1097.329	5947.4
1097.457	5989.3
1097.585	5976
1097.713	6012.8
1097.841	5985.8
1097.968	5986.7
1098.096	5972.1
1098.224	5943.2
1098.352	5967.4
1098.480	5939.3
1098.608	5986.7
1098.735	5969
1098.863	5936.9
1098.991	5965.3
1099.119	6006.6
1099.247	5972.5
1099.375	6002.2
1099.502	5954.8
1099.630	5991.3
1099.758	5954.4
1099.886	5963
1100.014	5985.5
