350,000	5494,2
350,139	5505,6
350,277	5487,9
350,416	5470
350,555	5493,8
350,694	5474,1
350,832	5475,3
350,971	5479,1
351,110	5479,2
351,248	5480,3
351,387	5505,4
351,526	5466,5
351,665	5503,4
351,803	5507,1
351,942	5488,9
352,081	5494,4
352,219	5464,7
352,358	5451,4
352,497	5460,3
352,636	5466,7
352,774	5472,5
352,913	5498,8
353,052	5515,4
353,190	5478,4
353,329	5491,7
353,468	5478,4
353,607	5483,6
353,745	5492,5
353,884	5478,2
354,023	5475,1
354,161	5483,2
354,300	5498
354,439	5464,5
354,578	5479,1
354,716	5477,8
354,855	5489,5
354,994	5471
355,132	5493,7
355,271	5487,2
355,410	5494,6
355,549	5502
355,687	5498,9
355,826	5467,1
355,965	5479,5
356,103	5478,8
356,242	5478,3
356,381	5470,6
356,520	5473,6
356,658	5505,8
356,797	5506,1
356,936	5513,4
357,074	5511,9
357,213	5499,6
357,352	5521
357,491	5495,2
357,629	5479,3
357,768	5485,5
357,907	5492,1
358,045	5485,7
358,184	5494,9
358,323	5501,1
358,462	5481,9
358,600	5502,5
358,739	5493
358,878	5483,7
359,016	5493,4
359,155	5499,3
359,294	5492,6
359,433	5494,4
359,571	5507,2
359,710	5512,1
359,849	5502,1
359,987	5507,9
360,126	5478,5
360,265	5485,4
360,404	5492,6
360,542	5508,9
360,681	5508,4
360,820	5480,9
360,958	5472,7
361,097	5485,4
361,236	5504,2
361,375	5501,6
361,513	5491
361,652	5520,5
361,791	5495,6
361,929	5487,8
362,068	5486,3
362,207	5500,8
362,346	5509,9
362,484	5473,6
362,623	5494
362,762	5516,3
362,900	5521,1
363,039	5515
363,178	5499,9
363,317	5504
363,455	5503
363,594	5515,9
363,733	5502,1
363,871	5523,6
364,010	5492,5
364,149	5510,9
364,288	5509,4
364,426	5524,8
364,565	5514,4
364,704	5495,4
364,842	5486,4
364,981	5494,5
365,120	5510,5
365,259	5505,4
365,397	5527
365,536	5509,6
365,675	5492,9
365,813	5541,7
365,952	5523,8
366,091	5492,3
366,230	5498,3
366,368	5507,1
366,507	5509
366,646	5530,8
366,784	5505
366,923	5502,7
367,062	5496,1
367,201	5510,6
367,339	5491,5
367,478	5502,3
367,617	5507,6
367,755	5514,8
367,894	5523,4
368,033	5507
368,172	5514,2
368,310	5489,3
368,449	5484,6
368,588	5509,7
368,726	5526,8
368,865	5519
369,004	5543
369,143	5500,2
369,281	5525,8
369,420	5529,1
369,559	5532,2
369,697	5532,4
369,836	5555,2
369,975	5546,6
370,114	5519,4
370,252	5497,2
370,391	5514,5
370,530	5531,6
370,668	5525,8
370,807	5538,4
370,946	5539,1
371,085	5526,5
371,223	5528,6
371,362	5535,3
371,501	5521,6
371,639	5531,4
371,778	5548
371,917	5543,9
372,056	5527,3
372,194	5531,3
372,333	5568
372,472	5543
372,610	5527,5
372,749	5536,2
372,888	5528,7
373,027	5553,9
373,165	5541,3
373,304	5528,6
373,443	5535,4
373,581	5539,5
373,720	5546,5
373,859	5545,9
373,998	5566,3
374,136	5560,1
374,275	5582,4
374,414	5569,7
374,552	5552,2
374,691	5578,1
374,830	5584,1
374,969	5562,4
375,107	5583,9
375,246	5591,8
375,385	5577,4
375,523	5571,3
375,662	5589
375,801	5589,3
375,940	5591,8
376,078	5605,9
376,217	5586,9
376,356	5587,4
376,494	5588,4
376,633	5567
376,772	5594,6
376,911	5616,8
377,049	5612,2
377,188	5625
377,327	5602,5
377,465	5589,1
377,604	5610,9
377,743	5616,6
377,882	5604,5
378,020	5599
378,159	5613
378,298	5612,6
378,436	5614,3
378,575	5619,7
378,714	5626,8
378,853	5632
378,991	5634,2
379,130	5621,9
379,269	5624,8
379,407	5636,7
379,546	5649,9
379,685	5640,3
379,824	5632,4
379,962	5639,2
380,101	5631,6
380,240	5631,4
380,378	5669
380,517	5658,5
380,656	5665,2
380,795	5678,9
380,933	5707
381,072	5706,1
381,211	5666,6
381,349	5709,2
381,488	5704,9
381,627	5669,5
381,766	5709,2
381,904	5742
382,043	5700,1
382,182	5708,2
382,320	5740,3
382,459	5731,3
382,598	5721,9
382,737	5758,9
382,875	5755,4
383,014	5769,5
383,153	5766,5
383,291	5742,6
383,430	5722,2
383,569	5713,4
383,708	5772,7
383,846	5771,8
383,985	5735,6
384,124	5762
384,262	5749
384,401	5766,1
384,540	5808,6
384,678	5790,5
384,817	5785,2
384,956	5797,4
385,095	5778,7
385,233	5782,6
385,372	5810,9
385,511	5796,2
385,649	5799,8
385,788	5814
385,927	5808,3
386,066	5798,1
386,204	5830,8
386,343	5816,4
386,482	5837
386,620	5850,5
386,759	5816,2
386,898	5799,1
387,037	5858,8
387,175	5828,1
387,314	5881,9
387,453	5874,5
387,591	5883,4
387,730	5916,2
387,869	5933
388,008	5888,4
388,146	5893,6
388,285	5913
388,424	5914,3
388,562	5906
388,701	5901,5
388,840	5873,9
388,979	5873,5
389,117	5931,4
389,256	5935,4
389,395	5911,2
389,533	5914,6
389,672	5920,8
389,811	5946,5
389,950	5942,8
390,088	5922,7
390,227	5928,7
390,366	5923,1
390,504	5915,4
390,643	5916,4
390,782	5912,8
390,921	5901,9
391,059	5909,8
391,198	5928,4
391,337	5899,1
391,475	5931,5
391,614	5910,8
391,753	5979,2
391,892	5959,5
392,030	5959,6
392,169	5954,8
392,308	5964,4
392,446	5976,4
392,585	5987,4
392,724	5986,4
392,863	5999
393,001	6013,4
393,140	6021,9
393,279	6025,1
393,417	6029,5
393,556	6065,8
393,695	6046,6
393,834	6038,7
393,972	6084,8
394,111	6075,4
394,250	6084,5
394,388	6065,9
394,527	6069,9
394,666	6089,5
394,805	6074,1
394,943	6080,1
395,082	6118,2
395,221	6073,1
395,359	6025,2
395,498	6033,3
395,637	6064
395,776	5999,9
395,914	5999
396,053	6008,3
396,192	5933,2
396,330	6021,3
396,469	6028,2
396,608	5966,2
396,747	5986
396,885	6003,7
397,024	5983,4
397,163	5973,6
397,301	6000,6
397,440	6070,1
397,579	6016,1
397,718	6002,9
397,856	6047,5
397,995	6014,6
398,134	6060,4
398,272	6046,4
398,411	6064,5
398,550	6114
398,689	6149
398,827	6179
398,966	6167,3
399,105	6179,2
399,243	6259,6
399,382	6220,6
399,521	6208,4
399,660	6232,4
399,798	6216,5
399,937	6203,3
400,076	6226,6
400,214	6237,5
400,353	6204,2
400,492	6201,2
400,631	6220,2
400,769	6224,8
400,908	6186,5
401,047	6235,1
401,185	6171,5
401,324	6201,3
401,463	6184,4
401,602	6141,9
401,740	6153,8
401,879	6200,1
402,018	6197,7
402,156	6119,1
402,295	6143,4
402,434	6151,1
402,573	6171,9
402,711	6110,7
402,850	6093,5
402,989	6144,3
403,127	6149,1
403,266	6125,5
403,405	6158,4
403,544	6218,2
403,682	6218
403,821	6238,1
403,960	6238,5
404,098	6258,5
404,237	6320,9
404,376	6352,3
404,515	6371,2
404,653	6389,1
404,792	6385,7
404,931	6368,2
405,069	6357,9
405,208	6345,8
405,347	6354,1
405,486	6324,2
405,624	6250,8
405,763	6259,7
405,902	6262,7
406,040	6309,4
406,179	6332,2
406,318	6305,9
406,457	6289,2
406,595	6319,4
406,734	6338,2
406,873	6286,1
407,011	6266,2
407,150	6234,9
407,289	6260,2
407,428	6262
407,566	6294
407,705	6314,9
407,844	6279,8
407,982	6280,9
408,121	6313
408,260	6327,9
408,399	6391,2
408,537	6415,5
408,676	6347,2
408,815	6434,4
408,953	6454,6
409,092	6454
409,231	6431,3
409,370	6422,9
409,508	6450,9
409,647	6465,6
409,786	6436,4
409,924	6414,6
410,063	6436,3
410,202	6395,1
410,341	6363
410,479	6441,5
410,618	6362,9
410,757	6395,2
410,895	6380
411,034	6400,1
411,173	6452,7
411,312	6495,4
411,450	6487,9
411,589	6446,3
411,728	6479
411,866	6450,6
412,005	6426,4
412,144	6484,2
412,283	6482
412,421	6470,9
412,560	6528,4
412,699	6519,7
412,837	6525,6
412,976	6555,8
413,115	6554,3
413,254	6573,5
413,392	6605
413,531	6647,3
413,670	6624,5
413,808	6631,7
413,947	6672
414,086	6660,9
414,225	6709,8
414,363	6706,1
414,502	6676,7
414,641	6674,1
414,779	6674,3
414,918	6665,9
415,057	6677
415,196	6651,9
415,334	6605,7
415,473	6579,6
415,612	6623,4
415,750	6585
415,889	6594,8
416,028	6639
416,167	6687,6
416,305	6692,4
416,444	6653,4
416,583	6660,5
416,721	6715,7
416,860	6739,5
416,999	6733,6
417,138	6713,4
417,276	6726,9
417,415	6765,9
417,554	6750,2
417,692	6818,9
417,831	6857,7
417,970	6830,2
418,109	6818,9
418,247	6808,7
418,386	6843
418,525	6853,9
418,663	6884,6
418,802	6914,3
418,941	6943
419,080	6867
419,218	6902,9
419,357	6937,4
419,496	6935,4
419,634	6967,9
419,773	7002,6
419,912	6967,2
420,051	7003,9
420,189	6983,9
420,328	7041,2
420,467	6942,4
420,605	7037
420,744	6907,4
420,883	6889,2
421,022	6968,7
421,160	7009,8
421,299	7004,1
421,438	6991,2
421,576	6978,9
421,715	7015
421,854	7034,8
421,993	7068,6
422,131	7073,5
422,270	7130,4
422,409	7156,1
422,547	7121,6
422,686	7172,4
422,825	7173,7
422,964	7156,3
423,102	7164,7
423,241	7146,3
423,380	7137,6
423,518	7093,6
423,657	7050,1
423,796	7063,2
423,935	7076,3
424,073	7044,8
424,212	7062,6
424,351	7110,6
424,489	7153,4
424,628	7121,2
424,767	7091
424,906	7118,7
425,044	7096,9
425,183	7071,1
425,322	7124,5
425,460	7057,5
425,599	7131,3
425,738	7199
425,877	7145,6
426,015	7232,1
426,154	7260,7
426,293	7236,6
426,431	7234,8
426,570	7275,1
426,709	7337,9
426,848	7371,4
426,986	7342,1
427,125	7376,5
427,264	7345,8
427,402	7509,9
427,541	7425,8
427,680	7396,5
427,819	7410,5
427,957	7412,6
428,096	7458,1
428,235	7465,8
428,373	7389,6
428,512	7352,6
428,651	7302,5
428,790	7282
428,928	7299,7
429,067	7222,8
429,206	7252,4
429,344	7215,9
429,483	7286,5
429,622	7323,5
429,761	7284,9
429,899	7257,6
430,038	7279,5
430,177	7330
430,315	7369,2
430,454	7276,5
430,593	7383,6
430,732	7362,7
430,870	7429
431,009	7494,3
431,148	7490,3
431,286	7525,5
431,425	7594,7
431,564	7592,2
431,703	7622,8
431,841	7706,8
431,980	7729,6
432,119	7772,3
432,257	7810,2
432,396	7671,4
432,535	7779,1
432,674	7746,6
432,812	7792,9
432,951	7811,5
433,090	7785,1
433,228	7708,6
433,367	7689,6
433,506	7694,1
433,645	7622,7
433,783	7543,4
433,922	7573,5
434,061	7552,7
434,199	7552,8
434,338	7585
434,477	7636,2
434,616	7543
434,754	7504,3
434,893	7535,8
435,032	7556,5
435,170	7570,7
435,309	7619,5
435,448	7656,9
435,587	7650,8
435,725	7681,1
435,864	7639,8
436,003	7709,5
436,141	7710,4
436,280	7751,3
436,419	7805,1
436,558	7758,1
436,696	7699,2
436,835	7733,4
436,974	7845,4
437,112	7912,1
437,251	7890,8
437,390	7894,9
437,529	7965,6
437,667	7940,4
437,806	7986,4
437,945	7900
438,083	7881,8
438,222	7913
438,361	7856,5
438,500	7792,5
438,638	7745,6
438,777	7710,5
438,916	7703,1
439,054	7693,2
439,193	7667,5
439,332	7677,5
439,471	7747,6
439,609	7655,9
439,748	7759
439,887	7717,7
440,025	7841,6
440,164	7854
440,303	7817,1
440,442	7825,4
440,580	7911
440,719	7981,7
440,858	7975,3
440,996	7994,6
441,135	8103,9
441,274	8109,8
441,413	8034,4
441,551	8134,7
441,690	8019
441,829	8041,1
441,967	8124,9
442,106	8063,6
442,245	8085,7
442,384	8072,8
442,522	8026,7
442,661	8071,7
442,800	8168,8
442,938	8157,7
443,077	8159,4
443,216	8235,8
443,355	8154,5
443,493	8143,8
443,632	8098,2
443,771	8144,6
443,909	8118,2
444,048	8093,4
444,187	8085,6
444,326	8021,9
444,464	8046,4
444,603	8089,7
444,742	8078,5
444,880	8122,8
445,019	8050,2
445,158	8122,7
445,297	8175,7
445,435	8195,8
445,574	8318
445,713	8380,3
445,851	8272,9
445,990	8381,4
446,129	8504,3
446,268	8520
446,406	8511,8
446,545	8526,5
446,684	8521,3
446,822	8497,5
446,961	8465,8
447,100	8517,2
447,239	8616,9
447,377	8562,2
447,516	8528,2
447,655	8447,8
447,793	8436,8
447,932	8430,9
448,071	8472,3
448,210	8486,9
448,348	8431,9
448,487	8436,2
448,626	8513,4
448,764	8510,4
448,903	8436,2
449,042	8551,9
449,181	8501,4
449,319	8476,5
449,458	8516,7
449,597	8498,5
449,735	8506
449,874	8508,1
450,013	8506,9
450,152	8533
450,290	8515,2
450,429	8497,8
450,568	8535
450,706	8518,5
450,845	8694,2
450,984	8706,2
451,123	8828,5
451,261	8742
451,400	8831
451,539	8893,8
451,677	8866,5
451,816	8892,8
451,955	8964,9
452,094	9060,4
452,232	9088,4
452,371	9054,8
452,510	9096,8
452,648	9130,7
452,787	8979,6
452,926	8997,9
453,065	8910,2
453,203	8837,7
453,342	8787,8
453,481	8824,4
453,619	8724,6
453,758	8652,3
453,897	8579,5
454,036	8595
454,174	8639
454,313	8644,9
454,452	8627
454,590	8613,1
454,729	8725,6
454,868	8809,2
455,006	8757,3
455,145	8697,6
455,284	8797,3
455,423	8847,9
455,561	8936,5
455,700	8947,4
455,839	8951,6
455,977	8974,5
456,116	9018,8
456,255	9046,8
456,394	9079,6
456,532	9085,8
456,671	9059,9
456,810	8995,8
456,948	9001,2
457,087	9002,1
457,226	9031,3
457,365	9086,1
457,503	9046,4
457,642	9002,4
457,781	9016,6
457,919	9050,5
458,058	9062,1
458,197	9054,2
458,336	9014,1
458,474	9023,5
458,613	9063,3
458,752	8959,9
458,890	8939,1
459,029	9002,8
459,168	8916,6
459,307	8904,2
459,445	8907,2
459,584	8800,2
459,723	8789,8
459,861	8771,3
460,000	8656,1
460,139	8643,6
460,278	8694,5
460,416	8715
460,555	8713,7
460,694	8696,5
460,832	8731,8
460,971	8754,2
461,110	8967
461,249	8964,1
461,387	9010,8
461,526	9088,3
461,665	9250,7
461,803	9339,5
461,942	9446,3
462,081	9477,7
462,220	9520,1
462,358	9583,9
462,497	9608,1
462,636	9648,2
462,774	9680,4
462,913	9665,2
463,052	9610,8
463,191	9620,8
463,329	9549,9
463,468	9469,6
463,607	9407,5
463,745	9349,5
463,884	9249
464,023	9222,7
464,162	9228,9
464,300	9222,7
464,439	9161,9
464,578	9161
464,716	9128,4
464,855	9162,8
464,994	9234,1
465,133	9235
465,271	9290,7
465,410	9295,1
465,549	9470,1
465,687	9468,4
465,826	9499,5
465,965	9521,4
466,104	9542,1
466,242	9485,1
466,381	9539
466,520	9653,9
466,658	9727,3
466,797	9704,4
466,936	9718,7
467,075	9754,5
467,213	9758,4
467,352	9809
467,491	9813,8
467,629	9715,9
467,768	9764,9
467,907	9751,5
468,046	9825,2
468,184	9824,9
468,323	9841,2
468,462	9903
468,600	9914,7
468,739	9910,4
468,878	9944,7
469,017	10018
469,155	10032
469,294	9944,1
469,433	9970,2
469,571	10007
469,710	9859,4
469,849	9908,4
469,988	9852
470,126	9857,7
470,265	9795,6
470,404	9782
470,542	9643,5
470,681	9593,4
470,820	9526,9
470,959	9513,9
471,097	9531,3
471,236	9537,1
471,375	9501,7
471,513	9478,4
471,652	9605
471,791	9616
471,930	9652,7
472,068	9610,2
472,207	9672
472,346	9641,3
472,484	9743,6
472,623	9843,2
472,762	9872,7
472,901	9906,7
473,039	9943,2
473,178	9980,8
473,317	10036
473,455	10092
473,594	10126
473,733	10187
473,872	10203
474,010	10294
474,149	10237
474,288	10314
474,426	10321
474,565	10309
474,704	10214
474,843	10256
474,981	10301
475,120	10274
475,259	10195
475,397	10160
475,536	10053
475,675	10037
475,814	9967,5
475,952	9945,3
476,091	9949,6
476,230	9935,3
476,368	9868,3
476,507	9803,2
476,646	9779,6
476,785	9827,2
476,923	9888,1
477,062	9865,5
477,201	9867,7
477,339	9908,4
477,478	9978,9
477,617	9994,6
477,756	10019
477,894	9983,7
478,033	10059
478,172	10223
478,310	10314
478,449	10347
478,588	10360
478,727	10682
478,865	10652
479,004	10767
479,143	10778
479,281	10841
479,420	10968
479,559	11004
479,698	11027
479,836	11156
479,975	11262
480,114	11245
480,252	11259
480,391	11222
480,530	11216
480,669	11237
480,807	11270
480,946	11190
481,085	11171
481,223	11150
481,362	11085
481,501	11036
481,640	10924
481,778	11027
481,917	11041
482,056	11019
482,194	11020
482,333	11025
482,472	11004
482,611	11148
482,749	11089
482,888	11063
483,027	10980
483,165	11018
483,304	11041
483,443	11118
483,582	11055
483,720	11113
483,859	11154
483,998	11115
484,136	11127
484,275	11153
484,414	11206
484,553	11293
484,691	11238
484,830	11329
484,969	11475
485,107	11518
485,246	11585
485,385	11584
485,524	11598
485,662	11548
485,801	11661
485,940	11769
486,078	11744
486,217	11769
486,356	11819
486,495	11860
486,633	11819
486,772	11738
486,911	11805
487,049	11741
487,188	11725
487,327	11699
487,466	11684
487,604	11582
487,743	11551
487,882	11453
488,020	11470
488,159	11415
488,298	11450
488,437	11350
488,575	11396
488,714	11325
488,853	11357
488,991	11401
489,130	11327
489,269	11325
489,408	11425
489,546	11456
489,685	11398
489,824	11464
489,962	11593
490,101	11469
490,240	11623
490,379	11616
490,517	11665
490,656	11727
490,795	11681
490,933	11614
491,072	11742
491,211	11801
491,350	11784
491,488	11771
491,627	11991
491,766	12030
491,904	12117
492,043	11972
492,182	12046
492,321	12140
492,459	12160
492,598	12221
492,737	12218
492,875	12228
493,014	12267
493,153	12293
493,292	12394
493,430	12449
493,569	12395
493,708	12405
493,846	12395
493,985	12506
494,124	12513
494,263	12481
494,401	12724
494,540	13769
494,679	15645
494,817	13061
494,956	12609
495,095	12750
495,234	12754
495,372	12846
495,511	12873
495,650	12829
495,788	12949
495,927	12996
496,066	12995
496,205	13039
496,343	13089
496,482	13223
496,621	13301
496,759	13440
496,898	13414
497,037	13605
497,176	13569
497,314	13621
497,453	13640
497,592	13778
497,730	13836
497,869	13901
498,008	13865
498,147	13984
498,285	14147
498,424	14074
498,563	14137
498,701	14123
498,840	14179
498,979	14172
499,118	14137
499,256	14208
499,395	14271
499,534	14170
499,672	14123
499,811	14124
499,950	14125
500,089	14178
500,227	14025
500,366	14098
500,505	13948
500,643	13887
500,782	13931
500,921	13889
501,060	13839
501,198	13917
501,337	13926
501,476	13827
501,614	13769
501,753	13836
501,892	13869
502,031	13856
502,169	13923
502,308	13985
502,447	13915
502,585	13843
502,724	13912
502,863	14025
503,002	14102
503,140	14239
503,279	14206
503,418	14483
503,556	14425
503,695	14418
503,834	14618
503,973	14600
504,111	14706
504,250	14803
504,389	14823
504,527	14984
504,666	15056
504,805	15102
504,944	15136
505,082	15038
505,221	14951
505,360	14778
505,498	14672
505,637	14609
505,776	14517
505,915	14363
506,053	14179
506,192	14030
506,331	13991
506,469	13984
506,608	13910
506,747	13854
506,886	13786
507,024	13690
507,163	13610
507,302	13729
507,440	13862
507,579	13861
507,718	13710
507,857	13832
507,995	13669
508,134	13695
508,273	13589
508,411	13349
508,550	13245
508,689	13236
508,828	13177
508,966	13064
509,105	12983
509,244	12757
509,382	12681
509,521	12691
509,660	12634
509,799	12709
509,937	12687
510,076	12722
510,215	12831
510,353	12958
510,492	12914
510,631	12946
510,770	13030
510,908	12919
511,047	13014
511,186	12960
511,324	12842
511,463	12909
511,602	12729
511,741	12754
511,879	12718
512,018	12697
512,157	12701
512,295	12735
512,434	12777
512,573	12742
512,712	12752
512,850	12697
512,989	12636
513,128	12677
513,266	12619
513,405	12753
513,544	12747
513,683	12715
513,821	12742
513,960	12792
514,099	12814
514,237	12655
514,376	12660
514,515	12650
514,654	12807
514,792	12742
514,931	12751
515,070	12952
515,208	12791
515,347	12962
515,486	12924
515,625	12834
515,763	12909
515,902	13019
516,041	13042
516,179	13021
516,318	13034
516,457	13194
516,596	13155
516,734	13285
516,873	13404
517,012	13433
517,150	13459
517,289	13578
517,428	13692
517,567	13782
517,705	13854
517,844	13905
517,983	13980
518,121	14067
518,260	14096
518,399	14263
518,538	14279
518,676	14248
518,815	14231
518,954	14484
519,092	14316
519,231	14515
519,370	14416
519,509	14397
519,647	14400
519,786	14478
519,925	14471
520,063	14353
520,202	14343
520,341	14186
520,480	14200
520,618	14230
520,757	13970
520,896	14075
521,034	14087
521,173	13954
521,312	14034
521,451	14014
521,589	13926
521,728	13858
521,867	13821
522,005	13778
522,144	13641
522,283	13558
522,422	13525
522,560	13516
522,699	13436
522,838	13402
522,976	13415
523,115	13489
523,254	13379
523,393	13350
523,531	13389
523,670	13381
523,809	13273
523,947	13261
524,086	13315
524,225	13242
524,363	13293
524,502	13200
524,641	13259
524,780	13194
524,918	13181
525,057	13230
525,196	13285
525,334	13285
525,473	13317
525,612	13323
525,751	13337
525,889	13347
526,028	13349
526,167	13301
526,305	13315
526,444	13387
526,583	13458
526,722	13538
526,860	13510
526,999	13419
527,138	13425
527,276	13570
527,415	13542
527,554	13487
527,693	13445
527,831	13447
527,970	13464
528,109	13449
528,247	13477
528,386	13411
528,525	13329
528,664	13380
528,802	13354
528,941	13270
529,080	13227
529,218	13312
529,357	13163
529,496	13255
529,635	13244
529,773	13099
529,912	13015
530,051	13067
530,189	13168
530,328	13187
530,467	13143
530,606	13211
530,744	12981
530,883	13125
531,022	13104
531,160	13106
531,299	13293
531,438	13223
531,577	13197
531,715	13364
531,854	13520
531,993	13477
532,131	13400
532,270	13459
532,409	13526
532,548	13717
532,686	13642
532,825	13761
532,964	13886
533,102	13912
533,241	13913
533,380	14052
533,519	14119
533,657	14299
533,796	14445
533,935	14439
534,073	14382
534,212	14474
534,351	14615
534,490	14580
534,628	14744
534,767	14759
534,906	14836
535,044	14959
535,183	14783
535,322	14985
535,461	15236
535,599	15226
535,738	15146
535,877	15260
536,015	15401
536,154	15387
536,293	15410
536,432	15515
536,570	15491
536,709	15584
536,848	15611
536,986	15731
537,125	15677
537,264	15829
537,403	15791
537,541	15864
537,680	15969
537,819	16043
537,957	15954
538,096	15980
538,235	16029
538,374	16028
538,512	16015
538,651	15960
538,790	16038
538,928	16241
539,067	16048
539,206	16184
539,345	16223
539,483	16261
539,622	16316
539,761	16292
539,899	16124
540,038	16185
540,177	16278
540,316	16280
540,454	16211
540,593	16167
540,732	16095
540,870	15940
541,009	15968
541,148	16024
541,287	16049
541,425	16255
541,564	15980
541,703	15909
541,841	15801
541,980	15857
542,119	15731
542,258	15535
542,396	15601
542,535	15598
542,674	15394
542,812	15359
542,951	15433
543,090	15289
543,229	15259
543,367	15184
543,506	15147
543,645	15105
543,783	15005
543,922	14826
544,061	14964
544,200	14867
544,338	14934
544,477	14870
544,616	14715
544,754	14740
544,893	14747
545,032	14758
545,171	14861
545,309	14888
545,448	14950
545,587	14882
545,725	14790
545,864	14715
546,003	14630
546,142	14588
546,280	14718
546,419	14758
546,558	14700
546,696	14560
546,835	14577
546,974	14692
547,113	14680
547,251	14678
547,390	14708
547,529	14756
547,667	14883
547,806	14631
547,945	14786
548,084	14821
548,222	14715
548,361	14795
548,500	14842
548,638	14976
548,777	14752
548,916	14976
549,055	14883
549,193	14816
549,332	14960
549,471	15121
549,609	15168
549,748	15007
549,887	14924
550,026	15239
550,164	15089
550,303	15258
550,442	15230
550,580	15262
550,719	15178
550,858	15330
550,997	15483
551,135	15470
551,274	15454
551,413	15315
551,551	15505
551,690	15599
551,829	15595
551,968	15689
552,106	15789
552,245	15884
552,384	15936
552,522	15908
552,661	15925
552,800	16110
552,939	15963
553,077	16049
553,216	15980
553,355	16299
553,493	16410
553,632	16404
553,771	16481
553,910	16544
554,048	16603
554,187	16617
554,326	16735
554,464	16870
554,603	16893
554,742	17033
554,881	17002
555,019	17071
555,158	17059
555,297	17155
555,435	17238
555,574	17497
555,713	17242
555,852	17560
555,990	17321
556,129	17268
556,268	17498
556,406	17639
556,545	17500
556,684	17569
556,823	17656
556,961	17499
557,100	17601
557,239	17666
557,377	17603
557,516	17588
557,655	17431
557,794	17324
557,932	17372
558,071	17324
558,210	17301
558,348	17013
558,487	16824
558,626	16846
558,765	16732
558,903	16726
559,042	16612
559,181	16489
559,319	16385
559,458	16172
559,597	16159
559,736	16165
559,874	16027
560,013	16133
560,152	16066
560,290	15679
560,429	15759
560,568	15720
560,707	15917
560,845	15519
560,984	15460
561,123	15293
561,261	15367
561,400	15421
561,539	15311
561,678	15188
561,816	15079
561,955	15003
562,094	15023
562,232	14998
562,371	14950
562,510	14976
562,649	14917
562,787	15064
562,926	14793
563,065	14675
563,203	14688
563,342	14816
563,481	14804
563,620	14757
563,758	14836
563,897	14905
564,036	14905
564,174	14909
564,313	14912
564,452	14836
564,591	14702
564,729	14641
564,868	14668
565,007	14698
565,145	14770
565,284	14874
565,423	14916
565,562	14567
565,700	14757
565,839	14793
565,978	14708
566,116	14910
566,255	15026
566,394	14963
566,533	14942
566,671	14864
566,810	14914
566,949	15103
567,087	15162
567,226	15133
567,365	15133
567,504	15160
567,642	15219
567,781	15483
567,920	15395
568,058	15347
568,197	15385
568,336	15356
568,475	15488
568,613	15285
568,752	15452
568,891	15553
569,029	15467
569,168	15617
569,307	15834
569,446	15832
569,584	15840
569,723	15957
569,862	15971
570,000	16028
570,139	16209
570,278	16133
570,417	16344
570,555	16278
570,694	16265
570,833	16438
570,971	16376
571,110	16560
571,249	16392
571,388	16365
571,526	16370
571,665	16474
571,804	16503
571,942	16444
572,081	16428
572,220	16557
572,359	16621
572,497	16525
572,636	16468
572,775	16458
572,913	16527
573,052	16496
573,191	16432
573,330	16417
573,468	16300
573,607	16584
573,746	16497
573,884	16308
574,023	16217
574,162	16254
574,301	16272
574,439	16240
574,578	16192
574,717	16102
574,855	16056
574,994	15990
575,133	15929
575,272	15935
575,410	15862
575,549	15729
575,688	15762
575,826	15640
575,965	15535
576,104	15361
576,243	15378
576,381	15609
576,520	15664
576,659	15283
576,797	15324
576,936	15266
577,075	15292
577,214	15296
577,352	15110
577,491	15105
577,630	15177
577,768	15225
577,907	15174
578,046	15036
578,185	15027
578,323	15079
578,462	14995
578,601	15064
578,739	15084
578,878	14945
579,017	15002
579,156	15190
579,294	14881
579,433	15168
579,572	15101
579,710	14974
579,849	15031
579,988	15058
580,127	14928
580,265	15008
580,404	14992
580,543	14944
580,681	15059
580,820	15107
580,959	15022
581,098	14945
581,236	14944
581,375	14951
581,514	14824
581,652	14790
581,791	14841
581,930	14841
582,069	14873
582,207	14725
582,346	14701
582,485	14452
582,623	14592
582,762	14441
582,901	14567
583,040	14364
583,178	14332
583,317	14331
583,456	14215
583,594	14084
583,733	14080
583,872	14119
584,011	13969
584,149	13849
584,288	13805
584,427	13661
584,565	13553
584,704	13545
584,843	13530
584,982	13491
585,120	13379
585,259	13358
585,398	13377
585,536	13067
585,675	13111
585,814	13039
585,953	12990
586,091	12981
586,230	13003
586,369	12942
586,507	12904
586,646	12796
586,785	12755
586,924	12821
587,062	12824
587,201	12917
587,340	12998
587,478	12789
587,617	12830
587,756	12896
587,895	12873
588,033	12929
588,172	12746
588,311	13086
588,449	12835
588,588	13087
588,727	12941
588,866	13159
589,004	13120
589,143	13154
589,282	13180
589,420	13167
589,559	13215
589,698	13321
589,837	13425
589,975	13422
590,114	13444
590,253	13458
590,391	13468
590,530	13568
590,669	13680
590,808	13658
590,946	13664
591,085	13825
591,224	13966
591,362	13771
591,501	13835
591,640	13902
591,779	13958
591,917	13960
592,056	13786
592,195	13916
592,333	13975
592,472	13908
592,611	13883
592,750	13955
592,888	13923
593,027	13902
593,166	13902
593,304	13739
593,443	13591
593,582	13591
593,720	13518
593,859	13469
593,998	13461
594,137	13440
594,275	13242
594,414	13210
594,553	13025
594,691	13039
594,830	12998
594,969	12860
595,108	12837
595,246	12689
595,385	12446
595,524	12558
595,662	12558
595,801	12451
595,940	12312
596,079	12219
596,217	12119
596,356	11982
596,495	11861
596,633	11791
596,772	11766
596,911	11742
597,050	11651
597,188	11558
597,327	11525
597,466	11485
597,604	11359
597,743	11323
597,882	11281
598,021	11240
598,159	11220
598,298	11116
598,437	11041
598,575	11114
598,714	11030
598,853	11087
598,992	11059
599,130	10975
599,269	11009
599,408	10886
599,546	10959
599,685	10988
599,824	10921
599,963	10936
600,101	10916
600,240	10883
600,379	10921
600,517	10905
600,656	10910
600,795	10967
600,934	11017
601,072	10933
601,211	11001
601,350	11093
601,488	11040
601,627	11185
601,766	11176
601,905	11145
602,043	11256
602,182	11054
602,321	11232
602,459	11262
602,598	11311
602,737	11272
602,876	11373
603,014	11318
603,153	11349
603,292	11388
603,430	11385
603,569	11442
603,708	11397
603,847	11403
603,985	11448
604,124	11438
604,263	11428
604,401	11318
604,540	11329
604,679	11347
604,818	11408
604,956	11415
605,095	11318
605,234	11424
605,372	11394
605,511	11418
605,650	11289
605,789	11195
605,927	11213
606,066	11242
606,205	11251
606,343	11316
606,482	11120
606,621	11081
606,760	11068
606,898	11126
607,037	10983
607,176	10932
607,314	10890
607,453	10885
607,592	10890
607,731	10875
607,869	10817
608,008	10736
608,147	10711
608,285	10653
608,424	10603
608,563	10619
608,702	10627
608,840	10625
608,979	10624
609,118	10638
609,256	10539
609,395	10556
609,534	10570
609,673	10661
609,811	10560
609,950	10551
610,089	10585
610,227	10769
610,366	10761
610,505	10697
610,644	10665
610,782	10721
610,921	10728
611,060	10697
611,198	10643
611,337	10636
611,476	10584
611,615	10508
611,753	10462
611,892	10433
612,031	10360
612,169	10242
612,308	10191
612,447	10169
612,586	10204
612,724	10088
612,863	10106
613,002	10089
613,140	9960,5
613,279	9919,2
613,418	9991,1
613,557	9947,9
613,695	9956,9
613,834	9924,1
613,973	9918,6
614,111	9871,5
614,250	9871
614,389	9889,8
614,528	9866,5
614,666	9787,5
614,805	9745,9
614,944	9850,4
615,082	9827,6
615,221	9768
615,360	9680,5
615,499	9651
615,637	9678,7
615,776	9672,8
615,915	9586,9
616,053	9570
616,192	9587,5
616,331	9586,4
616,470	9590,9
616,608	9574
616,747	9588,2
616,886	9512,2
617,024	9592,1
617,163	9520,9
617,302	9506,2
617,441	9412
617,579	9343,4
617,718	9394
617,857	9388,3
617,995	9268,5
618,134	9348,6
618,273	9363,9
618,412	9256,7
618,550	9306,8
618,689	9279,8
618,828	9214,9
618,966	9153,7
619,105	9196,6
619,244	9107,7
619,383	9175,5
619,521	9144,4
619,660	9077,4
619,799	9058,9
619,937	9018,2
620,076	8992,1
620,215	9050,4
620,354	9043,9
620,492	8937,7
620,631	8922,4
620,770	8950
620,908	8878,3
621,047	8814,2
621,186	8806,1
621,325	8729,4
621,463	8684,6
621,602	8644,8
621,741	8624,9
621,879	8587,9
622,018	8585,3
622,157	8612,4
622,296	8510,8
622,434	8495,4
622,573	8392
622,712	8430,9
622,850	8407,6
622,989	8365,3
623,128	8380
623,267	8342,9
623,405	8290,6
623,544	8243,9
623,683	8247,1
623,821	8171,5
623,960	8168,7
624,099	8149,4
624,238	8174,1
624,376	8112,7
624,515	8062,3
624,654	8091,9
624,792	7967,9
624,931	8015,6
625,070	8031,3
625,209	7950,1
625,347	7915
625,486	7938,6
625,625	7939,7
625,763	7879
625,902	7843,2
626,041	7827,9
626,180	7815,7
626,318	7758,9
626,457	7808,8
626,596	7731,3
626,734	7744,3
626,873	7746,4
627,012	7660,7
627,151	7648,1
627,289	7683,9
627,428	7676,4
627,567	7589,2
627,705	7612,5
627,844	7568,4
627,983	7587,9
628,122	7516,7
628,260	7512,4
628,399	7554,7
628,538	7521,1
628,676	7542,2
628,815	7503,5
628,954	7511,3
629,093	7534
629,231	7458,5
629,370	7427,2
629,509	7432,6
629,647	7445
629,786	7449,5
629,925	7408,4
630,064	7411,1
630,202	7405,7
630,341	7372,8
630,480	7379,1
630,618	7377
630,757	7338,6
630,896	7338,1
631,035	7324
631,173	7281,1
631,312	7242,1
631,451	7234,7
631,589	7188,3
631,728	7231,4
631,867	7212,5
632,006	7194
632,144	7147,7
632,283	7192,2
632,422	7119,9
632,560	7090,2
632,699	7086,6
632,838	7022,6
632,977	6970,1
633,115	6945,9
633,254	7000,5
633,393	6967,7
633,531	6980,1
633,670	6966,5
633,809	6960,7
633,948	6893,7
634,086	6887,2
634,225	6862,6
634,364	6839,1
634,502	6839,9
634,641	6812,5
634,780	6829,5
634,919	6817,7
635,057	6806,5
635,196	6788
635,335	6760,5
635,473	6776,6
635,612	6740
635,751	6732,9
635,890	6718,2
636,028	6711,4
636,167	6704,8
636,306	6695,2
636,444	6667
636,583	6638,5
636,722	6631,9
636,861	6642,4
636,999	6641
637,138	6616,3
637,277	6619,6
637,415	6596,7
637,554	6558,2
637,693	6533,6
637,832	6542,6
637,970	6563
638,109	6567,1
638,248	6551,6
638,386	6534,1
638,525	6473,3
638,664	6491,5
638,803	6497
638,941	6487,3
639,080	6479,8
639,219	6446,5
639,357	6459,8
639,496	6443,9
639,635	6442,3
639,774	6401
639,912	6415,7
640,051	6403
640,190	6404,8
640,328	6425,8
640,467	6416,8
640,606	6428,4
640,745	6406,4
640,883	6383,8
641,022	6371,9
641,161	6371,6
641,299	6357,5
641,438	6370
641,577	6343,5
641,716	6329,6
641,854	6381,1
641,993	6349,3
642,132	6369,2
642,270	6329
642,409	6306,8
642,548	6285,3
642,687	6335,4
642,825	6291,5
642,964	6284,2
643,103	6305,2
643,241	6314,7
643,380	6312,7
643,519	6301,8
643,658	6295,7
643,796	6316,9
643,935	6312
644,074	6313,7
644,212	6302,1
644,351	6300,2
644,490	6294,5
644,629	6280,9
644,767	6285,8
644,906	6318,4
645,045	6286
645,183	6266,5
645,322	6293,2
645,461	6262,1
645,600	6257,7
645,738	6301,2
645,877	6309,9
646,016	6281,3
646,154	6275,5
646,293	6274,4
646,432	6261,7
646,571	6252
646,709	6246,3
646,848	6240,7
646,987	6274,5
647,125	6294,1
647,264	6291
647,403	6271,5
647,542	6290,3
647,680	6245,6
647,819	6284,6
647,958	6339,3
648,096	6255,6
648,235	6250,8
648,374	6303,7
648,513	6334,6
648,651	6303,8
648,790	6256,8
648,929	6303,5
649,067	6294
649,206	6285,8
649,345	6302
649,484	6319,5
649,622	6319,8
649,761	6280,8
649,900	6261,1
650,038	6302,6
650,177	6347,5
650,316	6356,5
650,455	6333,9
650,593	6344
650,732	6309,6
650,871	6380,1
651,009	6353,8
651,148	6326,7
651,287	6353,9
651,426	6336,2
651,564	6759,4
651,703	6711,5
651,842	6460,1
651,980	6358,4
652,119	6382,3
652,258	6393,5
652,397	6337,3
652,535	6327,1
652,674	6375,9
652,813	6369,8
652,951	6374,7
653,090	6417,5
653,229	6385,9
653,368	6392
653,506	6393,5
653,645	6407,2
653,784	6425,4
653,922	6371,3
654,061	6403,5
654,200	6432
654,339	6411
654,477	6390,8
654,616	6413,9
654,755	6382,1
654,893	6402,1
655,032	6415,2
655,171	6431,2
655,310	6508,3
655,448	6483,7
655,587	6458,3
655,726	6483
655,864	6498,1
656,003	6533,9
656,142	6530,7
656,281	6517,1
656,419	6555,3
656,558	6509,9
656,697	6599,2
656,835	6536,4
656,974	6533,8
657,113	6594,3
657,252	6555,3
657,390	6615
657,529	6598,9
657,668	6563
657,806	6594,2
657,945	6579,1
658,084	6602,9
658,223	6613,4
658,361	6584,2
658,500	6573,8
658,639	6619,2
658,777	6659
658,916	6662,4
659,055	6637,6
659,194	6639,1
659,332	6654,9
659,471	6649,2
659,610	6664,5
659,748	6669,4
659,887	6688,7
660,026	6649,3
660,165	6656,7
660,303	6722,4
660,442	6747,2
660,581	6753,9
660,719	6780,4
660,858	6795,9
660,997	6814,9
661,136	6708
661,274	6744,7
661,413	6786,5
661,552	6761
661,690	6739,4
661,829	6679,4
661,968	6717
662,107	6785,4
662,245	6770,7
662,384	6780,9
662,523	6855,2
662,661	6870,3
662,800	6854,2
662,939	6895,1
663,077	6893,1
663,216	6864,7
663,355	6846,9
663,494	6896,8
663,632	6889,8
663,771	6861,9
663,910	6953,8
664,048	6892,4
664,187	6961,1
664,326	6944,2
664,465	6876,3
664,603	6969,1
664,742	6940,6
664,881	6993,2
665,019	7014,2
665,158	6978,8
665,297	7007,1
665,436	7000,7
665,574	7031,1
665,713	7062,1
665,852	7033,3
665,990	7056,1
666,129	7118,8
666,268	7140,5
666,407	7150,9
666,545	7122,5
666,684	7168,2
666,823	7159,6
666,961	7227,8
667,100	7261
667,239	7228,9
667,378	7286,6
667,516	7310,4
667,655	7193
667,794	7262
667,932	7264,2
668,071	7307,7
668,210	7272,2
668,349	7323
668,487	7381,6
668,626	7368,2
668,765	7390,8
668,903	7473,3
669,042	7515,7
669,181	7476,5
669,320	7482,5
669,458	7530,2
669,597	7497,3
669,736	7470,5
669,874	7542,8
670,013	7582,6
670,152	7556,9
670,291	7563,4
670,429	7619,6
670,568	7629,1
670,707	7597,3
670,845	7641,1
670,984	7609,2
671,123	7665,7
671,262	7703,5
671,400	7721,8
671,539	7803
671,678	7794,4
671,816	7746,8
671,955	7746,9
672,094	7763,3
672,233	7791,5
672,371	7793,9
672,510	7818,5
672,649	7792,2
672,787	7840,8
672,926	7871,1
673,065	7853,1
673,204	7871,1
673,342	7910,5
673,481	7909,8
673,620	7890,1
673,758	7945,4
673,897	7993,2
674,036	7931,9
674,175	7952,5
674,313	7969,7
674,452	7980,8
674,591	7939,6
674,729	7890,3
674,868	7891,1
675,007	8031,1
675,146	7972,7
675,284	7993
675,423	7903,9
675,562	8020,6
675,700	8012,7
675,839	8052
675,978	8025,3
676,117	8017,7
676,255	8033,9
676,394	8042,9
676,533	8008,4
676,671	8079,2
676,810	8047,3
676,949	8054,6
677,088	8055,1
677,226	8031,4
677,365	8071,7
677,504	8084,9
677,642	8107,1
677,781	8134,2
677,920	8107,4
678,059	8108
678,197	8144,5
678,336	8172,2
678,475	8170,3
678,613	8196,3
678,752	8165
678,891	8079,3
679,030	8202,2
679,168	8201,9
679,307	8244
679,446	8244,6
679,584	8278,6
679,723	8210,9
679,862	8238,9
680,001	8396,4
680,139	8373,9
680,278	8303,3
680,417	8359,2
680,555	8388,4
680,694	8433,7
680,833	8364,3
680,972	8412,2
681,110	8478,6
681,249	8502,6
681,388	8452,5
681,526	8445,2
681,665	8565,5
681,804	8615,3
681,943	8604,2
682,081	8599,3
682,220	8582
682,359	8632,9
682,497	8676,4
682,636	8675,3
682,775	8646,6
682,914	8651,3
683,052	8637
683,191	8810,3
683,330	8767,6
683,468	8706,3
683,607	8646,9
683,746	8881,6
683,885	8862,5
684,023	8853
684,162	8925,5
684,301	8875,7
684,439	8924,5
684,578	8800,3
684,717	8907,9
684,856	9013,9
684,994	9024,6
685,133	9028,5
685,272	9030,1
685,410	9004,1
685,549	8995
685,688	8938,8
685,827	8952,6
685,965	9030,5
686,104	9092,2
686,243	9112,8
686,381	9116,8
686,520	9174,5
686,659	9166,5
686,798	9176,2
686,936	9161
687,075	9158,4
687,214	9264,4
687,352	9241
687,491	9152,5
687,630	9182,8
687,769	9190,8
687,907	9294,8
688,046	9251,3
688,185	9324,6
688,323	9305
688,462	9271,4
688,601	9290,7
688,740	9225,2
688,878	9248,7
689,017	9297,3
689,156	9296
689,294	9351,2
689,433	9382,1
689,572	9334,4
689,711	9275,9
689,849	9163,8
689,988	9201,5
690,127	9296,2
690,265	9314,5
690,404	9320,7
690,543	9328,4
690,682	9411
690,820	9419,1
690,959	9321
691,098	9360,5
691,236	9397,7
691,375	9368,8
691,514	9447,4
691,653	9452,4
691,791	9410,4
691,930	9322,8
692,069	9378,1
692,207	9397,1
692,346	9508,4
692,485	9479,4
692,624	9442,4
692,762	9501
692,901	9511,6
693,040	10121
693,178	9697,9
693,317	9614,1
693,456	9726,5
693,595	9623,3
693,733	9554,6
693,872	9679,3
694,011	9652,3
694,149	9673,5
694,288	9753,3
694,427	9611,6
694,566	9693,3
694,704	9765,1
694,843	9767,4
694,982	9731,1
695,120	9807,8
695,259	9828
695,398	9838,4
695,537	9891,2
695,675	9913,7
695,814	9925
695,953	9966,4
696,091	9964,9
696,230	9900,7
696,369	9854,1
696,508	9869,8
696,646	9997,6
696,785	10126
696,924	10097
697,062	10099
697,201	10151
697,340	10257
697,479	10319
697,617	10222
697,756	10367
697,895	10397
698,033	10370
698,172	10443
698,311	10392
698,450	10445
698,588	10394
698,727	10428
698,866	10611
699,004	10581
699,143	10549
699,282	10570
699,421	10602
699,559	10600
699,698	10805
699,837	10681
699,975	10585
700,114	10655
700,253	10750
700,392	10784
700,530	10779
700,669	10768
700,808	10775
700,946	10789
701,085	10872
701,224	10811
701,363	10799
701,501	10903
701,640	11020
701,779	11047
701,917	11033
702,056	11079
702,195	11081
702,334	11038
702,472	11044
702,611	11067
702,750	11061
702,888	11086
703,027	11143
703,166	11132
703,305	11161
703,443	11102
703,582	11079
703,721	11144
703,859	11048
703,998	11149
704,137	11156
704,276	11190
704,414	11143
704,553	11239
704,692	11130
704,830	11239
704,969	11268
705,108	11340
705,247	11345
705,385	11304
705,524	11225
705,663	11238
705,801	11319
705,940	11325
706,079	11225
706,218	11230
706,356	11339
706,495	11307
706,634	11324
706,772	11287
706,911	11241
707,050	11303
707,189	11416
707,327	11299
707,466	11284
707,605	11329
707,743	11328
707,882	11329
708,021	11318
708,160	11279
708,298	11326
708,437	11289
708,576	11312
708,714	11404
708,853	11380
708,992	11362
709,131	11327
709,269	11309
709,408	11389
709,547	11460
709,685	11503
709,824	11482
709,963	11489
710,102	11546
710,240	11533
710,379	11518
710,518	11516
710,656	11523
710,795	11536
710,934	11618
711,073	11555
711,211	11683
711,350	11757
711,489	11690
711,627	11696
711,766	11707
711,905	11746
712,044	11823
712,182	11815
712,321	11733
712,460	11751
712,598	11829
712,737	11818
712,876	11904
713,015	11847
713,153	11884
713,292	11992
713,431	11941
713,569	11928
713,708	11925
713,847	11915
713,986	12064
714,124	12092
714,263	12146
714,402	12066
714,540	12054
714,679	12153
714,818	12091
714,957	12005
715,095	12127
715,234	12098
715,373	12188
715,511	12094
715,650	12022
715,789	12052
715,928	12120
716,066	12094
716,205	12067
716,344	12040
716,482	12089
716,621	12177
716,760	12211
716,899	12196
717,037	12154
717,176	12171
717,315	12210
717,453	12216
717,592	12199
717,731	12139
717,870	12131
718,008	12162
718,147	12108
718,286	12023
718,424	12049
718,563	12167
718,702	12198
718,841	12167
718,979	12167
719,118	12049
719,257	12029
719,395	12140
719,534	12006
719,673	12070
719,812	12058
719,950	11938
720,089	12019
720,228	12125
720,366	12004
720,505	11972
720,644	12016
720,783	11885
720,921	11935
721,060	11996
721,199	11875
721,337	11937
721,476	11858
721,615	11831
721,754	11872
721,892	11781
722,031	11610
722,170	11684
722,308	11750
722,447	11722
722,586	11914
722,725	12472
722,863	11787
723,002	11693
723,141	11605
723,279	11572
723,418	11623
723,557	11684
723,696	11522
723,834	11555
723,973	11551
724,112	11659
724,250	11566
724,389	11543
724,528	11494
724,667	11568
724,805	11589
724,944	11605
725,083	11559
725,221	11503
725,360	11614
725,499	11464
725,638	11428
725,776	11388
725,915	11459
726,054	11487
726,192	11452
726,331	11388
726,470	11393
726,609	11423
726,747	11430
726,886	11411
727,025	11392
727,163	11414
727,302	11408
727,441	11477
727,580	11507
727,718	11405
727,857	11426
727,996	11374
728,134	11368
728,273	11404
728,412	11361
728,551	11353
728,689	11476
728,828	11542
728,967	11522
729,105	11486
729,244	11452
729,383	11474
729,522	11489
729,660	11473
729,799	11457
729,938	11504
730,076	11558
730,215	11602
730,354	11597
730,493	11497
730,631	11405
730,770	11396
730,909	11491
731,047	11569
731,186	11569
731,325	11593
731,464	11527
731,602	11600
731,741	11593
731,880	11533
732,018	11513
732,157	11614
732,296	11659
732,434	11580
732,573	11562
732,712	11597
732,851	11581
732,989	11640
733,128	11555
733,267	11571
733,405	11575
733,544	11649
733,683	11577
733,822	11588
733,960	11551
734,099	11519
734,238	11508
734,376	11553
734,515	11613
734,654	11511
734,793	11488
734,931	11523
735,070	11483
735,209	11344
735,347	11353
735,486	11458
735,625	11377
735,764	11423
735,902	11478
736,041	11399
736,180	11268
736,318	11282
736,457	11302
736,596	11319
736,735	11286
736,873	11310
737,012	11264
737,151	11212
737,289	11304
737,428	11334
737,567	11214
737,706	11261
737,844	11216
737,983	11204
738,122	11154
738,260	10966
738,399	11008
738,538	11056
738,677	11068
738,815	10932
738,954	10967
739,093	11011
739,231	10976
739,370	10993
739,509	10836
739,648	10941
739,786	10948
739,925	10949
740,064	10765
740,202	10765
740,341	10780
740,480	10610
740,619	10779
740,757	10790
740,896	10741
741,035	10669
741,173	10683
741,312	10674
741,451	10713
741,590	10594
741,728	10540
741,867	10579
742,006	10576
742,144	10593
742,283	10517
742,422	10413
742,561	10379
742,699	10558
742,838	10385
742,977	10282
743,115	10392
743,254	10412
743,393	10329
743,532	10360
743,670	10358
743,809	10326
743,948	10336
744,086	10320
744,225	10283
744,364	10249
744,503	10324
744,641	10327
744,780	10246
744,919	10238
745,057	10279
745,196	10215
745,335	10221
745,474	10267
745,612	10174
745,751	10164
745,890	10122
746,028	10134
746,167	10147
746,306	10145
746,445	10167
746,583	10124
746,722	10167
746,861	10042
746,999	10095
747,138	10159
747,277	10133
747,416	10057
747,554	10141
747,693	10057
747,832	10190
747,970	10138
748,109	10046
748,248	10049
748,387	10074
748,525	10081
748,664	9985,7
748,803	10024
748,941	10090
749,080	10031
749,219	10019
749,358	10053
749,496	10024
749,635	9992,9
749,774	10005
749,912	10050
750,051	9899,3
750,190	10013
750,329	9928,1
750,467	9858,5
750,606	10013
750,745	9979,7
750,883	9987,1
751,022	9901
751,161	9906,7
751,300	9909,7
751,438	9897,1
751,577	9876,5
751,716	9868,2
751,854	9866,4
751,993	9833,7
752,132	9876,5
752,271	9900,1
752,409	9783,3
752,548	9812,3
752,687	9754
752,825	9798,3
752,964	9773,4
753,103	9685
753,242	9688,3
753,380	9709,3
753,519	9611,7
753,658	9641,3
753,796	9597,2
753,935	9601,9
754,074	9605,8
754,213	9553,3
754,351	9577,3
754,490	9575,4
754,629	9561,9
754,767	9533,3
754,906	9433,9
755,045	9464,7
755,184	9535,8
755,322	9532,9
755,461	9495,1
755,600	9357
755,738	9447,8
755,877	9436,9
756,016	9433,9
756,155	9360
756,293	9354,7
756,432	9427,1
756,571	9324,1
756,709	9269,3
756,848	9239,3
756,987	9292,9
757,126	9248,1
757,264	9210,1
757,403	9195,5
757,542	9199
757,680	9158,8
757,819	9115,6
757,958	9158,6
758,097	9093,8
758,235	9044,2
758,374	9033,6
758,513	8946,7
758,651	8976,3
758,790	8962,6
758,929	8981,2
759,068	8945,3
759,206	8898,6
759,345	8863
759,484	8835,1
759,622	8813,7
759,761	8819,5
759,900	8800,2
760,039	8848,9
760,177	8849,4
760,316	8783,8
760,455	8817,6
760,593	8811,4
760,732	8717,6
760,871	8699,4
761,010	8734,5
761,148	8670,8
761,287	8632,1
761,426	8696
761,564	8703,9
761,703	8642,5
761,842	8664,5
761,981	8625,2
762,119	8650,4
762,258	8605,7
762,397	8652,5
762,535	8619,8
762,674	8632,3
762,813	8563,7
762,952	8551,9
763,090	8531,6
763,229	8542,8
763,368	8507,8
763,506	8500
763,645	8490,7
763,784	8482,3
763,923	8465,2
764,061	8453,2
764,200	8449,4
764,339	8395,7
764,477	8395,4
764,616	8442,6
764,755	8436,3
764,894	8412,7
765,032	8352,1
765,171	8305,1
765,310	8299,6
765,448	8315
765,587	8314,5
765,726	8300,4
765,865	8284,1
766,003	8303,7
766,142	8287,4
766,281	8254,6
766,419	8273,4
766,558	8287,6
766,697	8313,7
766,836	8238,1
766,974	8259,1
767,113	8232,2
767,252	8217,8
767,390	8191,5
767,529	8124,6
767,668	8144,6
767,807	8132,6
767,945	8216,5
768,084	8190,3
768,223	8108,9
768,361	8178,1
768,500	8119,1
768,639	8122
768,778	8148
768,916	8135,8
769,055	8063,6
769,194	8110,3
769,332	8125,9
769,471	8086,8
769,610	8046,6
769,749	8041,7
769,887	8074,6
770,026	8007,7
770,165	7988,5
770,303	8058,6
770,442	8049,2
770,581	8035,1
770,720	7993,7
770,858	8014
770,997	8023,4
771,136	7992,9
771,274	7934,1
771,413	7936,9
771,552	7946
771,691	7922,9
771,829	7971,2
771,968	7921,5
772,107	7979
772,245	7963,5
772,384	7924
772,523	7983,6
772,662	7988,2
772,800	7935,7
772,939	7913,7
773,078	7912,4
773,216	7867,1
773,355	7781,9
773,494	7895,2
773,633	7882,5
773,771	7848,2
773,910	7827,3
774,049	7776,5
774,187	7849,2
774,326	7772,5
774,465	7828,5
774,604	7776
774,742	7794
774,881	7808,3
775,020	7797
775,158	7713,1
775,297	7735,5
775,436	7707,4
775,575	7758,9
775,713	7746,5
775,852	7704,8
775,991	7634,8
776,129	7637,4
776,268	7658,2
776,407	7702,7
776,546	7687,3
776,684	7661,3
776,823	7636,4
776,962	7613,3
777,100	7640,2
777,239	7605,9
777,378	7601,4
777,517	7621,6
777,655	7597
777,794	7582,3
777,933	7543
778,071	7509,1
778,210	7528
778,349	7516,6
778,488	7518,4
778,626	7568,2
778,765	7542,2
778,904	7562,8
779,042	7600,7
779,181	7539,1
779,320	7451,5
779,459	7490,1
779,597	7470,2
779,736	7502,5
779,875	7536,6
780,013	7494,6
780,152	7500,8
780,291	7440
780,430	7479,5
780,568	7414,3
780,707	7456,1
780,846	7412,9
780,984	7450
781,123	7436,5
781,262	7376,6
781,401	7451,3
781,539	7460,9
781,678	7454,8
781,817	7394,8
781,955	7445,9
782,094	7385
782,233	7386,7
782,372	7439,6
782,510	7441,8
782,649	7404,3
782,788	7375,4
782,926	7409,1
783,065	7440
783,204	7447
783,343	7378,6
783,481	7398,1
783,620	7341,5
783,759	7369,5
783,897	7392,3
784,036	7426
784,175	7359,1
784,314	7368,1
784,452	7390,8
784,591	7315,2
784,730	7355,8
784,868	7331,5
785,007	7361,4
785,146	7356
785,285	7320,9
785,423	7333,8
785,562	7317
785,701	7383,2
785,839	7380,3
785,978	7354,7
786,117	7346,2
786,256	7351,6
786,394	7336,6
786,533	7333,6
786,672	7346,8
786,810	7395,4
786,949	7373,1
787,088	7340,3
787,227	7320,7
787,365	7309,5
787,504	7348,7
787,643	7364,2
787,781	7375,1
787,920	7374,3
788,059	7346
788,198	7368,6
788,336	7378,6
788,475	7386,7
788,614	7426,5
788,752	7381,4
788,891	7346,5
789,030	7383
789,169	7404,1
789,307	7364,3
789,446	7349,8
789,585	7366,8
789,723	7331,9
789,862	7402,2
790,001	7393,5
790,140	7348,7
790,278	7363,9
790,417	7458,8
790,556	7427,5
790,694	7312,1
790,833	7414,2
790,972	7396,6
791,111	7379,3
791,249	7379,4
791,388	7403,4
791,527	7389,3
791,665	7393,7
791,804	7418
791,943	7373,7
792,082	7451,1
792,220	7374,2
792,359	7434,1
792,498	7392,1
792,636	7406,9
792,775	7436,3
792,914	7357,2
793,053	7410,7
793,191	7358,1
793,330	7371,1
793,469	7376,5
793,607	7343,7
793,746	7338,1
793,885	7420,1
794,024	7391,2
794,162	7399,9
794,301	7395,2
794,440	7462,9
794,578	7427,7
794,717	7429,8
794,856	7462,4
794,995	7407,8
795,133	7345,2
795,272	7365,1
795,411	7345,7
795,549	7386,3
795,688	7339,9
795,827	7446,6
795,966	7386,3
796,104	7477,4
796,243	7384,4
796,382	7409,4
796,520	7388,7
796,659	7475,7
796,798	7422,9
796,937	7421,5
797,075	7372,5
797,214	7325,5
797,353	7364,3
797,491	7380,1
797,630	7395,3
797,769	7422,6
797,908	7376
798,046	7340,4
798,185	7310,6
798,324	7320,6
798,462	7413,1
798,601	7435,2
798,740	7371,8
798,879	7348,2
799,017	7388
799,156	7355,7
799,295	7385,8
799,433	7404,2
799,572	7420,1
799,711	7499,7
799,850	7471
799,988	7381,9
800,127	7362,3
800,266	7447,8
800,404	7410,8
800,543	7360,5
800,682	7382,5
800,821	7360,7
800,959	7365,9
801,098	7460,9
801,237	7447,2
801,375	7437,4
801,514	7437,3
801,653	7411
801,791	7471,6
801,930	7423,2
802,069	7358
802,208	7393,1
802,346	7393
802,485	7395,3
802,624	7392,9
802,762	7410,5
802,901	7406,7
803,040	7447,2
803,179	7439,9
803,317	7434,9
803,456	7399,9
803,595	7393,3
803,733	7455,7
803,872	7392,5
804,011	7407,1
804,150	7477,4
804,288	7362,1
804,427	7394,4
804,566	7464,4
804,704	7437,6
804,843	7430,8
804,982	7427,1
805,121	7423,8
805,259	7402,8
805,398	7394,7
805,537	7386,2
805,675	7434,8
805,814	7468,3
805,953	7450,5
806,092	7458,1
806,230	7489
806,369	7505,5
806,508	7473,3
806,646	7482,8
806,785	7448,6
806,924	7430,9
807,063	7485,7
807,201	7451,1
807,340	7465,2
807,479	7513,8
807,617	7459
807,756	7418,4
807,895	7439,8
808,034	7503,4
808,172	7529
808,311	7549
808,450	7558,4
808,588	7555,3
808,727	7524,3
808,866	7555,3
809,005	7523,3
809,143	7522,4
809,282	7561,1
809,421	7597,6
809,559	7610,3
809,698	7541,4
809,837	7537,4
809,976	7606
810,114	7647,7
810,253	7651,8
810,392	7665,5
810,530	7683,5
810,669	7671,2
810,808	7719,4
810,947	7750
811,085	7768
811,224	7729,1
811,363	7740
811,501	7799
811,640	7761,2
811,779	7736
811,918	7771,8
812,056	7862,6
812,195	7906,9
812,334	7886,7
812,472	7850,8
812,611	7780,8
812,750	7746
812,889	7740,1
813,027	7771,6
813,166	7766,2
813,305	7756,5
813,443	7759,2
813,582	7740,7
813,721	7746,4
813,860	7795,5
813,998	7760,7
814,137	7748,1
814,276	7773,8
814,414	7760,5
814,553	7672,8
814,692	7737
814,831	7779,2
814,969	7774,7
815,108	7784,2
815,247	7774,1
815,385	7814,1
815,524	7810,2
815,663	7761,9
815,802	7787,1
815,940	7784,7
816,079	7785,4
816,218	7816,5
816,356	7850,2
816,495	7822,7
816,634	7829,2
816,773	7848,5
816,911	7898,1
817,050	7863,8
817,189	7809
817,327	7851,9
817,466	7886
817,605	7874
817,744	7930,1
817,882	7898,2
818,021	7875,6
818,160	7938,1
818,298	7876,5
818,437	7844,4
818,576	7953,6
818,715	7933,3
818,853	7921,5
818,992	7945,8
819,131	7975,7
819,269	7950,9
819,408	7955,3
819,547	7926,8
819,686	8017,2
819,824	7978,3
819,963	7954,5
820,102	7981,5
