450.000	6242.9
450.138	6172.9
450.275	6223.2
450.413	6213.2
450.550	6114.2
450.688	6196.1
450.826	6281.1
450.963	6237.3
451.101	6226.7
451.239	6265.4
451.376	6233.1
451.514	6197.5
451.651	6203.2
451.789	6161
451.927	6173.1
452.064	6266
452.202	6188.9
452.340	6297.9
452.477	6303.8
452.615	6259.6
452.752	6250.8
452.890	6210.2
453.028	6160.6
453.165	6288.8
453.303	6403.3
453.441	6294.9
453.578	6296.1
453.716	6283.9
453.853	6210.9
453.991	6248.2
454.129	6282.2
454.266	6259.9
454.404	6238.6
454.542	6241.5
454.679	6226
454.817	6221.9
454.954	6335.9
455.092	6217.3
455.230	6248.8
455.367	6294.3
455.505	6261.4
455.643	6209.9
455.780	6272.8
455.918	6326
456.055	6299.7
456.193	6258.9
456.331	6257.2
456.468	6250.4
456.606	6218.4
456.743	6229.7
456.881	6255.5
457.019	6346.9
457.156	6404.7
457.294	6322.4
457.432	6234.5
457.569	6261.9
457.707	6283.4
457.844	6250
457.982	6236.5
458.120	6230.6
458.257	6231.1
458.395	6245.8
458.533	6302.7
458.670	6276.5
458.808	6247.8
458.945	6272.9
459.083	6270.7
459.221	6255.9
459.358	6233
459.496	6239.4
459.634	6251.4
459.771	6213.7
459.909	6266.4
460.046	6280.9
460.184	6345.3
460.322	6249.9
460.459	6255.4
460.597	6288.7
460.735	6320.8
460.872	6366.8
461.010	6329
461.147	6309.8
461.285	6359.3
461.423	6339.1
461.560	6306.1
461.698	6369.9
461.835	6298.8
461.973	6287.4
462.111	6366.1
462.248	6437.9
462.386	6299.7
462.524	6294.9
462.661	6339.3
462.799	6297.8
462.936	6237.2
463.074	6253
463.212	6290
463.349	6297.4
463.487	6274.4
463.625	6386.9
463.762	6399.3
463.900	6268.9
464.037	6262.4
464.175	6267.1
464.313	6277.5
464.450	6295.2
464.588	6287.9
464.726	6289.7
464.863	6338.6
465.001	6318.3
465.138	6284.9
465.276	6310.9
465.414	6277.7
465.551	6379.2
465.689	6365.7
465.827	6295.4
465.964	6298.3
466.102	6316.9
466.239	6321.5
466.377	6321.7
466.515	6305.2
466.652	6280.4
466.790	6304.3
466.928	6298.2
467.065	6339.3
467.203	6323.8
467.340	6329.8
467.478	6355.6
467.616	6349.3
467.753	6307.7
467.891	6314.2
468.028	6285.1
468.166	6253.5
468.304	6356.3
468.441	6434
468.579	6385.5
468.717	6345.1
468.854	6338.2
468.992	6327.4
469.129	6319.9
469.267	6362.4
469.405	6339
469.542	6317.1
469.680	6358.8
469.818	6379.3
469.955	6346.7
470.093	6350.3
470.230	6365.3
470.368	6342.4
470.506	6299.1
470.643	6433.9
470.781	6360.7
470.919	6379.7
471.056	6354.8
471.194	6274.7
471.331	6287.2
471.469	6322.4
471.607	6364.8
471.744	6409.4
471.882	6373.7
472.020	6352.5
472.157	6374.6
472.295	6391.7
472.432	6340.5
472.570	6356.5
472.708	6355.7
472.845	6347.3
472.983	6302.6
473.120	6338.2
473.258	6325.9
473.396	6329.8
473.533	6388.9
473.671	6355.3
473.809	6365.1
473.946	6272.5
474.084	6266.2
474.221	6349.2
474.359	6341.5
474.497	6425.6
474.634	6370.1
474.772	6375.8
474.910	6387.8
475.047	6424.1
475.185	6385.6
475.322	6329.8
475.460	6404.8
475.598	6367.9
475.735	6340.4
475.873	6303.4
476.011	6391.1
476.148	6365.4
476.286	6400.2
476.423	6355.4
476.561	6370.7
476.699	6350.6
476.836	6379.9
476.974	6398.9
477.112	6387.2
477.249	6414.8
477.387	6381
477.524	6469.8
477.662	6316.7
477.800	6365.8
477.937	6290
478.075	6362
478.213	6351.6
478.350	6265.8
478.488	6344.8
478.625	6320
478.763	6299.3
478.901	6327.6
479.038	6323.9
479.176	6387.2
479.313	6349.6
479.451	6302.2
479.589	6435.7
479.726	6442.6
479.864	6395.6
480.002	6404.9
480.139	6466.2
480.277	6396.6
480.414	6373.6
480.552	6453.1
480.690	6483.7
480.827	6412.2
480.965	6347.6
481.103	6376.7
481.240	6398
481.378	6357.6
481.515	6392.7
481.653	6369.7
481.791	6425.5
481.928	6379.7
482.066	6338
482.204	6373.2
482.341	6356.2
482.479	6378.2
482.616	6446.8
482.754	6408.5
482.892	6291.8
483.029	6220.6
483.167	6339.9
483.305	6336.6
483.442	6350.7
483.580	6456.1
483.717	6356.6
483.855	6378.9
483.993	6386.1
484.130	6418.1
484.268	6361.5
484.405	6323.9
484.543	6366.9
484.681	6340
484.818	6342.4
484.956	6334.7
485.094	6432.8
485.231	6426.6
485.369	6474
485.506	6359.1
485.644	6439.7
485.782	6384.5
485.919	6343.5
486.057	6375.7
486.195	6381.8
486.332	6382.5
486.470	6440.4
486.607	6459.5
486.745	6359.2
486.883	6384.5
487.020	6354.8
487.158	6394
487.296	6412.9
487.433	6382.3
487.571	6359.8
487.708	6378.2
487.846	6442.6
487.984	6467.9
488.121	6404.8
488.259	6369.1
488.397	6380.6
488.534	6390.9
488.672	6355.2
488.809	6383.5
488.947	6399.1
489.085	6376.1
489.222	6432
489.360	6399.4
489.498	6394.7
489.635	6423.1
489.773	6406.2
489.910	6429.9
490.048	6407.9
490.186	6375
490.323	6367.9
490.461	6397.1
490.598	6426.5
490.736	6444
490.874	6367.7
491.011	6454.5
491.149	6445.9
491.287	6382.6
491.424	6383.9
491.562	6362.2
491.699	6428.4
491.837	6412.7
491.975	6368.4
492.112	6391.3
492.250	6432.5
492.388	6459.1
492.525	6531
492.663	6535.2
492.800	6507.1
492.938	6467.1
493.076	6417.8
493.213	6397.4
493.351	6443.6
493.489	6439.5
493.626	6427.5
493.764	6485.4
493.901	6492.3
494.039	6436.1
494.177	6415.3
494.314	6385.3
494.452	6360
494.590	6411.7
494.727	6415.4
494.865	6455.6
495.002	6448.5
495.140	6517.9
495.278	6458.4
495.415	6342.9
495.553	6430.3
495.691	6437.7
495.828	6417.5
495.966	6450.1
496.103	6470.7
496.241	6460.5
496.379	6392.7
496.516	6309.4
496.654	6381.7
496.791	6358.7
496.929	6412
497.067	6438.4
497.204	6343
497.342	6405
497.480	6362
497.617	6316
497.755	6386.1
497.892	6394.5
498.030	6394
498.168	6383.3
498.305	6340.8
498.443	6400.8
498.581	6421.1
498.718	6340.2
498.856	6344.1
498.993	6386.2
499.131	6371.6
499.269	6417.4
499.406	6385.2
499.544	6355
499.682	6368.6
499.819	6313
499.957	6371.5
500.094	6361.7
500.232	6352.3
500.370	6340
500.507	6342.9
500.645	6354.1
500.783	6287.8
500.920	6379.8
501.058	6397
501.195	6375.6
501.333	6389.2
501.471	6341.3
501.608	6353.7
501.746	6370.6
501.883	6391.1
502.021	6361.2
502.159	6347.4
502.296	6385.6
502.434	6405.1
502.572	6377.7
502.709	6356.3
502.847	6360.2
502.984	6359.3
503.122	6395.3
503.260	6354.4
503.397	6433.6
503.535	6357.3
503.673	6363
503.810	6403.4
503.948	6388.8
504.085	6307
504.223	6300.3
504.361	6365.4
504.498	6331.1
504.636	6309.3
504.774	6283.3
504.911	6264.7
505.049	6367.8
505.186	6364.7
505.324	6396.9
505.462	6343.5
505.599	6365.9
505.737	6368.6
505.875	6389.4
506.012	6382.5
506.150	6359
506.287	6356.9
506.425	6362.7
506.563	6335.1
506.700	6335.6
506.838	6304.4
506.976	6301.8
507.113	6352.2
507.251	6375.1
507.388	6305.5
507.526	6385.7
507.664	6355.2
507.801	6275.9
507.939	6318.2
508.076	6366.9
508.214	6396.5
508.352	6374.4
508.489	6349
508.627	6313.6
508.765	6323
508.902	6375.4
509.040	6363.6
509.177	6339.3
509.315	6411.8
509.453	6397.1
509.590	6277.3
509.728	6394.7
509.866	6340.4
510.003	6327
510.141	6348.5
510.278	6305.9
510.416	6370.9
510.554	6414.5
510.691	6391.5
510.829	6401.2
510.967	6388.1
511.104	6351.5
511.242	6365.6
511.379	6395.2
511.517	6347.8
511.655	6387.6
511.792	6369.6
511.930	6373.3
512.068	6400.9
512.205	6352.7
512.343	6360.5
512.480	6446.7
512.618	6431
512.756	6328.7
512.893	6326.6
513.031	6393.5
513.168	6415.9
513.306	6395.3
513.444	6400
513.581	6455.6
513.719	6338.3
513.857	6440.1
513.994	6364.8
514.132	6397
514.269	6386.1
514.407	6348.1
514.545	6381.5
514.682	6355
514.820	6353.3
514.958	6361.5
515.095	6403.5
515.233	6408.9
515.370	6386.9
515.508	6401.3
515.646	6429
515.783	6409.4
515.921	6423
516.059	6316.6
516.196	6329.3
516.334	6394.2
516.471	6341.4
516.609	6363.9
516.747	6425.7
516.884	6412.1
517.022	6394.5
517.160	6375.7
517.297	6382.9
517.435	6402.2
517.572	6388.4
517.710	6348.7
517.848	6360
517.985	6414.2
518.123	6378.3
518.261	6410.3
518.398	6376.1
518.536	6349.8
518.673	6357.2
518.811	6376.2
518.949	6478.7
519.086	6418
519.224	6394.7
519.361	6406
519.499	6374.2
519.637	6335.2
519.774	6319.7
519.912	6394.5
520.050	6441.8
520.187	6463.2
520.325	6420.6
520.462	6488.6
520.600	6414.5
520.738	6443
520.875	6441.2
521.013	6355.2
521.151	6387.6
521.288	6480.4
521.426	6403.3
521.563	6391.2
521.701	6388.3
521.839	6433.5
521.976	6396.8
522.114	6389.2
522.252	6450.9
522.389	6418.7
522.527	6385.8
522.664	6360.3
522.802	6432.5
522.940	6438.9
523.077	6437.5
523.215	6438.7
523.353	6402.5
523.490	6393.8
523.628	6405.8
523.765	6458.2
523.903	6463.6
524.041	6435.2
524.178	6412.1
524.316	6416.4
524.454	6435.4
524.591	6444
524.729	6438
524.866	6439.7
525.004	6451.9
525.142	6427.3
525.279	6435.4
525.417	6360.6
525.554	6450.2
525.692	6385.5
525.830	6426.3
525.967	6442.9
526.105	6437.6
526.243	6424.3
526.380	6418.7
526.518	6478.3
526.655	6381.5
526.793	6406
526.931	6388.5
527.068	6452.4
527.206	6418.9
527.344	6389.3
527.481	6363.6
527.619	6396.5
527.756	6470
527.894	6474.7
528.032	6457.6
528.169	6392.5
528.307	6342.1
528.445	6412.6
528.582	6424.6
528.720	6507
528.857	6449.7
528.995	6438.7
529.133	6427.1
529.270	6464.3
529.408	6513.4
529.546	6497.5
529.683	6456
529.821	6409.3
529.958	6494.9
530.096	6459.2
530.234	6500.5
530.371	6532.7
530.509	6470.1
530.646	6441
530.784	6401.9
530.922	6447.9
531.059	6448
531.197	6422
531.335	6410.1
531.472	6431.8
531.610	6361.5
531.747	6425.6
531.885	6434
532.023	6490.1
532.160	6435.4
532.298	6465
532.436	6424.8
532.573	6433.6
532.711	6435.4
532.848	6386
532.986	6382.3
533.124	6407.5
533.261	6513.8
533.399	6480.7
533.537	6451.9
533.674	6462.4
533.812	6487.1
533.949	6467.5
534.087	6450.6
534.225	6470.3
534.362	6464.2
534.500	6461.9
534.638	6472.2
534.775	6462.4
534.913	6507
535.050	6466.4
535.188	6485.8
535.326	6403.9
535.463	6432.6
535.601	6482.6
535.739	6527.1
535.876	6448.5
536.014	6461.1
536.151	6505.5
536.289	6491.7
536.427	6494.5
536.564	6531.4
536.702	6447.8
536.839	6470.3
536.977	6460.6
537.115	6466.3
537.252	6418.4
537.390	6431.3
537.528	6478
537.665	6522.8
537.803	6513.2
537.940	6435.8
538.078	6506.1
538.216	6454.2
538.353	6452.3
538.491	6462.6
538.629	6488.3
538.766	6431.2
538.904	6427.8
539.041	6416.4
539.179	6445.6
539.317	6483.9
539.454	6537.5
539.592	6551.1
539.730	6504.3
539.867	6461.9
540.005	6432.3
540.142	6423.5
540.280	6473.1
540.418	6439.2
540.555	6425.2
540.693	6498.2
540.831	6451.3
540.968	6484.9
541.106	6516.6
541.243	6498.2
541.381	6470.1
541.519	6504
541.656	6568.2
541.794	6546.7
541.931	6487.1
542.069	6525.3
542.207	6517.8
542.344	6488.6
542.482	6481.5
542.620	6461.2
542.757	6470.2
542.895	6499.6
543.032	6538.2
543.170	6530.6
543.308	6540.9
543.445	6541.1
543.583	6571.8
543.721	6517.4
543.858	6561.6
543.996	6496.3
544.133	6503.9
544.271	6559.9
544.409	6462
544.546	6467.2
544.684	6594.5
544.822	6621.8
544.959	6572.1
545.097	6507.8
545.234	6495.9
545.372	6558.5
545.510	6495.1
545.647	6481
545.785	6603.1
545.923	6516.6
546.060	6503.7
546.198	6547.5
546.335	6535.3
546.473	6509.4
546.611	6500.5
546.748	6501.1
546.886	6530.3
547.024	6507.3
547.161	6448.9
547.299	6534.8
547.436	6527.4
547.574	6480.7
547.712	6570.1
547.849	6553.8
547.987	6488.3
548.124	6512.5
548.262	6534.8
548.400	6583.8
548.537	6582.8
548.675	6585.1
548.813	6611.9
548.950	6598.3
549.088	6493
549.225	6549.1
549.363	6622.9
549.501	6608.8
549.638	6489.3
549.776	6566
549.914	6621
550.051	6511.2
550.189	6536
550.326	6549.6
550.464	6551.3
550.602	6561.6
550.739	6542.8
550.877	6535.5
551.015	6551.9
551.152	6542.5
551.290	6560.5
551.427	6518.7
551.565	6535.2
551.703	6597.9
551.840	6590.8
551.978	6598.3
552.116	6652
552.253	6641.4
552.391	6570.9
552.528	6579.6
552.666	6576.7
552.804	6530.6
552.941	6500.9
553.079	6516.2
553.217	6511.7
553.354	6592.1
553.492	6614.8
553.629	6602.8
553.767	6661.4
553.905	6641.8
554.042	6670.2
554.180	6652.9
554.317	6567.3
554.455	6562.3
554.593	6653.6
554.730	6659.9
554.868	6585.8
555.006	6548.7
555.143	6622.5
555.281	6559.6
555.418	6532.3
555.556	6671.5
555.694	6630.4
555.831	6650.3
555.969	6662
556.107	6628.3
556.244	6633
556.382	6616.8
556.519	6583.7
556.657	6656.9
556.795	6693.9
556.932	6650.9
557.070	6654.4
557.208	6542.9
557.345	6715
557.483	6629.8
557.620	6590.4
557.758	6563.2
557.896	6627.4
558.033	6646
558.171	6578.5
558.309	6564.7
558.446	6585.8
558.584	6609.8
558.721	6576.4
558.859	6590.5
558.997	6593.6
559.134	6649.2
559.272	6617.6
559.409	6643.7
559.547	6675.2
559.685	6616.8
559.822	6690.8
559.960	6721.8
560.098	6663.6
560.235	6585.6
560.373	6614.4
560.510	6754.3
560.648	6708
560.786	6699.3
560.923	6693.7
561.061	6707.3
561.199	6661.1
561.336	6686
561.474	6701.4
561.611	6732.3
561.749	6713.2
561.887	6689.6
562.024	6668.2
562.162	6643.9
562.300	6661.5
562.437	6680
562.575	6644.6
562.712	6813.1
562.850	6776.3
562.988	6762.4
563.125	6649.4
563.263	6638.6
563.401	6632.9
563.538	6640.8
563.676	6612.1
563.813	6675.1
563.951	6767.8
564.089	6775.1
564.226	6715.3
564.364	6715.5
564.502	6722.2
564.639	6673.6
564.777	6618.3
564.914	6612.2
565.052	6650.9
565.190	6661.2
565.327	6683.6
565.465	6700.4
565.602	6742.8
565.740	6777.3
565.878	6775.7
566.015	6699.8
566.153	6706.7
566.291	6760.9
566.428	6683.2
566.566	6589.2
566.703	6629.1
566.841	6594.5
566.979	6722.2
567.116	6762.4
567.254	6697.6
567.392	6658.4
567.529	6734.2
567.667	6670.3
567.804	6730.4
567.942	6714.6
568.080	6672.9
568.217	6690.4
568.355	6679.9
568.493	6674.7
568.630	6746.9
568.768	6739.3
568.905	6705.5
569.043	6653.2
569.181	6695.1
569.318	6715.7
569.456	6648.7
569.594	6726.1
569.731	6800
569.869	6769.1
570.006	6746.4
570.144	6708
570.282	6694.8
570.419	6702.1
570.557	6697.9
570.694	6701.4
570.832	6667.4
570.970	6741.9
571.107	6728.7
571.245	6690.5
571.383	6711.9
571.520	6763.5
571.658	6708.1
571.795	6716.5
571.933	6707.4
572.071	6773.9
572.208	6789.8
572.346	6682.9
572.484	6648.3
572.621	6721.6
572.759	6729.4
572.896	6730.9
573.034	6728.4
573.172	6709.8
573.309	6750.4
573.447	6795.7
573.585	6711.5
573.722	6788.6
573.860	6746.4
573.997	6715.1
574.135	6800.1
574.273	6856.5
574.410	6801.8
574.548	6776.7
574.686	6795.5
574.823	6751.9
574.961	6725.8
575.098	6808.4
575.236	6879
575.374	6758.9
575.511	6685.7
575.649	6740.2
575.787	6678.2
575.924	6829.3
576.062	6818.6
576.199	6717.8
576.337	6835.7
576.475	6771.4
576.612	6732.3
576.750	6759.1
576.887	6741
577.025	6784.7
577.163	6820.2
577.300	6803.3
577.438	6785.6
577.576	6800.1
577.713	6728.7
577.851	6691.2
577.988	6653.1
578.126	6673.4
578.264	6632.8
578.401	6751.4
578.539	6731.2
578.677	6694
578.814	6738.4
578.952	6790.3
579.089	6812.8
579.227	6790.9
579.365	6716.4
579.502	6718.2
579.640	6723
579.778	6775.7
579.915	6785.8
580.053	6805.8
580.190	6919.6
580.328	6887.5
580.466	6771.4
580.603	6770.5
580.741	6845.8
580.879	6807.2
581.016	6808.2
581.154	6821.9
581.291	6760.7
581.429	6743.9
581.567	6776.4
581.704	6742.2
581.842	6778.8
581.979	6693.2
582.117	6576.3
582.255	6750.5
582.392	6769.7
582.530	6785.2
582.668	6732.6
582.805	6722.6
582.943	6720.8
583.080	6749.6
583.218	6826.3
583.356	6804
583.493	6785.5
583.631	6842.9
583.769	6824.8
583.906	6809.7
584.044	6790.9
584.181	6708.9
584.319	6820.1
584.457	6812.5
584.594	6761.8
584.732	6838.2
584.870	6866.7
585.007	6883.4
585.145	6775.7
585.282	6785.9
585.420	6881.7
585.558	6852.3
585.695	6824.4
585.833	6819.2
585.971	6759.9
586.108	6765.2
586.246	6790
586.383	6818.1
586.521	6788.1
586.659	6734.8
586.796	6701.9
586.934	6745.7
587.072	6771.2
587.209	6735.9
587.347	6800.8
587.484	6815.6
587.622	6772.3
587.760	6739.8
587.897	6689.4
588.035	6771.9
588.172	6829.7
588.310	6784
588.448	6827.5
588.585	6750.3
588.723	6836.6
588.861	6795.6
588.998	6789.9
589.136	6816.2
589.273	6736.5
589.411	6799
589.549	6819.8
589.686	6701.2
589.824	6716.4
589.962	6885.8
590.099	6811.7
590.237	6755.1
590.374	6847.3
590.512	6855.4
590.650	6747.1
590.787	6733.1
590.925	6798.6
591.063	6736.1
591.200	6735.2
591.338	6780.4
591.475	6782.1
591.613	6862.4
591.751	6748.4
591.888	6779.7
592.026	6773.4
592.164	6892.2
592.301	6875.7
592.439	6783.2
592.576	6811.1
592.714	6791.6
592.852	6767.7
592.989	6835.1
593.127	6828.7
593.265	6794.4
593.402	6886.6
593.540	6736.4
593.677	6733
593.815	6760.8
593.953	6826
594.090	6883.1
594.228	6821.3
594.365	6837
594.503	6778.6
594.641	6759.3
594.778	6806.3
594.916	6761.7
595.054	6761.9
595.191	6753.8
595.329	6748.8
595.466	6840.6
595.604	6890.4
595.742	6777.1
595.879	6713.1
596.017	6789.3
596.155	6771
596.292	6778.1
596.430	6804.8
596.567	6933.2
596.705	6809.3
596.843	6814.4
596.980	6877.6
597.118	6822.5
597.256	6777.3
597.393	6727.6
597.531	6801
597.668	6795.5
597.806	6818.3
597.944	6865
598.081	6826.6
598.219	6862.1
598.357	6862.5
598.494	6734.2
598.632	6596.7
598.769	6790.6
598.907	6810.3
599.045	6730.8
599.182	6826.9
599.320	6894.1
599.457	6900.5
599.595	6765.8
599.733	6848.6
599.870	6934.8
600.008	6863.9
600.146	6816.2
600.283	6777.8
600.421	6776.5
600.558	6817.8
600.696	6836
600.834	6890.9
600.971	6886
601.109	6776.6
601.247	6836.3
601.384	6731
601.522	6741.5
601.659	6769
601.797	6809.5
601.935	6914.5
602.072	6773.3
602.210	6963.2
602.348	6897.3
602.485	6793.9
602.623	6808.5
602.760	6825.2
602.898	6836.4
603.036	6845.7
603.173	6830.6
603.311	6826.5
603.449	6813.1
603.586	6798.4
603.724	6922.3
603.861	6878.8
603.999	6802
604.137	6829.3
604.274	6888
604.412	6889.4
604.550	6901.5
604.687	6895.7
604.825	6833
604.962	6853.5
605.100	6865.5
605.238	6949
605.375	6989.1
605.513	6919.3
605.650	6826.6
605.788	6808.7
605.926	6830.7
606.063	6855.9
606.201	6908
606.339	6847.3
606.476	6785.9
606.614	6842.6
606.751	6780.6
606.889	6825.9
607.027	6730.6
607.164	6834
607.302	6771.7
607.440	6748.5
607.577	6828
607.715	6823
607.852	6838.6
607.990	6934.7
608.128	6935.3
608.265	6841.7
608.403	6839.7
608.541	6821.2
608.678	6762.2
608.816	6823.3
608.953	6814.7
609.091	6802.8
609.229	6808.1
609.366	6803.7
609.504	6874.4
609.642	6976.3
609.779	6843.5
609.917	6829.1
610.054	6856.8
610.192	6833.4
610.330	6727
610.467	6847.1
610.605	6830
610.742	6799.8
610.880	6866.3
611.018	6856
611.155	6848.4
611.293	6879
611.431	6839.3
611.568	6800.2
611.706	6781.2
611.843	6755.6
611.981	6854.3
612.119	6733.1
612.256	6805.7
612.394	6785.5
612.532	6808.6
612.669	6809.6
612.807	6794.5
612.944	6821.9
613.082	6819.6
613.220	6839.2
613.357	6821.9
613.495	6899
613.633	6837.8
613.770	6778.2
613.908	6817.6
614.045	6817.5
614.183	6800.1
614.321	6867.1
614.458	6866.3
614.596	6795.6
614.734	6849
614.871	6841.6
615.009	6867.2
615.146	6789.3
615.284	6793
615.422	6826.7
615.559	6804.8
615.697	6879.3
615.835	6783.7
615.972	6820.7
616.110	6776.3
616.247	6758.3
616.385	6762.9
616.523	6836.6
616.660	6837.9
616.798	6820.2
616.935	6850.8
617.073	6820
617.211	6770.4
617.348	6829.1
617.486	6881.4
617.624	6829.2
617.761	6771.4
617.899	6736.3
618.036	6831.1
618.174	6737.6
618.312	6853.2
618.449	6692.4
618.587	6806.9
618.725	6835.4
618.862	6759.3
619.000	6823.3
619.137	6866.5
619.275	6819.9
619.413	6785.7
619.550	6831.3
619.688	6840.9
619.826	6798.5
619.963	6770.4
620.101	6794.2
620.238	6833
620.376	6852.7
620.514	6822.3
620.651	6847
620.789	6818.2
620.927	6856.3
621.064	6851.7
621.202	6818.4
621.339	6755
621.477	6762.1
621.615	6815.7
621.752	6813.3
621.890	6855.9
622.027	6842.2
622.165	6840.5
622.303	6787.1
622.440	6792.1
622.578	6857.6
622.716	6891.8
622.853	6833.8
622.991	6800.3
623.128	6836.8
623.266	6856
623.404	6823.4
623.541	6837.1
623.679	6841.1
623.817	6896.1
623.954	6817.4
624.092	6771.6
624.229	6892.7
624.367	6896.6
624.505	6899
624.642	6843
624.780	6930.3
624.918	6844.1
625.055	6833.2
625.193	6872.1
625.330	6815.3
625.468	6835.1
625.606	6845.4
625.743	6847.2
625.881	6832.9
626.019	6821.7
626.156	6863.9
626.294	6912.5
626.431	6916.6
626.569	6834
626.707	6799.6
626.844	6863.6
626.982	6901.7
627.120	6897.2
627.257	6804.5
627.395	6779.1
627.532	6807.8
627.670	6797.3
627.808	6824.9
627.945	6909.2
628.083	6788.8
628.220	6870.2
628.358	6755.9
628.496	6790.7
628.633	6806.4
628.771	6919.5
628.909	6876.1
629.046	6857.6
629.184	6816.6
629.321	6813.3
629.459	6785.1
629.597	6814.4
629.734	6805.6
629.872	6844.4
630.010	6856
630.147	6839.1
630.285	6808.6
630.422	6822.6
630.560	6837.1
630.698	6839.5
630.835	6937.8
630.973	6873.3
631.111	6927.1
631.248	6888.4
631.386	6798.2
631.523	6853.1
631.661	6951.4
631.799	6836
631.936	6872.9
632.074	6817.5
632.212	6835.3
632.349	6897.1
632.487	6851.2
632.624	6807.3
632.762	6840.7
632.900	6837.2
633.037	6846.6
633.175	6872.6
633.313	6859.3
633.450	6809.1
633.588	6805.1
633.725	6843.5
633.863	6869.6
634.001	6844.1
634.138	6846.6
634.276	6896.4
634.413	6864.9
634.551	6837
634.689	6804.3
634.826	6838
634.964	6905.4
635.102	6864.9
635.239	6908.9
635.377	6875.7
635.514	6898
635.652	6886
635.790	6853.8
635.927	6830.3
636.065	6863.4
636.203	6885
636.340	6851.4
636.478	6881.7
636.615	6919.2
636.753	6843.6
636.891	6798.7
637.028	6860.4
637.166	6873.3
637.304	6890.5
637.441	6903.5
637.579	6905.2
637.716	6810.8
637.854	6791.5
637.992	6906.2
638.129	6814.4
638.267	6813.3
638.405	6829.3
638.542	6955.4
638.680	6823.7
638.817	6830.2
638.955	6865.8
639.093	6784.6
639.230	6880.7
639.368	6908.7
639.505	6869
639.643	6782.4
639.781	6888.7
639.918	6905.5
640.056	6853.7
640.194	6864.9
640.331	6845.6
640.469	6879.2
640.606	6897.4
640.744	6867.3
640.882	6865.7
641.019	6872.6
641.157	6892
641.295	6895.9
641.432	6878.6
641.570	6846.4
641.707	6859.6
641.845	6889.5
641.983	6882.8
642.120	6880.8
642.258	6878.8
642.396	6888.6
642.533	6947.1
642.671	6906.6
642.808	6776.5
642.946	6806.2
643.084	6807.3
643.221	6839.8
643.359	6934.2
643.497	6931.6
643.634	6841
643.772	6806.5
643.909	6820.7
644.047	6790.6
644.185	6870.1
644.322	6869.1
644.460	6862.1
644.598	6845.9
644.735	6869.1
644.873	6894.5
645.010	6903.3
645.148	6849.9
645.286	6808.6
645.423	6864.2
645.561	6881.2
645.698	6851.2
645.836	6807.1
645.974	6899.9
646.111	6933.8
646.249	6870.7
646.387	6854.8
646.524	6845.5
646.662	6838
646.799	6928.9
646.937	6928.6
647.075	6862.3
647.212	6857.9
647.350	6904.1
647.488	6843.7
647.625	6890.9
647.763	6952.5
647.900	6917.3
648.038	6899.5
648.176	6842.8
648.313	6857.7
648.451	6883.2
648.589	6925.8
648.726	6907.3
648.864	6870.4
649.001	6830.3
649.139	6880.5
649.277	6877.3
649.414	6841.9
649.552	6893.7
649.690	6892.2
649.827	6902.8
649.965	6815.4
650.102	6899.6
650.240	6824
650.378	6892.8
650.515	6880.5
650.653	6888.6
650.790	6794.6
650.928	6896
651.066	6814.8
651.203	6871.3
651.341	6917.9
651.479	6853.3
651.616	6841.4
651.754	6809
651.891	6819.1
652.029	6865.7
652.167	6890.8
652.304	6895.3
652.442	6881.2
652.580	6882
652.717	6865.5
652.855	6823
652.992	6870
653.130	6875.2
653.268	6911.2
653.405	6861.2
653.543	6906.5
653.681	6933
653.818	6905.8
653.956	6879.2
654.093	6891.6
654.231	6882.9
654.369	6871.9
654.506	6898.1
654.644	6908.2
654.782	6788.7
654.919	6859.9
655.057	6934.6
655.194	6873.3
655.332	6902.9
655.470	6950.2
655.607	6947.7
655.745	6972.1
655.883	6936.4
656.020	6864.6
656.158	6873.6
656.295	6893.1
656.433	6941.9
656.571	6947.4
656.708	6933.5
656.846	6921.6
656.983	6851.5
657.121	6914.7
657.259	6888
657.396	6996.1
657.534	6858.2
657.672	6924.6
657.809	6942.6
657.947	6914.3
658.084	6898.9
658.222	6942.4
658.360	6908
658.497	6804
658.635	6810.4
658.773	6891.5
658.910	6918
659.048	6869.7
659.185	6909.6
659.323	6859.4
659.461	6835.9
659.598	6898.2
659.736	6903.5
659.874	6853.6
660.011	6974.9
660.149	6868.3
660.286	6801.4
660.424	6869.7
660.562	6834.3
660.699	6820.8
660.837	6891.8
660.975	6902.5
661.112	6849.4
661.250	6868
661.387	6865.7
661.525	6912
661.663	6929.4
661.800	6953.5
661.938	6883.7
662.076	6827.5
662.213	6811.8
662.351	6855.3
662.488	6878.4
662.626	6900.5
662.764	6924.8
662.901	6884.2
663.039	6883.6
663.176	6829.6
663.314	6834.7
663.452	6858.1
663.589	6858.9
663.727	6892.8
663.865	6907.6
664.002	6915.5
664.140	6872.6
664.277	6851.5
664.415	6864.1
664.553	6897.3
664.690	6917.3
664.828	6978.7
664.966	6900.9
665.103	6821.5
665.241	6854.6
665.378	6859
665.516	6893.4
665.654	6928.4
665.791	6930
665.929	6921.7
666.067	6981.2
666.204	6862.6
666.342	6841.4
666.479	6862.5
666.617	6918.3
666.755	6863.3
666.892	6933.5
667.030	6990.5
667.168	6947
667.305	6965.9
667.443	6854.3
667.580	6819.5
667.718	6838
667.856	6826.1
667.993	6842.8
668.131	6889
668.268	6861.7
668.406	6867.7
668.544	6893.1
668.681	6879.6
668.819	6883.2
668.957	6950.1
669.094	6991.5
669.232	6935.6
669.369	6929.5
669.507	6885
669.645	6984.7
669.782	6947.8
669.920	6920.1
670.058	6919.3
670.195	6941.8
670.333	6932.5
670.470	6915.8
670.608	6923.4
670.746	6937.2
670.883	6900.5
671.021	6898.1
671.159	6930.4
671.296	6942.2
671.434	6899.6
671.571	6869.6
671.709	6925.9
671.847	6985.9
671.984	6965.6
672.122	6940.8
672.260	6972.8
672.397	6855.4
672.535	6912.1
672.672	6936.8
672.810	6914.2
672.948	6889.6
673.085	6835
673.223	6913.3
673.361	6980.3
673.498	6930.2
673.636	6900.1
673.773	6907.1
673.911	6899.4
674.049	6923.7
674.186	6919.2
674.324	6927.5
674.461	6919.4
674.599	6889.9
674.737	6952.8
674.874	6944.6
675.012	6874
675.150	6886.7
675.287	6973.1
675.425	6965.4
675.562	6983.5
675.700	7001.7
675.838	6950.5
675.975	6919.1
676.113	6932.5
676.251	6924.8
676.388	6905.8
676.526	6949.9
676.663	6981.1
676.801	6969.3
676.939	7051.5
677.076	6986.2
677.214	6960.3
677.352	6926.7
677.489	7004.3
677.627	6973.2
677.764	7016.6
677.902	6960.9
678.040	6962.9
678.177	6960
678.315	6948.5
678.453	6956.2
678.590	6964.3
678.728	6962.4
678.865	6957.8
679.003	6991.9
679.141	6998
679.278	7022.2
679.416	7085.7
679.553	7006.9
679.691	6920.5
679.829	6949.7
679.966	6918.7
680.104	6951.8
680.242	6961.3
680.379	7041.2
680.517	7050.5
680.654	7076.7
680.792	6973.3
680.930	6896.7
681.067	7018.4
681.205	7065
681.343	6980.5
681.480	6911
681.618	6954.2
681.755	6950.4
681.893	6941.6
682.031	6938.8
682.168	6981.2
682.306	7011.3
682.444	7014.3
682.581	7042.4
682.719	7062.9
682.856	7062.9
682.994	6991.6
683.132	6979.1
683.269	6993.3
683.407	7059.7
683.545	7019
683.682	7025.5
683.820	6953.9
683.957	6941
684.095	7002.2
684.233	7026
684.370	7047.9
684.508	6959.1
684.646	6988.1
684.783	6989.5
684.921	6936.4
685.058	6934
685.196	6958.1
685.334	6999.8
685.471	7025.7
685.609	7034.5
685.746	7033.9
685.884	6993.9
686.022	6986.7
686.159	6987.9
686.297	7007.1
686.435	7013.3
686.572	6988.5
686.710	7000
686.847	7064.4
686.985	6956.3
687.123	6996.4
687.260	7133.2
687.398	7082.6
687.536	7051.4
687.673	7005.8
687.811	7037.8
687.948	7081.2
688.086	7117.1
688.224	7047.9
688.361	7013.6
688.499	7093.1
688.637	7147.4
688.774	7093.7
688.912	7036.6
689.049	7065.1
689.187	7088.8
689.325	7117.7
689.462	7073.5
689.600	7089.3
689.738	7132.1
689.875	6984.5
690.013	7020.5
690.150	7028.5
690.288	7134.9
690.426	7048.7
690.563	7115.9
690.701	7106.4
690.838	7074.4
690.976	7103.1
691.114	7049.2
691.251	7083.3
691.389	7132
691.527	7081.7
691.664	7043.8
691.802	7052
691.939	7068.5
692.077	7115.6
692.215	7080.9
692.352	7017.6
692.490	7070.6
692.628	7102.3
692.765	7124.1
692.903	7104.2
693.040	7155.3
693.178	7126.2
693.316	7110
693.453	7143.8
693.591	7164.8
693.729	7122.7
693.866	7115.8
694.004	7025.3
694.141	7126.1
694.279	7169.7
694.417	7213.2
694.554	7172
694.692	7161.5
694.830	7130.3
694.967	7089.6
695.105	7182.5
695.242	7171.4
695.380	7159.4
695.518	7142.9
695.655	7169.2
695.793	7073.2
695.931	7234.9
696.068	7219.5
696.206	7209.5
696.343	7327.9
696.481	7192.6
696.619	7231.1
696.756	7150.9
696.894	7213.3
697.031	7205.4
697.169	7198.3
697.307	7205.2
697.444	7247.3
697.582	7197.2
697.720	7224.9
697.857	7265.3
697.995	7273.4
698.132	7267.4
698.270	7222.4
698.408	7178.5
698.545	7149.6
698.683	7139.3
698.821	7180.8
698.958	7144.9
699.096	7225.9
699.233	7285.6
699.371	7298.5
699.509	7248.9
699.646	7288.5
699.784	7323.6
699.922	7269.1
700.059	7192.1
700.197	7268.9
700.334	7281.5
700.472	7292
700.610	7356.5
700.747	7220.6
700.885	7195.3
701.023	7212.4
701.160	7255.6
701.298	7212
701.435	7232.2
701.573	7228.4
701.711	7176.7
701.848	7182.1
701.986	7191.7
702.124	7239.1
702.261	7328.9
702.399	7330.3
702.536	7306.9
702.674	7297.3
702.812	7302.7
702.949	7269.9
703.087	7297.1
703.224	7370.7
703.362	7354.6
703.500	7220.9
703.637	7361.3
703.775	7492.9
703.913	7357.8
704.050	7402
704.188	7424
704.325	7294.2
704.463	7394
704.601	7433
704.738	7322.2
704.876	7266
705.014	7255.4
705.151	7306.9
705.289	7346.8
705.426	7370.3
705.564	7405.7
705.702	7413.5
705.839	7382.8
705.977	7334.8
706.115	7345.9
706.252	7377.6
706.390	7454
706.527	7415.2
706.665	7278.2
706.803	7435.7
706.940	7410.2
707.078	7347.9
707.216	7396.3
707.353	7372.8
707.491	7446.2
707.628	7412.3
707.766	7309
707.904	7461.8
708.041	7365.3
708.179	7372.6
708.316	7347.4
708.454	7290.8
708.592	7341.3
708.729	7423.7
708.867	7432.4
709.005	7497.7
709.142	7439.7
709.280	7310.3
709.417	7314.2
709.555	7432.8
709.693	7477.6
709.830	7340.7
709.968	7332.5
710.106	7453.3
710.243	7441.6
710.381	7491.6
710.518	7465.8
710.656	7359.4
710.794	7453.7
710.931	7425.3
711.069	7388.6
711.207	7373.5
711.344	7469.6
711.482	7499.4
711.619	7477
711.757	7375.2
711.895	7391.5
712.032	7399.9
712.170	7499.2
712.308	7588.4
712.445	7549
712.583	7416.3
712.720	7405.6
712.858	7417.2
712.996	7502.9
713.133	7566.3
713.271	7476.6
713.409	7448.4
713.546	7448.1
713.684	7438.8
713.821	7445.6
713.959	7445.5
714.097	7603.8
714.234	7532.2
714.372	7414.8
714.509	7613.5
714.647	7511.2
714.785	7367.8
714.922	7462.3
715.060	7500.7
715.198	7482.3
715.335	7473
715.473	7454.1
715.610	7467.2
715.748	7593.5
715.886	7551.3
716.023	7606.6
716.161	7467.7
716.299	7399.1
716.436	7585.4
716.574	7428.3
716.711	7480.6
716.849	7522
716.987	7603.5
717.124	7454.6
717.262	7410.5
717.400	7473.6
717.537	7501.7
717.675	7489.3
717.812	7551.2
717.950	7693.9
718.088	7616.7
718.225	7468.7
718.363	7516
718.501	7505.6
718.638	7533.7
718.776	7488
718.913	7455.3
719.051	7552.3
719.189	7558.6
719.326	7468.4
719.464	7694.2
719.601	7654.2
719.739	7467.4
719.877	7523.3
720.014	7553.7
720.152	7563.8
720.290	7491.8
720.427	7683.5
720.565	7587.7
720.702	7602.9
720.840	7571.8
720.978	7515.1
721.115	7502.2
721.253	7640.6
721.391	7708
721.528	7633.4
721.666	7548.5
721.803	7563.1
721.941	7541.6
722.079	7576.1
722.216	7534.8
722.354	7508.2
722.492	7470.7
722.629	7449.1
722.767	7595.2
722.904	7670.7
723.042	7573.6
723.180	7521
723.317	7512.4
723.455	7495.7
723.593	7529.9
723.730	7602.4
723.868	7512.1
724.005	7603.3
724.143	7550.5
724.281	7614.7
724.418	7619.8
724.556	7594.7
724.694	7497.5
724.831	7543.1
724.969	7578.2
725.106	7575.9
725.244	7538.1
725.382	7584.5
725.519	7647.7
725.657	7662.6
725.794	7665.9
725.932	7637
726.070	7721.6
726.207	7625.1
726.345	7611.6
726.483	7476
726.620	7659.5
726.758	7643.3
726.895	7592.2
727.033	7653.8
727.171	7643.2
727.308	7625.4
727.446	7599.9
727.584	7565.5
727.721	7592.4
727.859	7691.4
727.996	7721.3
728.134	7551.2
728.272	7439.9
728.409	7539.8
728.547	7653
728.685	7724.3
728.822	7634.1
728.960	7685.9
729.097	7669.3
729.235	7645.1
729.373	7618
729.510	7611.2
729.648	7629.5
729.786	7646.5
729.923	7598
730.061	7608.8
730.198	7654.6
730.336	7722.4
730.474	7529.7
730.611	7616.5
730.749	7707.4
730.887	7571.1
731.024	7534.5
731.162	7621.3
731.299	7635.2
731.437	7638.3
731.575	7688.5
731.712	7692.5
731.850	7614.5
731.987	7627.6
732.125	7634.9
732.263	7580
732.400	7587.8
732.538	7586.1
732.676	7695.7
732.813	7662.3
732.951	7578.4
733.088	7595.2
733.226	7722.8
733.364	7771.9
733.501	7636.6
733.639	7535.3
733.777	7597.1
733.914	7686.6
734.052	7685.2
734.189	7633.8
734.327	7577.7
734.465	7693.4
734.602	7824.6
734.740	7651.5
734.878	7655
735.015	7643.1
735.153	7612
735.290	7652.2
735.428	7608.6
735.566	7576
735.703	7620.9
735.841	7585.8
735.979	7618.2
736.116	7487.3
736.254	7661.3
736.391	7612.3
736.529	7679.2
736.667	7675.7
736.804	7610.8
736.942	7794.7
737.079	7736.8
737.217	7632.4
737.355	7634.3
737.492	7714
737.630	7628.4
737.768	7680.2
737.905	7628.8
738.043	7713.9
738.180	7622.3
738.318	7562
738.456	7635.4
738.593	7627.1
738.731	7716.4
738.869	7714.8
739.006	7679.7
739.144	7698.9
739.281	7739
739.419	7617.3
739.557	7589.2
739.694	7623.7
739.832	7626.7
739.970	7662
740.107	7746
740.245	7752.1
740.382	7649.1
740.520	7590.1
740.658	7591.5
740.795	7586.6
740.933	7595.1
741.071	7684.8
741.208	7711.4
741.346	7700.9
741.483	7612.1
741.621	7625.1
741.759	7621
741.896	7652.8
742.034	7652.8
742.172	7688.5
742.309	7712.8
742.447	7649
742.584	7581
742.722	7598
742.860	7677.5
742.997	7606.4
743.135	7658.6
743.272	7722.2
743.410	7707.9
743.548	7671.2
743.685	7714.6
743.823	7598.3
743.961	7647
744.098	7668.1
744.236	7614
744.373	7632.5
744.511	7642.2
744.649	7644.4
744.786	7677.1
744.924	7596.4
745.062	7685
745.199	7660.1
745.337	7540.8
745.474	7591.5
745.612	7613.2
745.750	7530.3
745.887	7610
746.025	7646.7
746.163	7556.2
746.300	7512.1
746.438	7565.9
746.575	7614.6
746.713	7640.7
746.851	7664.1
746.988	7618.1
747.126	7636.3
747.264	7676.9
747.401	7722.7
747.539	7650.1
747.676	7629.8
747.814	7680
747.952	7676.8
748.089	7630.5
748.227	7622.8
748.364	7630.4
748.502	7628.7
748.640	7625
748.777	7588.1
748.915	7571.2
749.053	7559.6
749.190	7610.1
749.328	7684.9
749.465	7626.9
749.603	7616.4
749.741	7615.7
749.878	7580.9
750.016	7609.3
750.154	7606.9
750.291	7639.7
750.429	7573.6
750.566	7622.1
750.704	7587.5
750.842	7656.6
750.979	7719.5
751.117	7716.1
751.255	7546.6
751.392	7640.4
751.530	7671.7
751.667	7664.9
751.805	7647.9
751.943	7655.3
752.080	7691.5
752.218	7819.4
752.356	7668.2
752.493	7748.1
752.631	7681.2
752.768	7781.3
752.906	7680.4
753.044	7621.1
753.181	7700.4
753.319	7630.6
753.457	7649.3
753.594	7600
753.732	7737.9
753.869	7556.3
754.007	7768.9
754.145	7687.5
754.282	7633.9
754.420	7546.6
754.557	7597.8
754.695	7626.5
754.833	7547.3
754.970	7761.2
755.108	7758.6
755.246	7720.1
755.383	7668.2
755.521	7572.2
755.658	7609.7
755.796	7601
755.934	7616.4
756.071	7611.8
756.209	7583.8
756.347	7604
756.484	7661
756.622	7631.3
756.759	7740.3
756.897	7759.8
757.035	7732
757.172	7727.7
757.310	7689.3
757.448	7677.4
757.585	7657.6
757.723	7634.5
757.860	7652.7
757.998	7622
758.136	7606.7
758.273	7682.9
758.411	7660.1
758.549	7646.2
758.686	7675.8
758.824	7746
758.961	7736.7
759.099	7671.1
759.237	7736.9
759.374	7606.3
759.512	7573.1
759.649	7673.1
759.787	7673.5
759.925	7681.1
760.062	7674.2
760.200	7633.9
760.338	7689.9
760.475	7730
760.613	7663.2
760.750	7726.1
760.888	7740.6
761.026	7701.6
761.163	7681.9
761.301	7664.9
761.439	7676.6
761.576	7697.4
761.714	7774.9
761.851	7768.6
761.989	7726.4
762.127	7608.4
762.264	7678.8
762.402	7661.1
762.540	7708.5
762.677	7678.6
762.815	7683.4
762.952	7690.4
763.090	7649.7
763.228	7651.9
763.365	7665
763.503	7723.9
763.641	7697.7
763.778	7708.7
763.916	7688.9
764.053	7636.3
764.191	7651.7
764.329	7734.4
764.466	7695.5
764.604	7705.5
764.742	7625.3
764.879	7650.6
765.017	7679.7
765.154	7719.7
765.292	7727.7
765.430	7647
765.567	7719.3
765.705	7619.3
765.842	7647.1
765.980	7605
766.118	7754.6
766.255	7687.1
766.393	7643.9
766.531	7671.3
766.668	7755.9
766.806	7703.8
766.943	7668
767.081	7705.6
767.219	7649.6
767.356	7719.8
767.494	7668.9
767.632	7737.8
767.769	7750.8
767.907	7664.3
768.044	7812.3
768.182	7817.4
768.320	7734.3
768.457	7821.5
768.595	7797.6
768.733	7690.5
768.870	7676.6
769.008	7705.8
769.145	7774.7
769.283	7806.6
769.421	7702.4
769.558	7703.6
769.696	7681.4
769.834	7665.6
769.971	7760.3
770.109	7718.7
770.246	7732.6
770.384	7736.4
770.522	7660.3
770.659	7693.3
770.797	7766.6
770.935	7669.7
771.072	7704.9
771.210	7580.4
771.347	7648.6
771.485	7584.7
771.623	7707
771.760	7765.4
771.898	7722.2
772.035	7668.8
772.173	7723.5
772.311	7739.5
772.448	7774.4
772.586	7761.8
772.724	7740.1
772.861	7696.3
772.999	7685.5
773.136	7794
773.274	7732.2
773.412	7730.1
773.549	7779.5
773.687	7705
773.825	7632.4
773.962	7733.7
774.100	7681.6
774.237	7769
774.375	7761.1
774.513	7719.3
774.650	7734.5
774.788	7718
774.926	7710.6
775.063	7707.9
775.201	7764.4
775.338	7716.1
775.476	7702.5
775.614	7717
775.751	7656.5
775.889	7781.4
776.027	7671.5
776.164	7664.7
776.302	7771
776.439	7694.9
776.577	7751.7
776.715	7758.4
776.852	7736
776.990	7817.8
777.127	7749.4
777.265	7719.9
777.403	7756.6
777.540	7757.8
777.678	7719.1
777.816	7641
777.953	7766.4
778.091	7744.1
778.228	7699.9
778.366	7740.2
778.504	7808.4
778.641	7830.5
778.779	7873.6
778.917	7765.8
779.054	7718.9
779.192	7722.8
779.329	7756.5
779.467	7778.8
779.605	7763.3
779.742	7723.5
779.880	7668.1
780.018	7755.1
780.155	7790.7
780.293	7823.9
780.430	7810.2
780.568	7732.6
780.706	7735.7
780.843	7750.9
780.981	7813.9
781.119	7710.3
781.256	7876.7
781.394	7705.7
781.531	7779.9
781.669	7663.5
781.807	7690.6
781.944	7647.2
782.082	7761.7
782.220	7788.3
782.357	7750.1
782.495	7757.7
782.632	7761.3
782.770	7740
782.908	7752.4
783.045	7661.6
783.183	7794.8
783.320	7847.4
783.458	7772.8
783.596	7678.9
783.733	7635.4
783.871	7719.8
784.009	7659.4
784.146	7683.1
784.284	7732.7
784.421	7698
784.559	7747.4
784.697	7784.1
784.834	7721
784.972	7714.5
785.110	7783.9
785.247	7786.3
785.385	7757.7
785.522	7680.8
785.660	7712.2
785.798	7627.7
785.935	7790.8
786.073	7641.1
786.211	7741.9
786.348	7696.5
786.486	7626.5
786.623	7697.2
786.761	7665.9
786.899	7628
787.036	7723.6
787.174	7708.3
787.312	7629.5
787.449	7678
787.587	7690.2
787.724	7726.8
787.862	7779.7
788.000	7679.5
788.137	7669.8
788.275	7683.6
788.412	7684.6
788.550	7673.2
788.688	7666.2
788.825	7720.8
788.963	7712.2
789.101	7659.5
789.238	7674.6
789.376	7791.6
789.513	7803.2
789.651	7726.3
789.789	7758.5
789.926	7672.5
790.064	7671.5
790.202	7790.9
790.339	7820.2
790.477	7777.2
790.614	7705.7
790.752	7762.4
790.890	7744.2
791.027	7718.4
791.165	7759.2
791.303	7835
791.440	7791.4
791.578	7752.9
791.715	7691.2
791.853	7685.3
791.991	7731.6
792.128	7712.1
792.266	7771.7
792.404	7770.4
792.541	7700.2
792.679	7718.5
792.816	7725.8
792.954	7727.2
793.092	7808.9
793.229	7768.9
793.367	7657.9
793.505	7746.2
793.642	7842
793.780	7813
793.917	7718.8
794.055	7713.4
794.193	7656.8
794.330	7667.7
794.468	7765.3
794.605	7825.5
794.743	7851.1
794.881	7706.1
795.018	7713.5
795.156	7752.8
795.294	7843.2
795.431	7777.1
795.569	7778.7
795.706	7803
795.844	7778
795.982	7714
796.119	7729.5
796.257	7732.6
796.395	7725
796.532	7701.9
796.670	7731.6
796.807	7740.6
796.945	7691.6
797.083	7685.6
797.220	7667.4
797.358	7669.6
797.496	7670.5
797.633	7686.1
797.771	7659.6
797.908	7650
798.046	7624.6
798.184	7731.8
798.321	7773
798.459	7743.2
798.597	7687.7
798.734	7763.2
798.872	7791.6
799.009	7765.6
799.147	7736
799.285	7763.4
799.422	7719.4
799.560	7781.9
799.698	7700.7
799.835	7639.7
799.973	7687.2
800.110	7672.8
800.248	7660.5
800.386	7641.4
800.523	7749.7
800.661	7731.6
800.798	7707.8
800.936	7673.1
801.074	7735.1
801.211	7686.8
801.349	7781.6
801.487	7717.6
801.624	7634.9
801.762	7625.3
801.899	7698.5
802.037	7717.4
802.175	7586
802.312	7683.7
802.450	7656.4
802.588	7631.2
802.725	7687.2
802.863	7582.2
803.000	7713.5
803.138	7695.7
803.276	7591.1
803.413	7644.4
803.551	7683.1
803.689	7619
803.826	7707.9
803.964	7754.1
804.101	7658.9
804.239	7542.8
804.377	7677.5
804.514	7704.8
804.652	7639.8
804.790	7604.1
804.927	7641.2
805.065	7680.3
805.202	7720.9
805.340	7690.5
805.478	7633.2
805.615	7670.4
805.753	7693.8
805.890	7652.5
806.028	7628.3
806.166	7659.4
806.303	7686.3
806.441	7697.5
806.579	7676.9
806.716	7719.7
806.854	7720.6
806.991	7678.5
807.129	7635.2
807.267	7721.3
807.404	7713
807.542	7660.8
807.680	7713.2
807.817	7662.4
807.955	7647.2
808.092	7542.9
808.230	7628
808.368	7605.6
808.505	7644.2
808.643	7560.3
808.781	7705.8
808.918	7623.2
809.056	7741.4
809.193	7604.9
809.331	7600
809.469	7728.7
809.606	7740.1
809.744	7726.4
809.882	7690.4
810.019	7644.5
810.157	7693.4
810.294	7616.2
810.432	7585.3
810.570	7619
810.707	7690.8
810.845	7664.6
810.983	7676
811.120	7687.9
811.258	7530.1
811.395	7589.1
811.533	7631.4
811.671	7664.5
811.808	7660.6
811.946	7634
812.083	7652
812.221	7682.3
812.359	7647.7
812.496	7707
812.634	7723.6
812.772	7604.5
812.909	7688.4
813.047	7719.3
813.184	7660
813.322	7620.5
813.460	7612.1
813.597	7623.4
813.735	7581.6
813.873	7657.3
814.010	7652.6
814.148	7657.1
814.285	7690.6
814.423	7675.7
814.561	7667.7
814.698	7667.8
814.836	7626.9
814.974	7718.2
815.111	7681.6
815.249	7656.2
815.386	7593.5
815.524	7613.2
815.662	7643.2
815.799	7567.8
815.937	7609.9
816.075	7662.9
816.212	7612.2
816.350	7551.9
816.487	7540.9
816.625	7661.3
816.763	7700.4
816.900	7602
817.038	7746.3
817.175	7609.5
817.313	7657.1
817.451	7583
817.588	7740.1
817.726	7597.3
817.864	7658.8
818.001	7578.7
818.139	7760.5
818.276	7541.6
818.414	7809.9
818.552	7683.7
818.689	7550.3
818.827	7619.6
818.965	7679.5
819.102	7626.8
819.240	7712.8
819.377	7667.5
819.515	7656.5
819.653	7590.4
819.790	7600.1
819.928	7712.3
820.066	7685
820.203	7603.1
820.341	7544.8
820.478	7632.3
820.616	7572.7
820.754	7593.3
820.891	7621.8
821.029	7636.8
821.167	7621.1
821.304	7612.8
821.442	7725.7
821.579	7654
821.717	7619.7
821.855	7578.1
821.992	7607.5
822.130	7702.7
822.268	7603.8
822.405	7662.3
822.543	7660.9
822.680	7612.1
822.818	7582
822.956	7722.9
823.093	7692.2
823.231	7653.6
823.368	7636.2
823.506	7643
823.644	7686
823.781	7688.5
823.919	7631.1
824.057	7640
824.194	7627.9
824.332	7615.6
824.469	7567.5
824.607	7560.3
824.745	7650.3
824.882	7657.6
825.020	7616.5
825.158	7631.6
825.295	7694.7
825.433	7737.8
825.570	7680
825.708	7658.8
825.846	7709.5
825.983	7636.8
826.121	7593.4
826.259	7636.3
826.396	7767.8
826.534	7739.7
826.671	7724.4
826.809	7797.3
826.947	7691.7
827.084	7568
827.222	7564.3
827.360	7614.8
827.497	7672.3
827.635	7647.4
827.772	7646.3
827.910	7674.3
828.048	7594.1
828.185	7550.8
828.323	7606
828.460	7602.3
828.598	7640.3
828.736	7633.5
828.873	7584.8
829.011	7541.7
829.149	7762.1
829.286	7658.9
829.424	7658
829.561	7609.4
829.699	7618.6
829.837	7705.3
829.974	7605.7
830.112	7550.9
830.250	7669.2
830.387	7640.3
830.525	7626.7
830.662	7645.5
830.800	7579.7
830.938	7621.5
831.075	7550.6
831.213	7493.7
831.351	7584.7
831.488	7580.3
831.626	7594.3
831.763	7705.2
831.901	7490.6
832.039	7562.4
832.176	7594.4
832.314	7531.9
832.452	7528.7
832.589	7639.1
832.727	7615.1
832.864	7568.3
833.002	7768.5
833.140	7545.1
833.277	7624.8
833.415	7636.5
833.553	7695.4
833.690	7753.9
833.828	7496.7
833.965	7728.9
834.103	7732.6
834.241	7631.6
834.378	7502.8
834.516	7670.9
834.653	7625.6
834.791	7691.3
834.929	7674.4
835.066	7640.6
835.204	7651.6
835.342	7643.5
835.479	7663.8
835.617	7603.9
835.754	7574.9
835.892	7728.5
836.030	7630.6
836.167	7380.1
836.305	7527.1
836.443	7628
836.580	7634.8
836.718	7626.8
836.855	7715.3
836.993	7534.4
837.131	7617.3
837.268	7545.2
837.406	7515.4
837.544	7751.7
837.681	7693.9
837.819	7586.4
837.956	7725.1
838.094	7687.1
838.232	7779.3
838.369	7601.5
838.507	7575.8
838.645	7725.6
838.782	7647.6
838.920	7691.3
839.057	7684.1
839.195	7636.6
839.333	7760.4
839.470	7837
839.608	7727.9
839.746	7696.1
839.883	7769.7
840.021	7573.6
840.158	7605.3
840.296	7641.3
840.434	7566.8
840.571	7623.5
840.709	7622.1
840.846	7685.8
840.984	7626
841.122	7544
841.259	7553.5
841.397	7498.2
841.535	7511.3
841.672	7706.5
841.810	7660.2
841.947	7480.3
842.085	7620.5
842.223	7812.5
842.360	7546.1
842.498	7702.4
842.636	7606.3
842.773	7640.4
842.911	7713.6
843.048	7486.8
843.186	7634.6
843.324	7627.2
843.461	7642
843.599	7462.7
843.737	7570.9
843.874	7540.7
844.012	7505.4
844.149	7678.5
844.287	7646.7
844.425	7666.8
844.562	7645.7
844.700	7739.9
844.838	7618.2
844.975	7723.8
845.113	7594.2
845.250	7676.9
845.388	7602.7
845.526	7701.6
845.663	7708.4
845.801	7711.1
845.938	7524.8
846.076	7659.1
846.214	7637
846.351	7662.9
846.489	7709.1
846.627	7738.5
846.764	7624.9
846.902	7760.4
847.039	7697.5
847.177	7707.3
847.315	7627.7
847.452	7730.6
847.590	7760
847.728	7639
847.865	7694.8
848.003	7580.2
848.140	7643.3
848.278	7687.7
848.416	7655.5
848.553	7734.9
848.691	7706.6
848.829	7608.8
848.966	7516.2
849.104	7634.3
849.241	7631.6
849.379	7792
849.517	7664.6
849.654	7662.8
849.792	7449
849.930	7706.4
850.067	7715.7
