350.000	5481.8
350.128	5435
350.256	5429.6
350.384	5472.6
350.511	5506.2
350.639	5485
350.767	5419.9
350.895	5547.3
351.023	5527.3
351.151	5489
351.278	5483.1
351.406	5509.3
351.534	5444.7
351.662	5440.2
351.790	5488.8
351.918	5464.8
352.045	5454.3
352.173	5508.4
352.301	5547.9
352.429	5464.5
352.557	5430
352.685	5456.4
352.812	5485.7
352.940	5479
353.068	5446.7
353.196	5585.1
353.324	5458.7
353.452	5415.6
353.579	5417.3
353.707	5417.8
353.835	5400.6
353.963	5439.7
354.091	5488.2
354.219	5489.5
354.346	5478.5
354.474	5487.1
354.602	5537.4
354.730	5420.4
354.858	5453.2
354.986	5507.6
355.113	5497.1
355.241	5433.4
355.369	5441.1
355.497	5469.7
355.625	5421.9
355.753	5451.4
355.880	5473.4
356.008	5474.7
356.136	5507.8
356.264	5456.2
356.392	5456.4
356.520	5486.3
356.647	5492.5
356.775	5464.1
356.903	5425.7
357.031	5503.6
357.159	5378
357.287	5431.8
357.414	5484.8
357.542	5483.4
357.670	5446
357.798	5470.8
357.926	5458.9
358.054	5445.5
358.182	5480.6
358.309	5533.5
358.437	5543
358.565	5468.1
358.693	5524.2
358.821	5451.6
358.949	5437.3
359.076	5463.3
359.204	5473.6
359.332	5529
359.460	5537.5
359.588	5552.3
359.716	5511
359.843	5458.1
359.971	5447.5
360.099	5497
360.227	5481
360.355	5538.8
360.483	5496.6
360.610	5458
360.738	5486.5
360.866	5472.5
360.994	5472
361.122	5505.9
361.250	5478
361.377	5431.6
361.505	5418.2
361.633	5487.4
361.761	5418.5
361.889	5449.9
362.017	5528.5
362.144	5553.2
362.272	5507.5
362.400	5463.9
362.528	5413.7
362.656	5466.1
362.784	5537.6
362.911	5540.4
363.039	5491.4
363.167	5474.5
363.295	5477.2
363.423	5415.4
363.551	5415.8
363.678	5425.7
363.806	5454.9
363.934	5525.7
364.062	5580.1
364.190	5535.1
364.318	5499.9
364.445	5448.1
364.573	5416.9
364.701	5448.8
364.829	5561.4
364.957	5437.7
365.085	5450.1
365.212	5493.1
365.340	5505.9
365.468	5470
365.596	5453.1
365.724	5504.7
365.852	5492.6
365.979	5517.4
366.107	5522.5
366.235	5494.3
366.363	5493.1
366.491	5540.1
366.619	5478.1
366.747	5495.6
366.874	5495.4
367.002	5463.8
367.130	5459.1
367.258	5522.6
367.386	5503.8
367.514	5496.1
367.641	5476.2
367.769	5450
367.897	5441.1
368.025	5518.2
368.153	5447.2
368.281	5435.2
368.408	5453.5
368.536	5485.2
368.664	5512.4
368.792	5510.5
368.920	5436.8
369.048	5541.2
369.175	5570.4
369.303	5550.2
369.431	5522.2
369.559	5485.9
369.687	5539.3
369.815	5579.7
369.942	5549.6
370.070	5519.7
370.198	5514.9
370.326	5506
370.454	5514.6
370.582	5445.2
370.709	5472.3
370.837	5476
370.965	5474.4
371.093	5536.3
371.221	5484.1
371.349	5587.5
371.476	5554.3
371.604	5567
371.732	5588
371.860	5557.4
371.988	5562.9
372.116	5476.7
372.243	5444.7
372.371	5475
372.499	5498
372.627	5486
372.755	5511.4
372.883	5485.4
373.010	5540.8
373.138	5537.8
373.266	5509.3
373.394	5486.3
373.522	5486.6
373.650	5427.4
373.777	5495.8
373.905	5535.6
374.033	5539.9
374.161	5506
374.289	5451.5
374.417	5497
374.545	5432.3
374.672	5518.3
374.800	5517.2
374.928	5477.8
375.056	5476.9
375.184	5510.3
375.312	5573.3
375.439	5555.2
375.567	5516.8
375.695	5500.8
375.823	5515.8
375.951	5528.7
376.079	5511.2
376.206	5510.4
376.334	5565.2
376.462	5566.2
376.590	5547.6
376.718	5593.7
376.846	5539.1
376.973	5534
377.101	5484.6
377.229	5477.5
377.357	5505
377.485	5541
377.613	5580.6
377.740	5530.3
377.868	5542.3
377.996	5522.2
378.124	5502.7
378.252	5537.2
378.380	5660.6
378.507	5596
378.635	5546.5
378.763	5543.1
378.891	5556.1
379.019	5587.1
379.147	5642.1
379.274	5594.4
379.402	5618
379.530	5618.1
379.658	5603.1
379.786	5602.4
379.914	5637.5
380.041	5691
380.169	5643
380.297	5658.3
380.425	5682.8
380.553	5647.7
380.681	5580.4
380.808	5590.5
380.936	5682.7
381.064	5661.1
381.192	5624.9
381.320	5663.7
381.448	5706.2
381.575	5634.4
381.703	5656.1
381.831	5684.5
381.959	5681.3
382.087	5652.5
382.215	5622.6
382.343	5605.6
382.470	5552.8
382.598	5580.6
382.726	5663.3
382.854	5737.8
382.982	5721.6
383.110	5675
383.237	5678.3
383.365	5654.4
383.493	5644.2
383.621	5610.1
383.749	5604.6
383.877	5636.5
384.004	5677.9
384.132	5662
384.260	5660.9
384.388	5598
384.516	5623.2
384.644	5669.6
384.771	5669.7
384.899	5592.6
385.027	5639.9
385.155	5618.5
385.283	5676.1
385.411	5731.8
385.538	5746.4
385.666	5713.4
385.794	5674
385.922	5725.5
386.050	5710.3
386.178	5701.8
386.305	5690.3
386.433	5679.2
386.561	5647.9
386.689	5754.5
386.817	5714.1
386.945	5707.4
387.072	5667.8
387.200	5657.2
387.328	5725.1
387.456	5718
387.584	5685.1
387.712	5677.6
387.839	5669.2
387.967	5699.7
388.095	5746.2
388.223	5736.1
388.351	5629
388.479	5748.7
388.606	5767.9
388.734	5763.3
388.862	5771.1
388.990	5748.3
389.118	5675.3
389.246	5819.8
389.373	5776
389.501	5780.7
389.629	5768.9
389.757	5697.5
389.885	5722.3
390.013	5733.8
390.141	5873.8
390.268	5837.6
390.396	5789.5
390.524	5808.1
390.652	5850.7
390.780	5760.8
390.908	5854
391.035	5821.3
391.163	5791.7
391.291	5809
391.419	5864.8
391.547	5841.5
391.675	5846.8
391.802	5779.1
391.930	5736.8
392.058	5773.8
392.186	5831.5
392.314	5834.1
392.442	5832.5
392.569	5796.7
392.697	5811.1
392.825	5865.5
392.953	5907.8
393.081	5908.1
393.209	5885.8
393.336	5783
393.464	5842.7
393.592	5833
393.720	5844.7
393.848	5883.9
393.976	5900.3
394.103	5920.8
394.231	5912.8
394.359	5932.6
394.487	5918.6
394.615	5912.8
394.743	5917.7
394.870	5864.7
394.998	6004.8
395.126	5984.1
395.254	5884.2
395.382	5850.6
395.510	5879.1
395.637	5928.9
395.765	5991.8
395.893	5902
396.021	5903.2
396.149	5914.3
396.277	5959.5
396.404	5984.2
396.532	5881.3
396.660	5882.5
396.788	5889.5
396.916	5914.9
397.044	5973.3
397.171	5988.7
397.299	5892.2
397.427	5908.4
397.555	5933.7
397.683	5985.6
397.811	5945
397.938	5918.6
398.066	5924.2
398.194	5930
398.322	5926.4
398.450	5962
398.578	5941.8
398.706	5914.5
398.833	5931.3
398.961	6017.5
399.089	6044.7
399.217	5927.4
399.345	5954.3
399.473	5981.3
399.600	5972.9
399.728	6028.8
399.856	6081.1
399.984	6053.4
400.112	5980.7
400.240	6069
400.367	6009.3
400.495	5994.6
400.623	6041.9
400.751	6085.9
400.879	6082.8
401.007	6050.3
401.134	5930.2
401.262	5935.9
401.390	6001.8
401.518	6006.1
401.646	5989.3
401.774	6035.4
401.901	6027.5
402.029	6020.8
402.157	6025.8
402.285	6062.4
402.413	6117.5
402.541	6003.3
402.668	6118.6
402.796	6127.5
402.924	6039.6
403.052	5991
403.180	6026.4
403.308	5969
403.435	6031.7
403.563	6019.1
403.691	6091.5
403.819	6081.9
403.947	6043.4
404.075	6089.2
404.202	6128.5
404.330	6082.6
404.458	6068.2
404.586	6038.7
404.714	6047.2
404.842	6159.3
404.969	6178.5
405.097	6046.5
405.225	6110.2
405.353	6072.9
405.481	6062.5
405.609	6105.7
405.736	6107.9
405.864	6147.9
405.992	6035.9
406.120	6071.8
406.248	6060.4
406.376	6053.5
406.504	6060.2
406.631	6066.9
406.759	6093
406.887	6139
407.015	6132.9
407.143	6161.1
407.271	6178.5
407.398	6145.1
407.526	6126
407.654	6189.6
407.782	6159.2
407.910	6240.4
408.038	6206.3
408.165	6183.1
408.293	6204.2
408.421	6175.8
408.549	6098.8
408.677	6102
408.805	6149.5
408.932	6177.6
409.060	6163.8
409.188	6175.2
409.316	6157.2
409.444	6204
409.572	6265.1
409.699	6209.6
409.827	6225.4
409.955	6271.9
410.083	6257
410.211	6296.4
410.339	6268.7
410.466	6266.3
410.594	6183.9
410.722	6155.5
410.850	6209.5
410.978	6158.3
411.106	6153
411.233	6127.6
411.361	6186.4
411.489	6221.4
411.617	6211.3
411.745	6243.4
411.873	6175.5
412.000	6275.5
412.128	6294.7
412.256	6295
412.384	6250.7
412.512	6273.2
412.640	6288
412.767	6303.6
412.895	6257.4
413.023	6229.8
413.151	6254.5
413.279	6234
413.407	6242
413.534	6311
413.662	6359.8
413.790	6191.9
413.918	6217.3
414.046	6257
414.174	6337.8
414.302	6372.3
414.429	6265.5
414.557	6237.6
414.685	6355.2
414.813	6342.2
414.941	6405.8
415.069	6382.4
415.196	6280.5
415.324	6366.5
415.452	6355.7
415.580	6350.9
415.708	6260.6
415.836	6279.4
415.963	6339.6
416.091	6367.2
416.219	6364.7
416.347	6245.3
416.475	6241.4
416.603	6346.8
416.730	6368.9
416.858	6340.4
416.986	6352.8
417.114	6315.9
417.242	6410.8
417.370	6439.8
417.497	6396.1
417.625	6342.3
417.753	6345.4
417.881	6348.9
418.009	6363
418.137	6395.6
418.264	6339.7
418.392	6349.7
418.520	6380
418.648	6422.5
418.776	6451.7
418.904	6434.1
419.031	6367.7
419.159	6467.6
419.287	6489.4
419.415	6475.4
419.543	6431.2
419.671	6370.6
419.798	6432.9
419.926	6476.2
420.054	6481.1
420.182	6495.3
420.310	6496.4
420.438	6481.5
420.565	6525.1
420.693	6572.4
420.821	6443.6
420.949	6402
421.077	6431.6
421.205	6470.3
421.332	6503.6
421.460	6441.7
421.588	6468.2
421.716	6533.6
421.844	6590.7
421.972	6606.7
422.100	6528.9
422.227	6477.9
422.355	6595.5
422.483	6547.3
422.611	6611
422.739	6552.8
422.867	6473.7
422.994	6494.5
423.122	6512.4
423.250	6575
423.378	6456.9
423.506	6421.3
423.634	6456
423.761	6570.5
423.889	6538.6
424.017	6457.6
424.145	6441
424.273	6446.5
424.401	6522.3
424.528	6672
424.656	6598
424.784	6574.5
424.912	6593.3
425.040	6655.2
425.168	6729.4
425.295	6636.8
425.423	6597.5
425.551	6605.5
425.679	6622.6
425.807	6610.4
425.935	6565.6
426.062	6498.1
426.190	6524.4
426.318	6656.3
426.446	6684.4
426.574	6636.8
426.702	6601.3
426.829	6686.2
426.957	6735.9
427.085	6703.2
427.213	6723.4
427.341	6714.8
427.469	6672.1
427.596	6695
427.724	6798.4
427.852	6737.5
427.980	6607.7
428.108	6629.5
428.236	6675.4
428.363	6613.3
428.491	6640.4
428.619	6571.8
428.747	6611.6
428.875	6626.7
429.003	6678.1
429.130	6585.5
429.258	6541.8
429.386	6616.5
429.514	6682.3
429.642	6689
429.770	6709.1
429.898	6643.1
430.025	6726.3
430.153	6732.4
430.281	6692.2
430.409	6670.2
430.537	6718.2
430.665	6679.7
430.792	6779.1
430.920	6757.4
431.048	6704.9
431.176	6695.4
431.304	6704.6
431.432	6714
431.559	6741.5
431.687	6720
431.815	6704.2
431.943	6736.7
432.071	6807.4
432.199	6878.6
432.326	6804.2
432.454	6775.7
432.582	6903.7
432.710	6969.4
432.838	6904.9
432.966	6778.4
433.093	6697.2
433.221	6794.1
433.349	6846.6
433.477	6832
433.605	6782.5
433.733	6753.1
433.860	6772.8
433.988	6785.3
434.116	6718
434.244	6772.1
434.372	6807.1
434.500	6826.7
434.627	6819.2
434.755	6872.9
434.883	6763.6
435.011	6751.4
435.139	6805.2
435.267	6922.2
435.394	7023
435.522	6953.5
435.650	6946.8
435.778	6951.5
435.906	6955.4
436.034	7056.2
436.161	6931.8
436.289	6916.5
436.417	6834.4
436.545	6863.6
436.673	6949.1
436.801	6920.3
436.928	6840.7
437.056	6867.1
437.184	6905.3
437.312	6948.3
437.440	6982.1
437.568	6998.5
437.695	7023
437.823	7227.4
437.951	7036.3
438.079	7049.3
438.207	7090.6
438.335	7134.1
438.463	7108.9
438.590	7119.6
438.718	7042.4
438.846	7009
438.974	7017.5
439.102	7005.2
439.230	6981.6
439.357	6993
439.485	7058.7
439.613	7011.4
439.741	6950.5
439.869	7017.7
439.997	7049.2
440.124	7022.3
440.252	7060.3
440.380	7084.3
440.508	7158.4
440.636	7127.2
440.764	7083.5
440.891	7229.5
441.019	7198.8
441.147	7146.8
441.275	7223.5
441.403	7209.7
441.531	7085
441.658	7137.2
441.786	7164.7
441.914	7097
442.042	7096.3
442.170	7070.1
442.298	7107.8
442.425	7199.5
442.553	7064.9
442.681	7157.2
442.809	7218
442.937	7287.3
443.065	7330.2
443.192	7320.5
443.320	7324.2
443.448	7228.5
443.576	7249.3
443.704	7309.2
443.832	7302.6
443.959	7293.7
444.087	7378.2
444.215	7212.9
444.343	7257.1
444.471	7261.9
444.599	7242.9
444.726	7248.6
444.854	7303.3
444.982	7297.3
445.110	7339.6
445.238	7214.7
445.366	7248.7
445.493	7252.7
445.621	7240.4
445.749	7357.6
445.877	7345.3
446.005	7327.8
446.133	7293
446.261	7283.1
446.388	7311.7
446.516	7426.2
446.644	7385.7
446.772	7406.2
446.900	7400.5
447.028	7408.8
447.155	7338.6
447.283	7162.9
447.411	7407.3
447.539	7384.6
447.667	7365.1
447.795	7315.7
447.922	7273.1
448.050	7264.7
448.178	7377.4
448.306	7329.2
448.434	7275.7
448.562	7258.2
448.689	7322.6
448.817	7427.8
448.945	7513.4
449.073	7416.5
449.201	7416.5
449.329	7473.3
449.456	7506.9
449.584	7535.7
449.712	7597.3
449.840	7635.5
449.968	7597.6
450.096	7598.1
450.223	7543.9
450.351	7511.7
450.479	7593.4
450.607	7723.9
450.735	7622.1
450.863	7500.3
450.990	7466.2
451.118	7473.6
451.246	7502
451.374	7490.2
451.502	7487.6
451.630	7470.9
451.757	7497.6
451.885	7588.2
452.013	7630.8
452.141	7567.3
452.269	7625.3
452.397	7669.4
452.524	7702.7
452.652	7673.2
452.780	7663.4
452.908	7677.5
453.036	7771.9
453.164	7715.9
453.291	7697.5
453.419	7721.4
453.547	7708.2
453.675	7730.9
453.803	7652.1
453.931	7519.5
454.059	7647.9
454.186	7599.4
454.314	7542.1
454.442	7575.4
454.570	7647
454.698	7653.6
454.826	7769.8
454.953	7737.6
455.081	7733.4
455.209	7765.5
455.337	7847.6
455.465	7976.4
455.593	7979.9
455.720	7835.3
455.848	7848.1
455.976	7932.8
456.104	7952.3
456.232	7840.1
456.360	7870.1
456.487	7936.1
456.615	7924.8
456.743	7806.3
456.871	7738.9
456.999	7772.3
457.127	7928.1
457.254	7964.7
457.382	7822
457.510	7745.5
457.638	7786.3
457.766	7848.9
457.894	7870.1
458.021	7730.7
458.149	7872.9
458.277	7943.5
458.405	7980.8
458.533	7983
458.661	7924.9
458.788	7995.8
458.916	8251.5
459.044	8103.7
459.172	8021.3
459.300	7982.2
459.428	8028.3
459.555	8267.7
459.683	8160.5
459.811	7964
459.939	8020
460.067	8100.4
460.195	8070.6
460.322	7956
460.450	7941.4
460.578	8328
460.706	8238.5
460.834	8022.9
460.962	7896.6
461.089	7928.8
461.217	8035.1
461.345	8001.5
461.473	7968.3
461.601	7891.4
461.729	8041.9
461.856	8243.1
461.984	8240.5
462.112	8060.3
462.240	8350.4
462.368	8315.2
462.496	8305
462.624	8252.9
462.751	8226.4
462.879	8310.2
463.007	8467.5
463.135	8308.6
463.263	8176.9
463.391	8299.9
463.518	8535.2
463.646	8620.9
463.774	8234.4
463.902	8207.9
464.030	8186.6
464.158	8216.3
464.285	8202.8
464.413	8118.4
464.541	8058.1
464.669	8065.6
464.797	8077.5
464.925	8173.5
465.052	8217.5
465.180	8258
465.308	8281.6
465.436	8098.4
465.564	8173.7
465.692	8233.2
465.819	8392
465.947	8442.5
466.075	8383.6
466.203	8362.5
466.331	8402.6
466.459	8591.4
466.586	8579.5
466.714	8494.5
466.842	8483.4
466.970	8614
467.098	8813.7
467.226	8372.7
467.353	8565.4
467.481	8695.5
467.609	8762.1
467.737	8669.7
467.865	8405.5
467.993	8273.6
468.120	8491.3
468.248	8448.2
468.376	8387
468.504	8295.8
468.632	8255.5
468.760	8349.2
468.887	8404.5
469.015	8311.7
469.143	8169
469.271	8338.7
469.399	8504.5
469.527	8467.9
469.654	8490.1
469.782	8780.3
469.910	8761.3
470.038	8653.4
470.166	8662.1
470.294	8731.1
470.422	8793.3
470.549	9051
470.677	8619.5
470.805	8711.3
470.933	8817.4
471.061	8887.3
471.189	8911.8
471.316	8865.6
471.444	8897.3
471.572	9063.5
471.700	8906.9
471.828	8740
471.956	8689.5
472.083	8775.4
472.211	8899.8
472.339	8576.3
472.467	8556.6
472.595	8703.9
472.723	8778.3
472.850	8764.3
472.978	8741.6
473.106	8579.7
473.234	8847.3
473.362	8744.6
473.490	8571
473.617	8606.8
473.745	8811
473.873	8851.6
474.001	8743
474.129	8721.9
474.257	8894.3
474.384	9002.3
474.512	9016.2
474.640	8988.7
474.768	8969.5
474.896	9318.1
475.024	9331.7
475.151	9311.6
475.279	9284.7
475.407	9255.1
475.535	9238.7
475.663	9317.4
475.791	9219.7
475.918	9202.8
476.046	9370.9
476.174	9408.2
476.302	9295.9
476.430	9280.5
476.558	9534
476.685	9279.7
476.813	9340.6
476.941	9417.5
477.069	9506.3
477.197	9535.2
477.325	9321.9
477.452	9292.1
477.580	9366.7
477.708	9368.5
477.836	9276.9
477.964	9145.4
478.092	9098.8
478.220	9343.4
478.347	9447.2
478.475	9175.8
478.603	9104.3
478.731	9257.9
478.859	9358.4
478.987	9184.9
479.114	9236.8
479.242	9500.7
479.370	9443.4
479.498	9452
479.626	9399
479.754	9369.2
479.881	9551.5
480.009	9602.5
480.137	9474.8
480.265	9712.3
480.393	9876.3
480.521	9872.8
480.648	9703.3
480.776	9463.6
480.904	9791
481.032	9972
481.160	9882.4
481.288	9864.9
481.415	9940.7
481.543	9981
481.671	9780.9
481.799	9770.6
481.927	9964.6
482.055	10135
482.182	10130
482.310	9977
482.438	9894.9
482.566	10334
482.694	10283
482.822	10150
482.949	10154
483.077	10186
483.205	10216
483.333	10209
483.461	9936.7
483.589	9957.9
483.716	10099
483.844	10097
483.972	9959.1
484.100	9827.1
484.228	9875.7
484.356	10115
484.483	9699.2
484.611	9775.1
484.739	9956.7
484.867	10004
484.995	9930.2
485.123	9916.9
485.250	9790
485.378	9907.9
485.506	9842.8
485.634	9803.9
485.762	9949.3
485.890	10156
486.018	10080
486.145	9986.7
486.273	9932.9
486.401	10096
486.529	10205
486.657	10167
486.785	10089
486.912	10249
487.040	10584
487.168	10466
487.296	10160
487.424	10108
487.552	10175
487.679	10132
487.807	9902.7
487.935	10222
488.063	10283
488.191	10328
488.319	10346
488.446	10418
488.574	10536
488.702	10502
488.830	10430
488.958	10491
489.086	10594
489.213	10594
489.341	10639
489.469	10772
489.597	10619
489.725	10926
489.853	10583
489.980	10663
490.108	10761
490.236	10756
490.364	10716
490.492	10822
490.620	10614
490.747	11005
490.875	10921
491.003	10871
491.131	10984
491.259	11140
491.387	11105
491.514	10972
491.642	11185
491.770	11131
491.898	11193
492.026	11218
492.154	11099
492.281	11477
492.409	10981
492.537	11011
492.665	11145
492.793	11390
492.921	11440
493.048	11177
493.176	11287
493.304	11424
493.432	11369
493.560	11308
493.688	11432
493.816	11558
493.943	11490
494.071	11449
494.199	11312
494.327	11492
494.455	11602
494.583	11589
494.710	11485
494.838	11432
494.966	11709
495.094	11466
495.222	11537
495.350	11394
495.477	11425
495.605	11516
495.733	11500
495.861	11592
495.989	11659
496.117	11630
496.244	11715
496.372	11713
496.500	11649
496.628	11627
496.756	11695
496.884	11640
497.011	11693
497.139	11639
497.267	11599
497.395	11617
497.523	11683
497.651	11731
497.778	11377
497.906	11556
498.034	11932
498.162	11756
498.290	11492
498.418	11566
498.545	11697
498.673	11506
498.801	11406
498.929	11534
499.057	11727
499.185	11794
499.312	11618
499.440	11274
499.568	11574
499.696	11475
499.824	11293
499.952	11497
500.079	11750
500.207	11784
500.335	11670
500.463	11772
500.591	11842
500.719	11612
500.846	11649
500.974	11816
501.102	11960
501.230	12055
501.358	12213
501.486	12167
501.613	12249
501.741	12257
501.869	12253
501.997	12250
502.125	12271
502.253	12609
502.381	12294
502.508	12352
502.636	12490
502.764	12325
502.892	12238
503.020	12608
503.148	12599
503.275	12378
503.403	12255
503.531	12254
503.659	12338
503.787	12325
503.915	12193
504.042	12314
504.170	12107
504.298	11943
504.426	12009
504.554	12006
504.682	11943
504.809	11867
504.937	11735
505.065	11668
505.193	11876
505.321	11663
505.449	11502
505.576	11588
505.704	11787
505.832	11748
505.960	11515
506.088	11402
506.216	11568
506.343	11576
506.471	11652
506.599	11818
506.727	11877
506.855	11698
506.983	11890
507.110	12158
507.238	12254
507.366	12081
507.494	11879
507.622	11941
507.750	12260
507.877	12079
508.005	12061
508.133	12006
508.261	11947
508.389	11825
508.517	11718
508.644	11895
508.772	11666
508.900	11745
509.028	11785
509.156	11702
509.284	11632
509.411	11594
509.539	11508
509.667	11814
509.795	11569
509.923	11413
510.051	11605
510.179	11702
510.306	11629
510.434	11598
510.562	11676
510.690	12009
510.818	11707
510.946	11606
511.073	11704
511.201	11745
511.329	11572
511.457	11398
511.585	11602
511.713	11797
511.840	11479
511.968	11564
512.096	11785
512.224	11766
512.352	11494
512.480	11549
512.607	11911
512.735	11801
512.863	11795
512.991	11878
513.119	11974
513.247	11988
513.374	11758
513.502	11995
513.630	11979
513.758	11838
513.886	11747
514.014	11870
514.141	12066
514.269	11809
514.397	11861
514.525	12023
514.653	11915
514.781	11919
514.908	11963
515.036	11981
515.164	12023
515.292	12195
515.420	11948
515.548	12221
515.675	12241
515.803	12044
515.931	11955
516.059	12162
516.187	12290
516.315	11753
516.442	12265
516.570	12289
516.698	12105
516.826	11992
516.954	12032
517.082	12116
517.209	12078
517.337	11795
517.465	12401
517.593	12250
517.721	12075
517.849	12199
517.977	12413
518.104	12435
518.232	12302
518.360	12290
518.488	12443
518.616	12217
518.744	12062
518.871	12296
518.999	12544
519.127	12260
519.255	12239
519.383	12487
519.511	12550
519.638	12342
519.766	12179
519.894	12403
520.022	12561
520.150	12281
520.278	12369
520.405	12370
520.533	12294
520.661	12212
520.789	12243
520.917	12454
521.045	12378
521.172	12335
521.300	12494
521.428	12499
521.556	12367
521.684	12332
521.812	12510
521.939	12378
522.067	12138
522.195	12496
522.323	12713
522.451	12576
522.579	12405
522.706	12384
522.834	12415
522.962	12421
523.090	12216
523.218	12416
523.346	12414
523.473	12401
523.601	12496
523.729	12668
523.857	12524
523.985	12421
524.113	12546
524.240	12656
524.368	12404
524.496	12271
524.624	12452
524.752	12518
524.880	12256
525.007	12643
525.135	12751
525.263	12480
525.391	12352
525.519	12581
525.647	12883
525.774	12486
525.902	12429
526.030	12645
526.158	12596
526.286	12475
526.414	12581
526.542	12832
526.669	12825
526.797	12594
526.925	12882
527.053	12730
527.181	12489
527.309	12580
527.436	12758
527.564	12735
527.692	12582
527.820	12751
527.948	12975
528.076	12753
528.203	12709
528.331	12778
528.459	12714
528.587	12579
528.715	12645
528.843	12651
528.970	12623
529.098	12571
529.226	12587
529.354	12734
529.482	12807
529.610	12736
529.737	12552
529.865	12730
529.993	12478
530.121	12851
530.249	12813
530.377	12705
530.504	12809
530.632	12803
530.760	12974
530.888	12587
531.016	12663
531.144	12658
531.271	12601
531.399	12603
531.527	12671
531.655	12711
531.783	12621
531.911	12804
532.038	12789
532.166	12716
532.294	12526
532.422	12556
532.550	12932
532.678	12770
532.805	12447
532.933	12715
533.061	12790
533.189	12612
533.317	12485
533.445	12520
533.572	12677
533.700	12436
533.828	12719
533.956	12588
534.084	12471
534.212	12485
534.340	12546
534.467	12519
534.595	12459
534.723	12519
534.851	12654
534.979	12350
535.107	12446
535.234	12646
535.362	12615
535.490	12441
535.618	12771
535.746	12752
535.874	12409
536.001	12464
536.129	12523
536.257	12507
536.385	12462
536.513	12428
536.641	12502
536.768	12255
536.896	12376
537.024	12544
537.152	12452
537.280	12411
537.408	12440
537.535	12460
537.663	12651
537.791	12331
537.919	12416
538.047	12331
538.175	12343
538.302	12377
538.430	12456
538.558	12448
538.686	12293
538.814	12425
538.942	12407
539.069	12476
539.197	12582
539.325	12572
539.453	12463
539.581	12301
539.709	12267
539.836	12381
539.964	12558
540.092	12647
540.220	12568
540.348	12438
540.476	12492
540.603	12668
540.731	12223
540.859	12549
540.987	12648
541.115	12633
541.243	12549
541.370	12584
541.498	12726
541.626	12655
541.754	12761
541.882	12765
542.010	12460
542.138	12589
542.265	12756
542.393	12821
542.521	12704
542.649	12517
542.777	12628
542.905	12637
543.032	12545
543.160	12769
543.288	12692
543.416	12586
543.544	12693
543.672	12820
543.799	12689
543.927	12710
544.055	12776
544.183	12620
544.311	12704
544.439	12863
544.566	12916
544.694	12802
544.822	12673
544.950	12734
545.078	12664
545.206	12856
545.333	12860
545.461	12840
545.589	12876
545.717	12875
545.845	12851
545.973	12744
546.100	12785
546.228	12861
546.356	12836
546.484	12807
546.612	12781
546.740	12800
546.867	12735
546.995	13004
547.123	12890
547.251	12925
547.379	12958
547.507	12927
547.634	12925
547.762	12800
547.890	12835
548.018	12854
548.146	12619
548.274	12887
548.401	12994
548.529	13056
548.657	12866
548.785	13054
548.913	13179
549.041	12796
549.168	12954
549.296	12868
549.424	13004
549.552	13130
549.680	13252
549.808	13151
549.936	13080
550.063	13271
550.191	13125
550.319	13184
550.447	13051
550.575	12926
550.703	12988
550.830	13213
550.958	13322
551.086	12990
551.214	13124
551.342	13147
551.470	13116
551.597	13126
551.725	13176
551.853	13276
551.981	13203
552.109	13186
552.237	13093
552.364	13248
552.492	13238
552.620	13175
552.748	13173
552.876	13157
553.004	13474
553.131	13331
553.259	13078
553.387	13158
553.515	13321
553.643	13294
553.771	13137
553.898	13169
554.026	13310
554.154	13482
554.282	13319
554.410	13355
554.538	13365
554.665	13257
554.793	13281
554.921	13290
555.049	13362
555.177	13196
555.305	13145
555.432	13454
555.560	13299
555.688	13335
555.816	13364
555.944	13300
556.072	13261
556.199	13439
556.327	13432
556.455	13284
556.583	13254
556.711	13164
556.839	13173
556.966	13348
557.094	13479
557.222	13459
557.350	13334
557.478	13150
557.606	13272
557.734	13131
557.861	13041
557.989	13054
558.117	13243
558.245	13184
558.373	13219
558.501	13304
558.628	13328
558.756	13225
558.884	13201
559.012	13366
559.140	13269
559.268	13184
559.395	13245
559.523	13349
559.651	13239
559.779	13243
559.907	13432
560.035	13335
560.162	13353
560.290	13370
560.418	13305
560.546	13424
560.674	13242
560.802	13341
560.929	13460
561.057	13309
561.185	13236
561.313	13331
561.441	13421
561.569	13346
561.696	13151
561.824	13343
561.952	13324
562.080	13381
562.208	13557
562.336	13513
562.463	13333
562.591	13388
562.719	13360
562.847	13358
562.975	13368
563.103	13249
563.230	13341
563.358	13380
563.486	13260
563.614	13238
563.742	13383
563.870	13341
563.997	13363
564.125	13411
564.253	13538
564.381	13564
564.509	13451
564.637	13355
564.764	13373
564.892	13326
565.020	13395
565.148	13470
565.276	13501
565.404	13431
565.531	13493
565.659	13511
565.787	13524
565.915	13535
566.043	13452
566.171	13646
566.299	13367
566.426	13328
566.554	13322
566.682	13338
566.810	13423
566.938	13444
567.066	13438
567.193	13373
567.321	13567
567.449	13466
567.577	13453
567.705	13519
567.833	13353
567.960	13411
568.088	13601
568.216	13498
568.344	13284
568.472	13256
568.600	13447
568.727	13571
568.855	13534
568.983	13491
569.111	13413
569.239	13516
569.367	13605
569.494	13379
569.622	13325
569.750	13411
569.878	13466
570.006	13320
570.134	13314
570.261	13393
570.389	13295
570.517	13605
570.645	13630
570.773	13454
570.901	13449
571.028	13501
571.156	13555
571.284	13544
571.412	13499
571.540	13682
571.668	13561
571.795	13703
571.923	13560
572.051	13574
572.179	13622
572.307	13589
572.435	13553
572.562	13522
572.690	13592
572.818	13506
572.946	13589
573.074	13756
573.202	13701
573.329	13640
573.457	13442
573.585	13640
573.713	13650
573.841	13747
573.969	13620
574.097	13522
574.224	13320
574.352	13390
574.480	13494
574.608	13534
574.736	13490
574.864	13547
574.991	13669
575.119	13496
575.247	13574
575.375	13561
575.503	13615
575.631	13626
575.758	13512
575.886	13426
576.014	13664
576.142	13685
576.270	13809
576.398	13562
576.525	13542
576.653	13621
576.781	13653
576.909	13616
577.037	13730
577.165	13627
577.292	13514
577.420	13592
577.548	13682
577.676	13710
577.804	13666
577.932	13495
578.059	13501
578.187	13521
578.315	13579
578.443	13704
578.571	13752
578.699	13669
578.826	13374
578.954	13763
579.082	13471
579.210	13481
579.338	13595
579.466	13643
579.593	13703
579.721	13632
579.849	13636
579.977	13450
580.105	13577
580.233	13645
580.360	13630
580.488	13669
580.616	13758
580.744	13628
580.872	13795
581.000	13644
581.127	13595
581.255	13603
581.383	13595
581.511	13551
581.639	13570
581.767	13700
581.895	13633
582.022	13925
582.150	13887
582.278	13707
582.406	13604
582.534	13488
582.662	13615
582.789	13753
582.917	13614
583.045	13575
583.173	13657
583.301	13728
583.429	13745
583.556	13620
583.684	13686
583.812	13563
583.940	13471
584.068	13644
584.196	13610
584.323	13448
584.451	13625
584.579	13583
584.707	13749
584.835	13750
584.963	13645
585.090	13711
585.218	13808
585.346	13560
585.474	13604
585.602	13619
585.730	13577
585.857	13645
585.985	13622
586.113	13555
586.241	13592
586.369	13654
586.497	13624
586.624	13900
586.752	13508
586.880	13561
587.008	13642
587.136	13622
587.264	13678
587.391	13625
587.519	13485
587.647	13624
587.775	13589
587.903	13614
588.031	13625
588.158	13663
588.286	13604
588.414	13474
588.542	13619
588.670	13607
588.798	13613
588.925	13389
589.053	13488
589.181	13738
589.309	13716
589.437	13531
589.565	13475
589.693	13433
589.820	13466
589.948	13491
590.076	13444
590.204	13615
590.332	13511
590.460	13475
590.587	13690
590.715	13641
590.843	13522
590.971	13498
591.099	13578
591.227	13604
591.354	13774
591.482	13514
591.610	13611
591.738	13769
591.866	13774
591.994	13659
592.121	13646
592.249	13584
592.377	13573
592.505	13585
592.633	13516
592.761	13655
592.888	13670
593.016	13698
593.144	13734
593.272	13594
593.400	13681
593.528	13618
593.655	13552
593.783	13535
593.911	13564
594.039	13571
594.167	13900
594.295	13542
594.422	13564
594.550	13485
594.678	13597
594.806	13722
594.934	13707
595.062	13707
595.189	13852
595.317	13674
595.445	13597
595.573	13473
595.701	13402
595.829	13485
595.956	13671
596.084	13450
596.212	13494
596.340	13574
596.468	13595
596.596	13438
596.723	13393
596.851	13513
596.979	13396
597.107	13494
597.235	13491
597.363	13566
597.490	13596
597.618	13525
597.746	13437
597.874	13462
598.002	13503
598.130	13316
598.258	13377
598.385	13520
598.513	13525
598.641	13629
598.769	13574
598.897	13488
599.025	13478
599.152	13388
599.280	13316
599.408	13402
599.536	13503
599.664	13612
599.792	13638
599.919	13333
600.047	13297
600.175	13262
600.303	13472
600.431	13628
600.559	13539
600.686	13476
600.814	13587
600.942	13504
601.070	13590
601.198	13434
601.326	13346
601.453	13425
601.581	13585
601.709	13614
601.837	13453
601.965	13502
602.093	13429
602.220	13531
602.348	13653
602.476	13637
602.604	13502
602.732	13369
602.860	13386
602.987	13445
603.115	13470
603.243	13561
603.371	13702
603.499	13580
603.627	13415
603.754	13529
603.882	13657
604.010	13570
604.138	13539
604.266	13381
604.394	13262
604.521	13463
604.649	13567
604.777	13361
604.905	13323
605.033	13509
605.161	13488
605.288	13460
605.416	13417
605.544	13403
605.672	13296
605.800	13121
605.928	13288
606.056	13326
606.183	13311
606.311	13272
606.439	13390
606.567	13404
606.695	13318
606.823	13289
606.950	13370
607.078	13234
607.206	13330
607.334	13390
607.462	13203
607.590	13151
607.717	13270
607.845	13416
607.973	13504
608.101	13326
608.229	13303
608.357	13274
608.484	13347
608.612	13312
608.740	13376
608.868	13640
608.996	13474
609.124	13021
609.251	13058
609.379	13250
609.507	13299
609.635	13282
609.763	13132
609.891	12956
610.018	13400
610.146	13202
610.274	13371
610.402	13443
610.530	13435
610.658	13364
610.785	13223
610.913	13116
611.041	13313
611.169	13387
611.297	13194
611.425	13160
611.552	13240
611.680	13252
611.808	13200
611.936	13211
612.064	13301
612.192	13371
612.319	13172
612.447	13450
612.575	13473
612.703	13252
612.831	13169
612.959	13337
613.086	13118
613.214	12969
613.342	13024
613.470	13198
613.598	13192
613.726	13110
613.854	13136
613.981	13267
614.109	13169
614.237	13019
614.365	13134
614.493	12960
614.621	12929
614.748	13028
614.876	13162
615.004	13175
615.132	12933
615.260	12969
615.388	12980
615.515	13132
615.643	13092
615.771	13147
615.899	13247
616.027	13202
616.155	12980
616.282	12869
616.410	13053
616.538	13131
616.666	13030
616.794	13080
616.922	13149
617.049	13019
617.177	12757
617.305	12863
617.433	12823
617.561	13064
617.689	13038
617.816	12983
617.944	13011
618.072	13092
618.200	13063
618.328	12676
618.456	12956
618.583	13030
618.711	12889
618.839	12828
618.967	12870
619.095	12938
619.223	12929
619.350	12763
619.478	12867
619.606	13116
619.734	12926
619.862	13017
619.990	12995
620.117	12924
620.245	12994
620.373	12937
620.501	13024
620.629	12906
620.757	13176
620.884	13231
621.012	13034
621.140	12779
621.268	12717
621.396	12932
621.524	13023
621.651	12723
621.779	12994
621.907	12999
622.035	12859
622.163	12829
622.291	12907
622.419	12895
622.546	12861
622.674	12733
622.802	12872
622.930	12960
623.058	12906
623.186	12758
623.313	12658
623.441	12730
623.569	12959
623.697	13153
623.825	12817
623.953	12658
624.080	12691
624.208	12687
624.336	12649
624.464	12693
624.592	12825
624.720	12766
624.847	12947
624.975	12962
625.103	12637
625.231	12673
625.359	12663
625.487	12537
625.614	12650
625.742	12724
625.870	12562
625.998	12438
626.126	12321
626.254	12339
626.381	12384
626.509	12441
626.637	12577
626.765	12755
626.893	12384
627.021	12686
627.148	12418
627.276	12396
627.404	12437
627.532	12504
627.660	12588
627.788	12603
627.915	12428
628.043	12447
628.171	12477
628.299	12459
628.427	12377
628.555	12388
628.682	12418
628.810	12374
628.938	12431
629.066	12554
629.194	12679
629.322	12581
629.449	12389
629.577	12303
629.705	12334
629.833	12333
629.961	12243
630.089	12444
630.217	12183
630.344	12178
630.472	12536
630.600	12362
630.728	12109
630.856	12164
630.984	12358
631.111	12182
631.239	12104
631.367	12198
631.495	12364
631.623	12210
631.751	12362
631.878	12303
632.006	12114
632.134	12341
632.262	12286
632.390	11946
632.518	12199
632.645	12160
632.773	12292
632.901	12370
633.029	12437
633.157	12439
633.285	12115
633.412	12012
633.540	12231
633.668	12052
633.796	12101
633.924	12016
634.052	12022
634.179	12104
634.307	12081
634.435	12028
634.563	11786
634.691	11938
634.819	11940
634.946	11989
635.074	11978
635.202	11829
635.330	11721
635.458	11880
635.586	12035
635.713	11888
635.841	11992
635.969	11926
636.097	11786
636.225	11683
636.353	11712
636.480	11823
636.608	11843
636.736	11751
636.864	11499
636.992	11739
637.120	11791
637.247	11758
637.375	11611
637.503	11524
637.631	11643
637.759	11797
637.887	11735
638.015	11571
638.142	11714
638.270	11388
638.398	11209
638.526	11357
638.654	11591
638.782	11626
638.909	11539
639.037	11566
639.165	11784
639.293	11599
639.421	11406
639.549	11329
639.676	11405
639.804	11456
639.932	11348
640.060	11417
640.188	11338
640.316	11356
640.443	11586
640.571	11416
640.699	11316
640.827	11240
640.955	11219
641.083	11402
641.210	11202
641.338	11416
641.466	11414
641.594	11211
641.722	11170
641.850	11203
641.977	11296
642.105	11351
642.233	11262
642.361	11408
642.489	11179
642.617	11487
642.744	11383
642.872	11388
643.000	11303
643.128	11157
643.256	11101
643.384	11124
643.511	11067
643.639	11435
643.767	11137
643.895	11037
644.023	11039
644.151	11142
644.278	11193
644.406	11108
644.534	11042
644.662	11182
644.790	11029
644.918	10916
645.045	10919
645.173	11057
645.301	10952
645.429	10903
645.557	10983
645.685	10746
645.813	10893
645.940	10878
646.068	10630
646.196	10970
646.324	11003
646.452	10759
646.580	10699
646.707	10823
646.835	10699
646.963	10947
647.091	10534
647.219	10780
647.347	10880
647.474	10726
647.602	10655
647.730	10695
647.858	10713
647.986	10689
648.114	10773
648.241	10835
648.369	10602
648.497	10657
648.625	10602
648.753	10661
648.881	10800
649.008	10786
649.136	10566
649.264	10564
649.392	10277
649.520	10411
649.648	10448
649.775	10278
649.903	10372
650.031	10548
650.159	10549
650.287	10311
650.415	10314
650.542	10166
650.670	10406
650.798	10432
650.926	10408
651.054	10396
651.182	10369
651.309	10316
651.437	10347
651.565	10507
651.693	10500
651.821	10284
651.949	10223
652.076	10325
652.204	10263
652.332	10077
652.460	9931.4
652.588	9890.2
652.716	9916.2
652.843	10140
652.971	10077
653.099	10022
653.227	10103
653.355	10130
653.483	9916.1
653.611	9840.3
653.738	9958.4
653.866	9935.8
653.994	9961
654.122	9856.5
654.250	9906.1
654.378	9883.4
654.505	9862
654.633	9876.8
654.761	9879.7
654.889	9845.1
655.017	9882
655.145	9903.4
655.272	9775
655.400	9931.3
655.528	9715.7
655.656	9752.5
655.784	9880.8
655.912	9885.6
656.039	9846.2
656.167	9861.1
656.295	9769.1
656.423	9738.3
656.551	9766.8
656.679	9548.6
656.806	9539.9
656.934	9631.6
657.062	9676.6
657.190	9703.5
657.318	9656.7
657.446	9493
657.573	9527.2
657.701	9610.5
657.829	9502.1
657.957	9649.1
658.085	9657.7
658.213	9559.8
658.340	9504.5
658.468	9525.4
658.596	9553
658.724	9611.3
658.852	9551.4
658.980	9568.1
659.107	9407.4
659.235	9339.1
659.363	9440.9
659.491	9495.5
659.619	9491
659.747	9521.4
659.874	9455.3
660.002	9255.7
660.130	9415.4
660.258	9215.7
660.386	9324.3
660.514	9371.4
660.641	9216.2
660.769	9113.4
660.897	9138.9
661.025	9163.5
661.153	9122.6
661.281	9232.9
661.408	8985.8
661.536	9196.4
661.664	9039.2
661.792	9137.2
661.920	9110.8
662.048	9137.7
662.176	9171.7
662.303	9007.5
662.431	8990
662.559	9048.7
662.687	9026.3
662.815	9274.9
662.943	9146.3
663.070	9135
663.198	9012.7
663.326	8835.8
663.454	8846.9
663.582	9001.4
663.710	8946.4
663.837	9027.9
663.965	8979.4
664.093	8950.3
664.221	8836.9
664.349	8888.1
664.477	8925.3
664.604	8916.5
664.732	8853.8
664.860	8876.5
664.988	8923
665.116	9029.8
665.244	8911.8
665.371	8801
665.499	8587.1
665.627	8716.6
665.755	8768.1
665.883	8698.4
666.011	8716.8
666.138	8626.9
666.266	8705.5
666.394	8537.4
666.522	8697.9
666.650	8590.6
666.778	8692.7
666.905	8640.9
667.033	8591.9
667.161	8628.3
667.289	8644.9
667.417	8541.8
667.545	8538.6
667.672	8508.3
667.800	8575.5
667.928	8526.1
668.056	8465.9
668.184	8481.9
668.312	8470.2
668.439	8504.6
668.567	8542.6
668.695	8326.2
668.823	8449.5
668.951	8389
669.079	8422.9
669.206	8430.7
669.334	8351.7
669.462	8388.1
669.590	8415.4
669.718	8375
669.846	8324.5
669.974	8426.5
670.101	8398.4
670.229	8414.7
670.357	8318.5
670.485	8313.8
670.613	8270.3
670.741	8243
670.868	8218.7
670.996	8187.6
671.124	8243.6
671.252	8308.1
671.380	8189.5
671.508	7990.2
671.635	8255.7
671.763	8314.5
671.891	8109.5
672.019	8046.9
672.147	8045.3
672.275	8123
672.402	8174.4
672.530	8080.1
672.658	8082.7
672.786	8040.4
672.914	8061.1
673.042	8120.5
673.169	8090.5
673.297	7962.6
673.425	7973.1
673.553	7961
673.681	7974.3
673.809	8070.7
673.936	7919.3
674.064	8072.4
674.192	7983.1
674.320	7925.9
674.448	7847.8
674.576	7872.3
674.703	7955.9
674.831	8038.5
674.959	8086.4
675.087	7918.8
675.215	7843.9
675.343	7834.2
675.470	7853.9
675.598	7838
675.726	7811.3
675.854	7793.3
675.982	7791.6
676.110	7784.2
676.237	7866.5
676.365	7850.3
676.493	7660.9
676.621	7786.2
676.749	7711.6
676.877	7772.9
677.004	7629.5
677.132	7739.8
677.260	7749.7
677.388	7623.4
677.516	7605.8
677.644	7642
677.772	7628.5
677.899	7470.4
678.027	7632.5
678.155	7592.6
678.283	7636
678.411	7507.1
678.539	7539.9
678.666	7603.6
678.794	7513
678.922	7503.8
679.050	7531
679.178	7536.2
679.306	7579.3
679.433	7472.8
679.561	7516.6
679.689	7572.2
679.817	7525.7
679.945	7492.4
680.073	7475.4
680.200	7430.4
680.328	7436.2
680.456	7495.6
680.584	7480.2
680.712	7474.3
680.840	7461.2
680.967	7430.1
681.095	7462.7
681.223	7440.8
681.351	7444.4
681.479	7305
681.607	7389.5
681.734	7377.9
681.862	7349.5
681.990	7317.8
682.118	7315.4
682.246	7265.6
682.374	7175
682.501	7253.6
682.629	7285.1
682.757	7269.7
682.885	7294.4
683.013	7322
683.141	7193.5
683.268	7192
683.396	7180.6
683.524	7165
683.652	7165.3
683.780	7142.2
683.908	7176.6
684.035	7215.8
684.163	7183.5
684.291	7178.9
684.419	7158.8
684.547	7115.8
684.675	7076.2
684.802	7107.4
684.930	7116.3
685.058	7025.3
685.186	7044.9
685.314	7151.5
685.442	7104.2
685.570	7056.1
685.697	6998.2
685.825	6972.8
685.953	7092.9
686.081	7005.2
686.209	6993.7
686.337	7019.2
686.464	6925.1
686.592	6889.4
686.720	6963.7
686.848	6962.4
686.976	6972.8
687.104	6973.7
687.231	6963.4
687.359	6965.7
687.487	6883.3
687.615	6991.8
687.743	6950.2
687.871	6912.9
687.998	6890.8
688.126	6911.5
688.254	6928.8
688.382	6855.1
688.510	6822.8
688.638	6926.2
688.765	6912.3
688.893	6947.5
689.021	6873.4
689.149	6889.2
689.277	6783.3
689.405	6742.5
689.532	6810.9
689.660	6851.5
689.788	6824.9
689.916	6790.8
690.044	6761.4
690.172	6810.6
690.299	6799.8
690.427	6773.4
690.555	6758.4
690.683	6763.6
690.811	6793.2
690.939	6716
691.066	6762.5
691.194	6747.1
691.322	6703.8
691.450	6690.4
691.578	6707.9
691.706	6745.2
691.833	6741.3
691.961	6679.5
692.089	6709.5
692.217	6730.5
692.345	6728.1
692.473	6743.7
692.600	6746.4
692.728	6686.9
692.856	6659.8
692.984	6683.5
693.112	6692.3
693.240	6676.3
693.367	6609.6
693.495	6621.4
693.623	6608.5
693.751	6544.2
693.879	6575.3
694.007	6633.2
694.135	6634.1
694.262	6559.1
694.390	6619.4
694.518	6622
694.646	6632.7
694.774	6563.3
694.902	6580.5
695.029	6535.2
695.157	6521.9
695.285	6542.6
695.413	6568.3
695.541	6543.3
695.669	6531
695.796	6454
695.924	6520
696.052	6575.6
696.180	6541.7
696.308	6526.1
696.436	6530.6
696.563	6549.7
696.691	6536.6
696.819	6493.5
696.947	6466.6
697.075	6462.9
697.203	6471.7
697.330	6494.4
697.458	6480.8
697.586	6464.9
697.714	6437.6
697.842	6456.9
697.970	6459.7
698.097	6451.5
698.225	6402.2
698.353	6465.2
698.481	6502.9
698.609	6456.3
698.737	6431.2
698.864	6421.8
698.992	6433.8
699.120	6396.9
699.248	6442.7
699.376	6411.7
699.504	6383.3
699.631	6391.5
699.759	6412.2
699.887	6410.8
700.015	6457.3
700.143	6343.3
700.271	6363.6
700.398	6389.3
700.526	6396.6
700.654	6405.8
700.782	6412.5
700.910	6395.6
701.038	6396.4
701.165	6412.6
701.293	6409.1
701.421	6418.1
701.549	6357.5
701.677	6363
701.805	6339.6
701.933	6300.9
702.060	6340.3
702.188	6322.8
702.316	6277.7
702.444	6321.4
702.572	6364.5
702.700	6343.1
702.827	6357.8
702.955	6295.6
703.083	6368
703.211	6336.5
703.339	6347.6
703.467	6276.5
703.594	6273.2
703.722	6313.1
703.850	6285.8
703.978	6301.5
704.106	6247
704.234	6243.8
704.361	6256.8
704.489	6293
704.617	6243.2
704.745	6271.5
704.873	6274.3
705.001	6183.6
705.128	6241.2
705.256	6226.7
705.384	6250.4
705.512	6278.6
705.640	6253.2
705.768	6245.5
705.895	6303.4
706.023	6316.9
706.151	6200.3
706.279	6251.4
706.407	6271.2
706.535	6276.1
706.662	6245.7
706.790	6208.2
706.918	6279.4
707.046	6177.2
707.174	6275.9
707.302	6272.5
707.429	6216.4
707.557	6228.7
707.685	6235.7
707.813	6232.8
707.941	6182.9
708.069	6188.2
708.196	6198.4
708.324	6175.8
708.452	6173.4
708.580	6174.7
708.708	6191.8
708.836	6193.9
708.963	6166.9
709.091	6189.6
709.219	6257.5
709.347	6176.3
709.475	6153.9
709.603	6173.1
709.731	6179.2
709.858	6158.8
709.986	6160.1
710.114	6184.3
710.242	6180.9
710.370	6158.9
710.498	6140.5
710.625	6202.1
710.753	6150.3
710.881	6132.1
711.009	6177
711.137	6179.9
711.265	6148.9
711.392	6107.3
711.520	6127.2
711.648	6153.8
711.776	6073.3
711.904	6068.7
712.032	6126.9
712.159	6109.5
712.287	6155.7
712.415	6151.1
712.543	6089.9
712.671	6149.8
712.799	6080.4
712.926	6128.6
713.054	6146.3
713.182	6146.1
713.310	6107.4
713.438	6055.8
713.566	6046.3
713.693	6071.9
713.821	6104.8
713.949	6075.6
714.077	6101.6
714.205	6130.5
714.333	6099.8
714.460	6098.9
714.588	6117.8
714.716	6127.8
714.844	6126.3
714.972	6106.5
715.100	6094.9
715.227	6131.6
715.355	6092.9
715.483	6064.5
715.611	6069.1
715.739	6056.6
715.867	6072.5
715.994	6083.4
716.122	6068.8
716.250	6081.8
716.378	6037.7
716.506	6067
716.634	6152.1
716.761	6099.8
716.889	6089.7
717.017	6067.1
717.145	6063.8
717.273	6120.7
717.401	6068.6
717.529	6012.8
717.656	6101.8
717.784	6056.3
717.912	6050.9
718.040	6048.1
718.168	6030
718.296	6032.4
718.423	6071.1
718.551	6005.7
718.679	6043.4
718.807	6054
718.935	6005.1
719.063	6052
719.190	6050.7
719.318	6056.6
719.446	6054.7
719.574	6020
719.702	6031.6
719.830	6116.5
719.957	6041.5
720.085	6018.6
720.213	6056.9
720.341	6069.2
720.469	6055.3
720.597	6101.9
720.724	6095.6
720.852	6077.3
720.980	6089.5
721.108	6105.8
721.236	6057.4
721.364	6010.7
721.491	6047.3
721.619	6025.8
721.747	5981.3
721.875	6084.8
722.003	6109.7
722.131	5987.9
722.258	6025.4
722.386	6051.2
722.514	6102.6
722.642	6066.5
722.770	6031.1
722.898	6031.4
723.025	6051.4
723.153	6073.6
723.281	5960.4
723.409	5995.9
723.537	6036.7
723.665	6050
723.792	5998.2
723.920	6020.1
724.048	6069.9
724.176	6104.5
724.304	6058.2
724.432	5954
724.559	6021.4
724.687	6070.9
724.815	6018.6
724.943	5981.5
725.071	6041.3
725.199	6034.7
725.326	6051.7
725.454	6066
725.582	6014.4
725.710	6037.8
725.838	5957
725.966	6064.8
726.094	6050.3
726.221	6068
726.349	6047.4
726.477	6029.9
726.605	6024.5
726.733	6057.1
726.861	6056.6
726.988	6026.7
727.116	6061.3
727.244	6081.4
727.372	6028.7
727.500	6001.7
727.628	5998.7
727.755	5979.8
727.883	5945.1
728.011	5939.5
728.139	5986.2
728.267	6018.5
728.395	6010.6
728.522	6067.5
728.650	5984.4
728.778	5946.6
728.906	5977.8
729.034	6007.9
729.162	5988.8
729.289	6033.1
729.417	6043.7
729.545	5984.1
729.673	6052.1
729.801	6058.9
729.929	6061.5
730.056	6059
730.184	6053.5
730.312	6040.3
730.440	6041.7
730.568	6024.2
730.696	6032.3
730.823	6015.2
730.951	6089.8
731.079	6023.2
731.207	5981.9
731.335	6001.9
731.463	6065.6
731.590	6099.4
731.718	6054.2
731.846	6041.5
731.974	6014
732.102	5923
732.230	6038.1
732.357	6009.1
732.485	5992.2
732.613	6028.5
732.741	6058.9
732.869	6027.9
732.997	5999.2
733.124	6078.4
733.252	6076.7
733.380	6029.1
733.508	6056.4
733.636	6001.5
733.764	5996.5
733.892	6025.1
734.019	6040.8
734.147	6057.5
734.275	6005.4
734.403	6063.6
734.531	6000
734.659	6076.7
734.786	5996.2
734.914	5989.8
735.042	6011.9
735.170	6052.6
735.298	6061.4
735.426	6036.5
735.553	6082.4
735.681	6149
735.809	6131.4
735.937	6017
736.065	6079.2
736.193	6064.3
736.320	6058.3
736.448	6075.6
736.576	6056.8
736.704	6029.9
736.832	6103.2
736.960	6032.4
737.087	6078.8
737.215	6103.4
737.343	6088.2
737.471	6066.7
737.599	6069.8
737.727	6085.7
737.854	6109.7
737.982	6125.7
738.110	6107.8
738.238	5982.1
738.366	6019
738.494	6062.5
738.621	6056.7
738.749	6062.8
738.877	6043
739.005	6030.4
739.133	6044.7
739.261	6068.1
739.388	6098.4
739.516	6102.4
739.644	6106.1
739.772	6042
739.900	6136.1
740.028	6080.5
740.155	6106.3
740.283	6097.4
740.411	6087.6
740.539	6129.4
740.667	6123.1
740.795	6130.9
740.922	6143.4
741.050	6106.5
741.178	6079.7
741.306	6127.9
741.434	6130.2
741.562	6111.9
741.690	6152.2
741.817	6192.4
741.945	6140
742.073	6135.6
742.201	6115.7
742.329	6028.4
742.457	6190
742.584	6146
742.712	6150.5
742.840	6117.5
742.968	6145.5
743.096	6170.9
743.224	6078.3
743.351	6107.2
743.479	6113.7
743.607	6096.6
743.735	6153.8
743.863	6122.6
743.991	6133.7
744.118	6157.9
744.246	6160.2
744.374	6154.3
744.502	6186.4
744.630	6245.8
744.758	6187.1
744.885	6206.3
745.013	6173.8
745.141	6168.9
745.269	6143.8
745.397	6155.2
745.525	6183.6
745.652	6169.5
745.780	6176.5
745.908	6263.4
746.036	6218.5
746.164	6185
746.292	6158.3
746.419	6111.7
746.547	6178.3
746.675	6202.5
746.803	6165.3
746.931	6185.8
747.059	6225.7
747.186	6199.3
747.314	6188.5
747.442	6158.9
747.570	6231.2
747.698	6192.9
747.826	6163
747.953	6184.3
748.081	6204.2
748.209	6227.9
748.337	6217.3
748.465	6179.8
748.593	6185.3
748.720	6221.9
748.848	6206.2
748.976	6195.9
749.104	6166.8
749.232	6164.8
749.360	6251.8
749.487	6250.7
749.615	6244.1
749.743	6301.3
749.871	6331
749.999	6238.7
750.127	6150.2
750.255	6257.9
750.382	6294.5
750.510	6244.8
750.638	6266.5
750.766	6286.7
750.894	6261.8
751.022	6233.2
751.149	6213.5
751.277	6214.1
751.405	6302.5
751.533	6334.8
751.661	6221.7
751.789	6286.2
751.916	6333.9
752.044	6215
752.172	6260.7
752.300	6291.8
752.428	6234.5
752.556	6242
752.683	6347.9
752.811	6296.9
752.939	6278.7
753.067	6372.4
753.195	6287.6
753.323	6273.9
753.450	6342.5
753.578	6277.7
753.706	6259.8
753.834	6286.5
753.962	6278.8
754.090	6325.1
754.217	6427.2
754.345	6384.2
754.473	6316.2
754.601	6419.5
754.729	6372
754.857	6267.4
754.984	6342.8
755.112	6420.5
755.240	6402.5
755.368	6377.2
755.496	6376.2
755.624	6323.5
755.751	6412.1
755.879	6391.7
756.007	6312.6
756.135	6422.3
756.263	6296.5
756.391	6268.3
756.518	6328.4
756.646	6334.4
756.774	6289.1
756.902	6312.1
757.030	6421.2
757.158	6375.7
757.285	6312.7
757.413	6382.2
757.541	6387
757.669	6432.9
757.797	6376
757.925	6346
758.053	6384.5
758.180	6363.7
758.308	6269.3
758.436	6334.9
758.564	6402.8
758.692	6430.2
758.820	6502.2
758.947	6523.4
759.075	6541.4
759.203	6442.1
759.331	6409
759.459	6439.7
759.587	6443.7
759.714	6429.9
759.842	6377.3
759.970	6417.5
760.098	6373.9
760.226	6439.8
760.354	6306.3
760.481	6425.4
760.609	6436.8
760.737	6474.1
760.865	6467.3
760.993	6412.8
761.121	6443.3
761.248	6438.3
761.376	6431.7
761.504	6445.1
761.632	6507.7
761.760	6546.9
761.888	6428.7
762.015	6474.9
762.143	6434.5
762.271	6411.2
762.399	6473.8
762.527	6477.7
762.655	6398.2
762.782	6394.4
762.910	6419.7
763.038	6575.4
763.166	6444.6
763.294	6532.7
763.422	6586.1
763.549	6528.3
763.677	6480.1
763.805	6449.8
763.933	6412.5
764.061	6440.9
764.189	6519.9
764.316	6396.7
764.444	6574.6
764.572	6415.9
764.700	6457.7
764.828	6429.5
764.956	6537.5
765.083	6583.6
765.211	6502.2
765.339	6476.3
765.467	6580.4
765.595	6603.5
765.723	6524.6
765.851	6575.8
765.978	6518.2
766.106	6453.3
766.234	6432.5
766.362	6509.5
766.490	6505.7
766.618	6490.1
766.745	6568.1
766.873	6656.4
767.001	6593
767.129	6448.7
767.257	6525.2
767.385	6643.3
767.512	6491
767.640	6537.4
767.768	6570.7
767.896	6553.5
768.024	6454.7
768.152	6440.5
768.279	6506.7
768.407	6574.3
768.535	6659.5
768.663	6631.9
768.791	6625
768.919	6746.7
769.046	6637.1
769.174	6663.1
769.302	6698.7
769.430	6591.3
769.558	6538.9
769.686	6555.9
769.813	6546.1
769.941	6526.8
770.069	6588.8
770.197	6675.2
770.325	6669.6
770.453	6676.6
770.580	6621.4
770.708	6660.3
770.836	6617.1
770.964	6544.1
771.092	6559.4
771.220	6641.7
771.347	6622.5
771.475	6510.5
771.603	6559.5
771.731	6658.4
771.859	6573.1
771.987	6522.7
772.114	6544.3
772.242	6639.3
772.370	6544.8
772.498	6623.7
772.626	6712.1
772.754	6715
772.881	6674.1
773.009	6625.5
773.137	6589
773.265	6614.4
773.393	6745.9
773.521	6679.3
773.649	6736.8
773.776	6667.1
773.904	6693.8
774.032	6680.2
774.160	6695.6
774.288	6720
774.416	6625.4
774.543	6549
774.671	6703.6
774.799	6758.7
774.927	6579.9
775.055	6630.9
775.183	6662.3
775.310	6594.5
775.438	6574
775.566	6601
775.694	6618.9
775.822	6649.3
775.950	6624.6
776.077	6610.2
776.205	6741.1
776.333	6721.7
776.461	6684.1
776.589	6688.3
776.717	6622.8
776.844	6590.7
776.972	6638.3
777.100	6622.7
777.228	6564.7
777.356	6597.3
777.484	6649.3
777.611	6659.5
777.739	6685.4
777.867	6754
777.995	6617.1
778.123	6701.9
778.251	6576.2
778.378	6629.6
778.506	6597.1
778.634	6609.5
778.762	6647.2
778.890	6672.5
779.018	6698.8
779.145	6706.1
779.273	6715.9
779.401	6708.9
779.529	6665.2
779.657	6650.3
779.785	6732.7
779.912	6621.8
780.040	6684
780.168	6701.2
780.296	6626.8
780.424	6614.8
780.552	6662.8
780.679	6694.4
780.807	6697.8
780.935	6682.7
781.063	6719.1
781.191	6665.7
781.319	6639.4
781.447	6802.5
781.574	6625.3
781.702	6698.2
781.830	6664.3
781.958	6634.6
782.086	6629.2
782.214	6668.8
782.341	6693
782.469	6669
782.597	6747.9
782.725	6738.4
782.853	6773.9
782.981	6652.2
783.108	6729.3
783.236	6644.7
783.364	6725.9
783.492	6736.4
783.620	6798.3
783.748	6750.2
783.875	6700.3
784.003	6740.5
784.131	6787.7
784.259	6782.1
784.387	6740.8
784.515	6718.4
784.642	6725.1
784.770	6832.4
784.898	6774.3
785.026	6765.8
785.154	6794.7
785.282	6830.9
785.409	6838.5
785.537	6775
785.665	6736.9
785.793	6794.9
785.921	6758.6
786.049	6726.4
786.176	6798.8
786.304	6735.2
786.432	6844.2
786.560	6713.2
786.688	6760.4
786.816	6759
786.943	6766.1
787.071	6709.2
787.199	6731.8
787.327	6778.2
787.455	6735.8
787.583	6723.2
787.710	6798.6
787.838	6702.7
787.966	6785.8
788.094	6817.2
788.222	6789.3
788.350	6722.4
788.477	6713.3
788.605	6717.4
788.733	6689.6
788.861	6753.9
788.989	6806.3
789.117	6807.6
789.244	6800
789.372	6795.8
789.500	6821.4
789.628	6812.6
789.756	6700.3
789.884	6799.1
790.012	6803.2
790.139	6803.8
790.267	6762.1
790.395	6812.3
790.523	6858.3
790.651	6833.3
790.779	6777.4
790.906	6775.5
791.034	6723
791.162	6797.7
791.290	6824.6
791.418	6851.6
791.546	6741.9
791.673	6839.5
791.801	6869.3
791.929	6805.1
792.057	6768.2
792.185	6818.4
792.313	6850
792.440	6847.8
792.568	6842.4
792.696	6794.2
792.824	6811.9
792.952	6796.9
793.080	6871.7
793.207	6785.9
793.335	6766.1
793.463	6833.6
793.591	6800.1
793.719	6808.7
793.847	6781.7
793.974	6829.4
794.102	6828.8
794.230	6818.3
794.358	6838.1
794.486	6771.8
794.614	6760.2
794.741	6815.1
794.869	6845.6
794.997	6725.7
795.125	6866.5
795.253	6809.8
795.381	6817.8
795.508	6818.1
795.636	6831
795.764	6813.3
795.892	6779.2
796.020	6809.2
796.148	6909.6
796.275	6892
796.403	6801
796.531	6836.2
796.659	6872.2
796.787	6888.5
796.915	6900.9
797.042	6843.6
797.170	6849.3
797.298	6804.8
797.426	6756
797.554	6802.5
797.682	6860.5
797.810	6868.7
797.937	6862
798.065	6802.4
798.193	6802.5
798.321	6744.5
798.449	6768.7
798.577	6899
798.704	6857.2
798.832	6753.8
798.960	6764.4
799.088	6838.7
799.216	6827.4
799.344	6851.8
799.471	6839.9
799.599	6825.9
799.727	6868.6
799.855	6900.2
799.983	6928.3
800.111	6855.7
800.238	6851.4
800.366	6725.6
800.494	6813.4
800.622	6868.2
800.750	6816.3
800.878	6830.9
801.005	6823.5
801.133	6867.1
801.261	6865.1
801.389	6897.9
801.517	6859.7
801.645	6828.6
801.772	6840.4
801.900	6811.5
802.028	6820.2
802.156	6832.7
802.284	6918.4
802.412	6781.7
802.539	6800.7
802.667	6909.2
802.795	6843.3
802.923	6872.3
803.051	6851.8
803.179	6858.7
803.306	6848
803.434	6790.1
803.562	6792.1
803.690	6842.2
803.818	6841
803.946	6745.7
804.073	6814.2
804.201	6775.7
804.329	6820.8
804.457	6815.1
804.585	6818.4
804.713	6871.3
804.840	6878.6
804.968	6853.7
805.096	6868.2
805.224	6864.7
805.352	6874.5
805.480	6882.3
805.608	6888.5
805.735	6960.9
805.863	6813.7
805.991	6858.8
806.119	6850.8
806.247	6868.1
806.375	6887
806.502	6865
806.630	6872.4
806.758	6880
806.886	6857.4
807.014	6809
807.142	6801.7
807.269	6822.1
807.397	6847.6
807.525	6853.3
807.653	6844.5
807.781	6779
807.909	6853.8
808.036	6869.5
808.164	6924.2
808.292	6900.9
808.420	6853.5
808.548	6826.2
808.676	6848.1
808.803	6856.9
808.931	6827.6
809.059	6742.1
809.187	6850.4
809.315	6849.9
809.443	6822.8
809.570	6798.1
809.698	6803.9
809.826	6781.6
809.954	6880.1
810.082	6804.4
810.210	6748.5
810.337	6829.6
810.465	6899.1
810.593	6791.3
810.721	6797.4
810.849	6857.4
810.977	6839.2
811.104	6779.6
811.232	6785.1
811.360	6835
811.488	6849.2
811.616	6780.7
811.744	6876.4
811.871	6870
811.999	6781.2
812.127	6712.2
812.255	6736
812.383	6741.2
812.511	6834.4
812.638	6848.5
812.766	6779.5
812.894	6750.6
813.022	6702.6
813.150	6765.2
813.278	6808.8
813.406	6784.6
813.533	6731.1
813.661	6788.4
813.789	6779.6
813.917	6716.1
814.045	6814.7
814.173	6863.5
814.300	6796.9
814.428	6728
814.556	6772.5
814.684	6779
814.812	6711.3
814.940	6785.9
815.067	6838.8
815.195	6770.8
815.323	6747.4
815.451	6789
815.579	6737.4
815.707	6771.4
815.834	6786.4
815.962	6759.6
816.090	6806.6
816.218	6804.4
816.346	6720.3
816.474	6709.2
816.601	6741.3
816.729	6786.6
816.857	6774.5
816.985	6825.1
817.113	6767.5
817.241	6758
817.368	6786.4
817.496	6767.9
817.624	6717.8
817.752	6752.8
817.880	6705.4
818.008	6680.5
818.135	6806.8
818.263	6796.4
818.391	6761.8
818.519	6766.3
818.647	6710.9
818.775	6727.5
818.902	6784.8
819.030	6745.5
819.158	6707.7
819.286	6717.3
819.414	6738.5
819.542	6757.7
819.669	6726.7
819.797	6725
819.925	6708.9
820.053	6678.4
820.181	6711.8
820.309	6792.9
820.436	6704.1
820.564	6724
820.692	6711.6
820.820	6671.7
820.948	6705.5
821.076	6716.2
821.203	6701.8
821.331	6670.5
821.459	6612.8
821.587	6705.1
821.715	6722.3
821.843	6718.6
821.971	6758.9
822.098	6728.1
822.226	6748.4
822.354	6686.3
822.482	6736.9
822.610	6719.2
822.738	6697.2
822.865	6629.6
822.993	6716.3
823.121	6702.8
823.249	6719.5
823.377	6735.6
823.505	6728.1
823.632	6710.7
823.760	6728.4
823.888	6741.8
824.016	6692.1
824.144	6647.4
824.272	6677.6
824.399	6665.3
824.527	6684.7
824.655	6720.5
824.783	6670.6
824.911	6675.7
825.039	6717.3
825.166	6703
825.294	6659.6
825.422	6619.4
825.550	6746
825.678	6737
825.806	6736.3
825.933	6716
826.061	6693.6
826.189	6693.6
826.317	6706.9
826.445	6692.7
826.573	6678.5
826.700	6733.5
826.828	6709.1
826.956	6605.3
827.084	6698.3
827.212	6615.1
827.340	6668.9
827.467	6676.4
827.595	6596.1
827.723	6622.2
827.851	6690.8
827.979	6732
828.107	6711.8
828.234	6619.5
828.362	6653.4
828.490	6608
828.618	6679.4
828.746	6717.6
828.874	6761.1
829.001	6668.9
829.129	6651.5
829.257	6644.8
829.385	6647.1
829.513	6671.6
829.641	6670.9
829.769	6668.8
829.896	6631.7
830.024	6593.6
830.152	6581.7
830.280	6614
830.408	6620.8
830.536	6658.1
830.663	6681.2
830.791	6665.7
830.919	6664
831.047	6668.3
831.175	6660.7
831.303	6678.5
831.430	6675.1
831.558	6701
831.686	6631.4
831.814	6601.1
831.942	6541.5
832.070	6589.2
832.197	6630.7
832.325	6676.4
832.453	6691.8
832.581	6639.1
832.709	6656.5
832.837	6709.9
832.964	6629.6
833.092	6663.6
833.220	6659.6
833.348	6659
833.476	6642.2
833.604	6637.8
833.731	6670.2
833.859	6710.5
833.987	6670.1
834.115	6626.8
834.243	6686.6
834.371	6597.6
834.498	6643.7
834.626	6613.9
834.754	6648.3
834.882	6616.4
835.010	6615.1
835.138	6636.8
835.265	6638.1
835.393	6603.5
835.521	6604.4
835.649	6625.2
835.777	6706
835.905	6628.1
836.032	6617.6
836.160	6671.8
836.288	6627.8
836.416	6588.3
836.544	6619.3
836.672	6579.8
836.799	6567.3
836.927	6594
837.055	6704.8
837.183	6629.7
837.311	6557.1
837.439	6600.2
837.567	6648.9
837.694	6680.7
837.822	6611.5
837.950	6622.8
838.078	6625.8
838.206	6584.6
838.334	6609
838.461	6657.1
838.589	6596.6
838.717	6601.2
838.845	6702.2
838.973	6592.6
839.101	6641.2
839.228	6586.5
839.356	6604.9
839.484	6593.5
839.612	6573.1
839.740	6604.4
839.868	6592.2
839.995	6527.7
840.123	6580.3
840.251	6572.2
840.379	6620.3
840.507	6606.7
840.635	6591.4
840.762	6654.1
840.890	6583.2
841.018	6626.4
841.146	6599.6
841.274	6587.1
841.402	6602.5
841.529	6576.8
841.657	6614.7
841.785	6685
841.913	6609.6
842.041	6608.2
842.169	6737.9
842.296	6706.3
842.424	6638.1
842.552	6649.8
842.680	6631.5
842.808	6629
842.936	6611.5
843.063	6592.7
843.191	6637.1
843.319	6627.7
843.447	6635.7
843.575	6671.1
843.703	6625.4
843.830	6611.2
843.958	6669.8
844.086	6616.2
844.214	6580.4
844.342	6564
844.470	6581.8
844.597	6614.4
844.725	6582.5
844.853	6589.3
844.981	6551.7
845.109	6522
845.237	6665.5
845.365	6643.6
845.492	6622.4
845.620	6632.6
845.748	6635.2
845.876	6621.3
846.004	6629.7
846.132	6617.7
846.259	6592
846.387	6602.7
846.515	6611.3
846.643	6611.8
846.771	6632.5
846.899	6599.9
847.026	6564.3
847.154	6533
847.282	6617
847.410	6605.8
847.538	6565.3
847.666	6580.2
847.793	6585.4
847.921	6571.1
848.049	6632.2
848.177	6590.8
848.305	6620.8
848.433	6668.8
848.560	6604.8
848.688	6600.1
848.816	6667.4
848.944	6610.8
849.072	6634.9
849.200	6630.7
849.327	6597.7
849.455	6628.9
849.583	6652.8
849.711	6624.7
849.839	6664.6
849.967	6669.6
850.094	6581.3
850.222	6637.4
850.350	6540.9
850.478	6556.3
850.606	6595.1
850.734	6524.3
850.861	6590.5
850.989	6633.5
851.117	6615.3
851.245	6577.6
851.373	6609.3
851.501	6695.1
851.628	6558.6
851.756	6675
851.884	6654.2
852.012	6564.9
852.140	6569.8
852.268	6586.7
852.395	6531.6
852.523	6513.2
852.651	6569.1
852.779	6576.3
852.907	6572.1
853.035	6608.3
853.162	6650.6
853.290	6612.8
853.418	6645.2
853.546	6697.8
853.674	6616.5
853.802	6561.1
853.930	6619.1
854.057	6700.2
854.185	6652
854.313	6619
854.441	6593.8
854.569	6600.6
854.697	6615.5
854.824	6569.5
854.952	6615.1
855.080	6640.8
855.208	6580.6
855.336	6544.1
855.464	6668.2
855.591	6578.6
855.719	6572.2
855.847	6629.3
855.975	6613.1
856.103	6658.5
856.231	6618.3
856.358	6494.9
856.486	6489.3
856.614	6626.5
856.742	6592.7
856.870	6600.8
856.998	6584.7
857.125	6541.2
857.253	6556.7
857.381	6621.9
857.509	6680.9
857.637	6700
857.765	6659.9
857.892	6618.9
858.020	6589.6
858.148	6533.6
858.276	6527.5
858.404	6609.7
858.532	6620.3
858.659	6663.8
858.787	6662.4
858.915	6673.5
859.043	6680.1
859.171	6588.9
859.299	6678.6
859.426	6635.6
859.554	6587.4
859.682	6614.1
859.810	6590.3
859.938	6575.9
860.066	6642.4
860.193	6588.9
860.321	6614.7
860.449	6653.3
860.577	6636
860.705	6743.4
860.833	6596.7
860.960	6532.7
861.088	6603.9
861.216	6576.8
861.344	6597.1
861.472	6583.2
861.600	6593.4
861.728	6627
861.855	6557.1
861.983	6561.4
862.111	6624.7
862.239	6636.5
862.367	6665.9
862.495	6587.2
862.622	6604.5
862.750	6529.3
862.878	6584.1
863.006	6633.6
863.134	6574.6
863.262	6544.7
863.389	6617.4
863.517	6658.9
863.645	6579
863.773	6547.6
863.901	6595.9
864.029	6463.2
864.156	6630.2
864.284	6590.8
864.412	6573.6
864.540	6524.2
864.668	6534.3
864.796	6617.8
864.923	6628.8
865.051	6623.6
865.179	6571.2
865.307	6571.4
865.435	6627.2
865.563	6612.7
865.690	6668.4
865.818	6641.9
865.946	6630.5
866.074	6557.6
866.202	6655.7
866.330	6685
866.457	6722.3
866.585	6616.6
866.713	6624.8
866.841	6605.9
866.969	6608.6
867.097	6577.5
867.224	6523.2
867.352	6547.8
867.480	6606.3
867.608	6601.4
867.736	6642.7
867.864	6622.7
867.991	6664.5
868.119	6587.2
868.247	6593.5
868.375	6562.7
868.503	6564.1
868.631	6604.9
868.758	6621.2
868.886	6563.6
869.014	6518.7
869.142	6592.5
869.270	6658.8
869.398	6554.3
869.526	6515.9
869.653	6657.4
869.781	6658.6
869.909	6571.8
870.037	6698.1
870.165	6603.6
870.293	6593.8
870.420	6583.6
870.548	6541.2
870.676	6571.5
870.804	6618.6
870.932	6620.5
871.060	6573.4
871.187	6561.9
871.315	6621
871.443	6607.2
871.571	6647.1
871.699	6617.2
871.827	6460.4
871.954	6635.9
872.082	6680.5
872.210	6617.1
872.338	6575.4
872.466	6599.2
872.594	6592.6
872.721	6596.7
872.849	6617.5
872.977	6612.2
873.105	6590.6
873.233	6583.5
873.361	6585.1
873.488	6587.9
873.616	6499.6
873.744	6672.2
873.872	6633.8
874.000	6511.5
874.128	6535.2
874.255	6506.3
874.383	6539.9
874.511	6607.4
874.639	6618.1
874.767	6648.7
874.895	6655.6
875.022	6673.1
875.150	6695.6
875.278	6619.3
875.406	6595.2
875.534	6609.8
875.662	6612.7
875.789	6661.9
875.917	6565.8
876.045	6564.6
876.173	6554.2
876.301	6571.7
876.429	6665.8
876.556	6593.6
876.684	6643
876.812	6661
876.940	6612
877.068	6571.6
877.196	6532.2
877.323	6514.9
877.451	6511.6
877.579	6555
877.707	6597.4
877.835	6628.5
877.963	6588.7
878.091	6530.7
878.218	6610.1
878.346	6644.4
878.474	6599.7
878.602	6663.2
878.730	6645.6
878.858	6586.9
878.985	6585.7
879.113	6576.4
879.241	6542.5
879.369	6555.2
879.497	6560.8
879.625	6544.4
879.752	6572.5
879.880	6654.8
880.008	6626.7
880.136	6555
880.264	6584.7
880.392	6640.2
880.519	6567.5
880.647	6534.9
880.775	6557.3
880.903	6580
881.031	6612.3
881.159	6605.6
881.286	6588.1
881.414	6642.6
881.542	6675.8
881.670	6599.3
881.798	6610
881.926	6717.8
882.053	6689
882.181	6682.3
882.309	6611.8
882.437	6550.3
882.565	6563.5
882.693	6656.3
882.820	6621.3
882.948	6635.9
883.076	6613.2
883.204	6604.6
883.332	6573.6
883.460	6554.6
883.587	6596.4
883.715	6574.7
883.843	6607.4
883.971	6658
884.099	6554
884.227	6538.9
884.354	6655.1
884.482	6562.2
884.610	6566.9
884.738	6552
884.866	6631.3
884.994	6545.7
885.121	6565
885.249	6546.5
885.377	6603.4
885.505	6620.7
885.633	6537.8
885.761	6562.5
885.889	6638.7
886.016	6569.1
886.144	6498.3
886.272	6562.1
886.400	6701.1
886.528	6610.9
886.656	6633.8
886.783	6573.3
886.911	6655.8
887.039	6667.8
887.167	6637.2
887.295	6601.6
887.423	6624.7
887.550	6683.6
887.678	6662.3
887.806	6575.6
887.934	6561.8
888.062	6608
888.190	6587.2
888.317	6560.5
888.445	6620.8
888.573	6542.6
888.701	6622.6
888.829	6629.1
888.957	6663.9
889.084	6748.3
889.212	6576.3
889.340	6599
889.468	6509
889.596	6515.9
889.724	6494.6
889.851	6519.7
889.979	6551
890.107	6525.8
890.235	6534.4
890.363	6566.3
890.491	6541.3
890.618	6550.8
890.746	6541.2
890.874	6502.6
891.002	6468.4
891.130	6536.7
891.258	6591.6
891.385	6632.5
891.513	6654.1
891.641	6633.8
891.769	6568.2
891.897	6643.1
892.025	6569.2
892.152	6437.7
892.280	6466.4
892.408	6542.7
892.536	6559.1
892.664	6556.5
892.792	6531.3
892.919	6503.5
893.047	6514.3
893.175	6659.5
893.303	6634.1
893.431	6551
893.559	6490.9
893.687	6645.6
893.814	6630.2
893.942	6553.2
894.070	6537.7
894.198	6513.9
894.326	6584
894.454	6601.9
894.581	6556.5
894.709	6558.1
894.837	6624.7
894.965	6612.5
895.093	6556.3
895.221	6569.1
895.348	6613.7
895.476	6543.9
895.604	6566.7
895.732	6541.7
895.860	6522.2
895.988	6617
896.115	6512.8
896.243	6610.9
896.371	6572
896.499	6554.3
896.627	6511.9
896.755	6576.5
896.882	6555.4
897.010	6537.8
897.138	6524.5
897.266	6503.1
897.394	6525.4
897.522	6537.7
897.649	6509.3
897.777	6517.7
897.905	6506.8
898.033	6499.9
898.161	6540.6
898.289	6638.1
898.416	6557.5
898.544	6423.9
898.672	6468.5
898.800	6571.1
898.928	6394.6
899.056	6522.6
899.183	6542.3
899.311	6528.8
899.439	6503.7
899.567	6520
899.695	6517.9
899.823	6484
899.950	6517.9
900.078	6558.9
900.206	6538
900.334	6595.1
900.462	6613
900.590	6593.1
900.717	6546.8
900.845	6582.6
900.973	6568.3
901.101	6608.1
901.229	6478.9
901.357	6575.6
901.485	6553
901.612	6603.7
901.740	6515
901.868	6558.8
901.996	6531.3
902.124	6515.6
902.252	6546.9
902.379	6571.8
902.507	6569.5
902.635	6533.9
902.763	6534.2
902.891	6533.4
903.019	6527.2
903.146	6524.2
903.274	6500.4
903.402	6555.6
903.530	6557.4
903.658	6608.2
903.786	6481.7
903.913	6562.6
904.041	6664.1
904.169	6576.2
904.297	6494.2
904.425	6564.6
904.553	6538.2
904.680	6499.3
904.808	6494.5
904.936	6471.8
905.064	6504.4
905.192	6546.5
905.320	6563.4
905.447	6523.7
905.575	6483.4
905.703	6460.2
905.831	6451.2
905.959	6432
906.087	6476.3
906.214	6539.7
906.342	6507.7
906.470	6482.2
906.598	6396.2
906.726	6491.6
906.854	6441.2
906.981	6433.4
907.109	6527.1
907.237	6442.7
907.365	6452.7
907.493	6483.3
907.621	6547.8
907.748	6550.4
907.876	6464.4
908.004	6453.7
908.132	6485.4
908.260	6489.5
908.388	6517.8
908.515	6499.6
908.643	6477.9
908.771	6412.4
908.899	6407.8
909.027	6520.8
909.155	6512.4
909.283	6471.2
909.410	6525.7
909.538	6510.6
909.666	6499.7
909.794	6539.2
909.922	6511.1
910.050	6514.1
910.177	6428
910.305	6553.7
910.433	6586.8
910.561	6519.9
910.689	6476.7
910.817	6471.4
910.944	6470
911.072	6453
911.200	6436.9
911.328	6411.1
911.456	6435.8
911.584	6445.7
911.711	6418.2
911.839	6482.7
911.967	6500.7
912.095	6498.1
912.223	6466.7
912.351	6459.7
912.478	6447.8
912.606	6392.6
912.734	6403
912.862	6448.7
912.990	6444.5
913.118	6469.1
913.245	6449.9
913.373	6431.6
913.501	6455.8
913.629	6388.8
913.757	6439.4
913.885	6463.4
914.012	6422.5
914.140	6442
914.268	6479.4
914.396	6471.9
914.524	6452
914.652	6410.4
914.779	6393.1
914.907	6438
915.035	6500.8
915.163	6378.7
915.291	6357
915.419	6374.8
915.546	6485.9
915.674	6429.6
915.802	6455.9
915.930	6386.8
916.058	6423.6
916.186	6425
916.313	6392.8
916.441	6397.3
916.569	6404.2
916.697	6439.9
916.825	6442.7
916.953	6448
917.080	6430.8
917.208	6443.8
917.336	6416.6
917.464	6414.9
917.592	6402.5
917.720	6381.2
917.848	6440.9
917.975	6453.4
918.103	6432.2
918.231	6473
918.359	6438.9
918.487	6409.4
918.615	6421.4
918.742	6346
918.870	6456.3
918.998	6542.8
919.126	6400.3
919.254	6437.7
919.382	6423.6
919.509	6452.9
919.637	6442.5
919.765	6405.3
919.893	6435.9
920.021	6478.2
920.149	6456.9
920.276	6466.1
920.404	6488.6
920.532	6443.6
920.660	6387.3
920.788	6400
920.916	6439.2
921.043	6443.9
921.171	6457.1
921.299	6405.4
921.427	6428.3
921.555	6436.8
921.683	6431.1
921.810	6424.9
921.938	6402.5
922.066	6415.2
922.194	6422.2
922.322	6441.5
922.450	6448.2
922.577	6459.5
922.705	6431.4
922.833	6508.3
922.961	6461.8
923.089	6377.5
923.217	6416.6
923.344	6425.9
923.472	6412.5
923.600	6433.9
923.728	6432.3
923.856	6441.7
923.984	6486.3
924.111	6475.5
924.239	6399.3
924.367	6443
924.495	6453.2
924.623	6455.2
924.751	6452.6
924.878	6376.4
925.006	6388.4
925.134	6444.9
925.262	6402.8
925.390	6410.6
925.518	6415.6
925.646	6418.8
925.773	6394.4
925.901	6475.3
926.029	6466.3
926.157	6392.3
926.285	6416.2
926.413	6407.3
926.540	6351.6
926.668	6395.6
926.796	6409
926.924	6392.3
927.052	6417.4
927.180	6418.2
927.307	6392.7
927.435	6404.5
927.563	6394.4
927.691	6401.3
927.819	6379.7
927.947	6397.3
928.074	6458.2
928.202	6440.4
928.330	6402.6
928.458	6428
928.586	6411.4
928.714	6470
928.841	6459.7
928.969	6412.5
929.097	6444.7
929.225	6407.7
929.353	6437.1
929.481	6450.8
929.608	6400.9
929.736	6368.8
929.864	6374.9
929.992	6365.8
930.120	6499
930.248	6433.8
930.375	6413
930.503	6403.4
930.631	6402.5
930.759	6393.5
930.887	6474.2
931.015	6421
931.142	6403
931.270	6424.6
931.398	6402.4
931.526	6430.7
931.654	6442.9
931.782	6490.5
931.909	6456.7
932.037	6448.3
932.165	6447.2
932.293	6412.3
932.421	6405.7
932.549	6437.6
932.676	6402
932.804	6451.6
932.932	6419
933.060	6402.6
933.188	6471
933.316	6448.8
933.444	6436
933.571	6450.3
933.699	6477
933.827	6446.9
933.955	6453.9
934.083	6473.3
934.211	6417.4
934.338	6349.9
934.466	6444.2
934.594	6495.2
934.722	6413.5
934.850	6448.8
934.978	6406
935.105	6476.8
935.233	6451.2
935.361	6450.5
935.489	6459.7
935.617	6467.9
935.745	6409.2
935.872	6432.9
936.000	6413.9
936.128	6390.1
936.256	6391.9
936.384	6424.1
936.512	6440.8
936.639	6428.7
936.767	6412.8
936.895	6435.2
937.023	6441.9
937.151	6415.3
937.279	6402.7
937.406	6434.9
937.534	6492.2
937.662	6452.1
937.790	6450.1
937.918	6429.4
938.046	6428.3
938.173	6441.4
938.301	6399.7
938.429	6479.4
938.557	6491.4
938.685	6426.5
938.813	6433.4
938.940	6427.7
939.068	6470
939.196	6536.2
939.324	6459.4
939.452	6456.6
939.580	6522.6
939.707	6447.7
939.835	6427.8
939.963	6438.7
940.091	6502.5
940.219	6510.1
940.347	6503.6
940.474	6557.6
940.602	6522.1
940.730	6463.8
940.858	6473.6
940.986	6470.9
941.114	6493.7
941.241	6460.2
941.369	6473.8
941.497	6461.5
941.625	6454.4
941.753	6475.6
941.881	6490.5
942.009	6497.1
942.136	6434.6
942.264	6427.5
942.392	6426.2
942.520	6404.3
942.648	6404.6
942.776	6430.3
942.903	6471.2
943.031	6479.5
943.159	6418.2
943.287	6430.3
943.415	6492.1
943.543	6442
943.670	6523.9
943.798	6461
943.926	6496.1
944.054	6474.8
944.182	6427.9
944.310	6443.6
944.437	6433.8
944.565	6454.3
944.693	6418.6
944.821	6478.3
944.949	6503
945.077	6531.5
945.204	6474.4
945.332	6529
945.460	6492.8
945.588	6471.9
945.716	6502
945.844	6524.8
945.971	6483.9
946.099	6516.4
946.227	6460.4
946.355	6512.7
946.483	6499.6
946.611	6487.3
946.738	6488.9
946.866	6518.2
946.994	6560.3
947.122	6501
947.250	6486.7
947.378	6454
947.505	6522.4
947.633	6540.8
947.761	6533.8
947.889	6471.7
948.017	6527.5
948.145	6548.1
948.272	6520.4
948.400	6523.7
948.528	6503
948.656	6507.7
948.784	6475.9
948.912	6477.2
949.039	6476.8
949.167	6469.2
949.295	6450.2
949.423	6476.8
949.551	6520.2
949.679	6526.7
949.807	6458.1
949.934	6411.8
950.062	6516.7
950.190	6497
950.318	6523
950.446	6524.5
950.574	6543.1
950.701	6447.5
950.829	6504.3
950.957	6505.8
951.085	6444.5
951.213	6501.2
951.341	6498.5
951.468	6539.6
951.596	6579.3
951.724	6529.5
951.852	6476.1
951.980	6439.8
952.108	6399.3
952.235	6456.5
952.363	6437.9
952.491	6468
952.619	6390.5
952.747	6501.2
952.875	6495.4
953.002	6521.4
953.130	6491.2
953.258	6510.1
953.386	6501.2
953.514	6460.1
953.642	6440.1
953.769	6426.5
953.897	6442.5
954.025	6461.1
954.153	6491.6
954.281	6454.9
954.409	6435.3
954.536	6498.8
954.664	6458
954.792	6472.2
954.920	6502.6
955.048	6507.3
955.176	6441.6
955.303	6468
955.431	6475.1
955.559	6436.1
955.687	6456.5
955.815	6447.6
955.943	6449
956.070	6499.8
956.198	6534
956.326	6509
956.454	6461.2
956.582	6466.8
956.710	6476.3
956.837	6522.8
956.965	6506.1
957.093	6452.7
957.221	6516.5
957.349	6401.6
957.477	6527
957.605	6473.1
957.732	6460.1
957.860	6509.3
957.988	6487.9
958.116	6513.9
958.244	6529.7
958.372	6491.4
958.499	6470.3
958.627	6464.3
958.755	6450.8
958.883	6481.1
959.011	6495.4
959.139	6477.2
959.266	6485.7
959.394	6461.2
959.522	6413.7
959.650	6534.1
959.778	6532.2
959.906	6467.5
960.033	6485.3
960.161	6504.4
960.289	6508.6
960.417	6526.6
960.545	6566.9
960.673	6491.9
960.800	6461.8
960.928	6469.5
961.056	6485.7
961.184	6480.5
961.312	6460.4
961.440	6533.6
961.567	6430.3
961.695	6452.4
961.823	6458
961.951	6487.7
962.079	6410.1
962.207	6443.4
962.334	6448.6
962.462	6378.1
962.590	6420.3
962.718	6470.6
962.846	6417.6
962.974	6437.6
963.101	6446
963.229	6460.4
963.357	6478.6
963.485	6471
963.613	6449.4
963.741	6405.9
963.868	6428
963.996	6498
964.124	6450.7
964.252	6454.4
964.380	6436.6
964.508	6414
964.635	6463.8
964.763	6491.2
964.891	6456.9
965.019	6479.9
965.147	6492
965.275	6525.1
965.403	6491.2
965.530	6456.7
965.658	6453.3
965.786	6474.1
965.914	6494.1
966.042	6510.5
966.170	6522.8
966.297	6546.3
966.425	6542.2
966.553	6499.8
966.681	6509.7
966.809	6490.7
966.937	6465.2
967.064	6440
967.192	6442.7
967.320	6493.2
967.448	6506.3
967.576	6371.3
967.704	6455.8
967.831	6477.6
967.959	6469.1
968.087	6492.1
968.215	6478.8
968.343	6473.3
968.471	6442.6
968.598	6435.1
968.726	6454
968.854	6501.6
968.982	6474.5
969.110	6409.6
969.238	6412.2
969.365	6416.1
969.493	6458.4
969.621	6480.7
969.749	6441.5
969.877	6521.1
970.005	6426.2
970.132	6459
970.260	6492.9
970.388	6444.3
970.516	6512.6
970.644	6487.7
970.772	6469.9
970.899	6533.9
971.027	6485.1
971.155	6512
971.283	6480.6
971.411	6508.7
971.539	6488.2
971.666	6483.2
971.794	6517
971.922	6542.1
972.050	6511.6
972.178	6440.7
972.306	6453.9
972.433	6414.9
972.561	6476.4
972.689	6481.2
972.817	6447.3
972.945	6495.2
973.073	6462.2
973.201	6516.4
973.328	6486.6
973.456	6471.9
973.584	6534.1
973.712	6437.2
973.840	6490.9
973.968	6538.6
974.095	6493.8
974.223	6478.5
974.351	6421.7
974.479	6450.2
974.607	6402.3
974.735	6416.9
974.862	6479.1
974.990	6455
975.118	6467.3
975.246	6516.7
975.374	6535.7
975.502	6477.8
975.629	6465.8
975.757	6460.1
975.885	6461.3
976.013	6474.8
976.141	6456.4
976.269	6447.8
976.396	6434.7
976.524	6491.2
976.652	6392.1
976.780	6372.7
976.908	6504.9
977.036	6394.4
977.163	6458.9
977.291	6492.7
977.419	6443.1
977.547	6415.9
977.675	6392.9
977.803	6440.4
977.930	6512
978.058	6520
978.186	6456.2
978.314	6438
978.442	6477.6
978.570	6425
978.697	6413.6
978.825	6430.4
978.953	6430.9
979.081	6387.1
979.209	6378.3
979.337	6374.5
979.464	6400.3
979.592	6423.4
979.720	6408.4
979.848	6412.9
979.976	6557.1
980.104	6437.1
980.231	6398.5
980.359	6454.3
980.487	6448.2
980.615	6538.8
980.743	6515.2
980.871	6474.5
980.998	6539.3
981.126	6527.2
981.254	6469.5
981.382	6434.3
981.510	6442.9
981.638	6494.1
981.766	6436.1
981.893	6352.6
982.021	6407.5
982.149	6477
982.277	6524.4
982.405	6491
982.533	6438.7
982.660	6511.8
982.788	6506
982.916	6422.7
983.044	6568.2
983.172	6482
983.300	6445.1
983.427	6439.7
983.555	6554.7
983.683	6546.3
983.811	6525.9
983.939	6528.2
984.067	6582.5
984.194	6569.8
984.322	6548.3
984.450	6497.2
984.578	6513.5
984.706	6486.1
984.834	6461.1
984.961	6485.5
985.089	6489.4
985.217	6514.6
985.345	6528.5
985.473	6478.2
985.601	6426
985.728	6494.8
985.856	6517.9
985.984	6471.7
986.112	6481.9
986.240	6499.6
986.368	6409.5
986.495	6444.9
986.623	6490.1
986.751	6430.8
986.879	6553.6
987.007	6445.2
987.135	6398.3
987.262	6519.1
987.390	6490.3
987.518	6488.9
987.646	6458.7
987.774	6456.3
987.902	6426.6
988.029	6419
988.157	6429.8
988.285	6454.7
988.413	6382.9
988.541	6366.1
988.669	6435.3
988.796	6478.9
988.924	6541
989.052	6507
989.180	6397.5
989.308	6450
989.436	6467.9
989.564	6453.8
989.691	6436.3
989.819	6407.9
989.947	6503.9
990.075	6494.1
990.203	6445.2
990.331	6561.4
990.458	6546.7
990.586	6521.6
990.714	6549.8
990.842	6522.2
990.970	6559.6
991.098	6552.3
991.225	6468.6
991.353	6463.9
991.481	6524.6
991.609	6519.2
991.737	6521.4
991.865	6535.9
991.992	6518
992.120	6491.5
992.248	6545.5
992.376	6506.3
992.504	6447
992.632	6450.9
992.759	6498.1
992.887	6525.5
993.015	6513.7
993.143	6528.3
993.271	6527
993.399	6564.2
993.526	6618.6
993.654	6631.6
993.782	6527.1
993.910	6533
994.038	6531.2
994.166	6441.9
994.293	6432.8
994.421	6457.3
994.549	6542.2
994.677	6479.2
994.805	6440.7
994.933	6608.6
995.060	6519.4
995.188	6447.5
995.316	6449
995.444	6466.3
995.572	6472.5
995.700	6521.9
995.827	6490.8
995.955	6473
996.083	6476.4
996.211	6460.5
996.339	6418.8
996.467	6446.1
996.594	6535.4
996.722	6517.1
996.850	6492.1
996.978	6531.1
997.106	6504.6
997.234	6482.6
997.362	6519.6
997.489	6505.6
997.617	6511.7
997.745	6535.2
997.873	6461.2
998.001	6450.9
998.129	6489.1
998.256	6499
998.384	6493.3
998.512	6477.5
998.640	6561.4
998.768	6427.1
998.896	6480.2
999.023	6508.9
999.151	6505.6
999.279	6449.6
999.407	6474.7
999.535	6592.5
999.663	6370
999.790	6417.2
999.918	6465.8
1000.046	6447.3
1000.174	6452.2
1000.302	6446.8
1000.430	6456
1000.557	6496.2
1000.685	6471.3
1000.813	6535.7
1000.941	6428.6
1001.069	6411
1001.197	6549.2
1001.324	6558.9
1001.452	6492.3
1001.580	6467.1
1001.708	6473.1
1001.836	6450.7
1001.964	6443.5
1002.091	6460.3
1002.219	6468.1
1002.347	6472.9
1002.475	6484.5
1002.603	6448
1002.731	6452.4
1002.858	6528.8
1002.986	6507.6
1003.114	6524.1
1003.242	6479.1
1003.370	6480.4
1003.498	6551.5
1003.625	6457.2
1003.753	6483.5
1003.881	6519
1004.009	6543.2
1004.137	6515
1004.265	6483.2
1004.392	6439.8
1004.520	6462.2
1004.648	6530.8
1004.776	6473.8
1004.904	6514.3
1005.032	6377.9
1005.160	6406.3
1005.287	6395.4
1005.415	6528.1
1005.543	6440.9
1005.671	6511.9
1005.799	6464.1
1005.927	6513.6
1006.054	6455.6
1006.182	6432.1
1006.310	6378.8
1006.438	6385.7
1006.566	6472.6
1006.694	6470
1006.821	6496.9
1006.949	6464.2
1007.077	6431.7
1007.205	6461
1007.333	6490.3
1007.461	6419.1
1007.588	6439.1
1007.716	6498.7
1007.844	6514
1007.972	6509.9
1008.100	6485
1008.228	6459.1
1008.355	6429.7
1008.483	6451.5
1008.611	6529
1008.739	6528.7
1008.867	6505.2
1008.995	6465
1009.122	6474.1
1009.250	6446.2
1009.378	6426.7
1009.506	6459.8
1009.634	6481.3
1009.762	6427.6
1009.889	6523.4
1010.017	6465.1
1010.145	6481.7
1010.273	6502.7
1010.401	6439.6
1010.529	6406.7
1010.656	6404.1
1010.784	6511.8
1010.912	6458.7
1011.040	6499.9
1011.168	6394.7
1011.296	6542.2
1011.423	6548.2
1011.551	6425.6
1011.679	6374
1011.807	6402.4
1011.935	6396.1
1012.063	6449.8
1012.190	6455.3
1012.318	6397.4
1012.446	6438.5
1012.574	6471
1012.702	6456.9
1012.830	6441.7
1012.957	6442.1
1013.085	6457.9
1013.213	6456.6
1013.341	6446.5
1013.469	6452
1013.597	6486.4
1013.725	6463.2
1013.852	6396.7
1013.980	6358.8
1014.108	6408.7
1014.236	6426.2
1014.364	6418.9
1014.492	6415.3
1014.619	6435.4
1014.747	6464.5
1014.875	6445.4
1015.003	6401.1
1015.131	6409.9
1015.259	6423.9
1015.386	6436.6
1015.514	6467.1
1015.642	6448.4
1015.770	6442.2
1015.898	6419.9
1016.026	6437
1016.153	6478.8
1016.281	6424
1016.409	6415.1
1016.537	6432.6
1016.665	6407.4
1016.793	6390.1
1016.920	6443.4
1017.048	6474.3
1017.176	6415
1017.304	6389.1
1017.432	6403.6
1017.560	6416.2
1017.687	6454.8
1017.815	6390.6
1017.943	6402.5
1018.071	6420.2
1018.199	6441.8
1018.327	6428.4
1018.454	6364.6
1018.582	6465.8
1018.710	6453.5
1018.838	6434.1
1018.966	6349.2
1019.094	6430.1
1019.221	6466.9
1019.349	6410.4
1019.477	6399.6
1019.605	6383.7
1019.733	6438.7
1019.861	6455.6
1019.988	6431.9
1020.116	6381.8
1020.244	6398.7
1020.372	6443.6
1020.500	6416.9
1020.628	6472.9
1020.755	6475.3
1020.883	6434.1
1021.011	6418.9
1021.139	6507.3
1021.267	6427.9
1021.395	6399.8
1021.523	6403.1
1021.650	6426.7
1021.778	6457.5
1021.906	6409.1
1022.034	6493.9
1022.162	6425.1
1022.290	6407.1
1022.417	6426.7
1022.545	6422
1022.673	6390.1
1022.801	6409.6
1022.929	6449.6
1023.057	6483.7
1023.184	6441.5
1023.312	6417.9
1023.440	6486.7
1023.568	6437.6
1023.696	6403.1
1023.824	6387.2
1023.951	6393.4
1024.079	6420.7
1024.207	6438.2
1024.335	6463.8
1024.463	6449.1
1024.591	6475.1
1024.718	6467.1
1024.846	6451.7
1024.974	6401.7
1025.102	6377.9
1025.230	6421
1025.358	6473.3
1025.485	6460.6
1025.613	6445
1025.741	6391.9
1025.869	6400.3
1025.997	6445.4
1026.125	6428.3
1026.252	6412.8
1026.380	6406.1
1026.508	6443
1026.636	6444.6
1026.764	6459.4
1026.892	6417.8
1027.019	6455.5
1027.147	6435.6
1027.275	6435.8
1027.403	6391.9
1027.531	6453.6
1027.659	6493.5
1027.786	6419.3
1027.914	6461.1
1028.042	6444
1028.170	6414.4
1028.298	6411.2
1028.426	6407.5
1028.553	6415.3
1028.681	6420.4
1028.809	6450.7
1028.937	6467.2
1029.065	6403.2
1029.193	6402.4
1029.321	6462.1
1029.448	6437.5
1029.576	6474.2
1029.704	6472.2
1029.832	6437
1029.960	6428.8
1030.088	6438
1030.215	6438.3
1030.343	6434.5
1030.471	6451.2
1030.599	6499.4
1030.727	6489
1030.855	6440.9
1030.982	6461.8
1031.110	6468.1
1031.238	6408.7
1031.366	6445.5
1031.494	6480.5
1031.622	6449.6
1031.749	6451
1031.877	6455.5
1032.005	6442
1032.133	6478.7
1032.261	6435.2
1032.389	6498.4
1032.516	6470.7
1032.644	6473.1
1032.772	6408.4
1032.900	6394.4
1033.028	6420.1
1033.156	6429.6
1033.283	6424
1033.411	6381
1033.539	6371.4
1033.667	6399.2
1033.795	6430.3
1033.923	6452
1034.050	6421.7
1034.178	6502.7
1034.306	6493
1034.434	6478.6
1034.562	6459.1
1034.690	6442.4
1034.817	6456.4
1034.945	6451
1035.073	6395.2
1035.201	6473.8
1035.329	6453.3
1035.457	6461.9
1035.584	6441.3
1035.712	6398
1035.840	6447.2
1035.968	6497
1036.096	6517.5
1036.224	6448.4
1036.351	6455.6
1036.479	6450.9
1036.607	6486.4
1036.735	6512.9
1036.863	6498.3
1036.991	6432.5
1037.119	6434
1037.246	6432
1037.374	6438.8
1037.502	6431
1037.630	6422.8
1037.758	6424.2
1037.886	6468.7
1038.013	6425.7
1038.141	6459.3
1038.269	6410.9
1038.397	6397.9
1038.525	6467
1038.653	6520.3
1038.780	6419.2
1038.908	6449.9
1039.036	6432.5
1039.164	6409.7
1039.292	6458.7
1039.420	6515.9
1039.547	6411
1039.675	6451.6
1039.803	6471.4
1039.931	6486.8
1040.059	6486.4
1040.187	6478.2
1040.314	6427.4
1040.442	6472.1
1040.570	6503.8
1040.698	6430
1040.826	6457.2
1040.954	6406.4
1041.081	6462.6
1041.209	6474.9
1041.337	6487.8
1041.465	6417
1041.593	6509.5
1041.721	6480.4
1041.848	6406.2
1041.976	6471.5
1042.104	6393.9
1042.232	6519.7
1042.360	6418.3
1042.488	6459.2
1042.615	6519.8
1042.743	6485.8
1042.871	6470.7
1042.999	6401.8
1043.127	6391.9
1043.255	6419.2
1043.382	6499.6
1043.510	6411.9
1043.638	6391.7
1043.766	6423.9
1043.894	6411.7
1044.022	6456.9
1044.149	6475.3
1044.277	6514.6
1044.405	6461.2
1044.533	6431.1
1044.661	6454.2
1044.789	6421.8
1044.916	6426.1
1045.044	6452.5
1045.172	6484.6
1045.300	6416.1
1045.428	6423.7
1045.556	6403.9
1045.684	6433.7
1045.811	6443.4
1045.939	6340.5
1046.067	6392.1
1046.195	6388.4
1046.323	6413.7
1046.451	6463.5
1046.578	6445.7
1046.706	6476.8
1046.834	6461.9
1046.962	6457.8
1047.090	6501.9
1047.218	6447.6
1047.345	6475
1047.473	6423.2
1047.601	6450.8
1047.729	6424.4
1047.857	6432.4
1047.985	6463
1048.112	6464.2
1048.240	6438.1
1048.368	6410.8
1048.496	6426.3
1048.624	6474.7
1048.752	6456.2
1048.879	6440
1049.007	6378
1049.135	6425.1
1049.263	6423
1049.391	6454.6
1049.519	6472.8
1049.646	6498.1
1049.774	6436.5
1049.902	6440
1050.030	6448.1
1050.158	6427.8
1050.286	6428
1050.413	6484.9
1050.541	6462.3
1050.669	6485
1050.797	6440.6
1050.925	6393.5
1051.053	6411
1051.180	6486.3
1051.308	6529
1051.436	6490.2
1051.564	6471.8
1051.692	6467.5
1051.820	6457.8
1051.947	6450.7
1052.075	6445.5
1052.203	6431.3
1052.331	6483.7
1052.459	6503.9
1052.587	6500
1052.714	6461
1052.842	6477
1052.970	6460
1053.098	6467.5
1053.226	6478.3
1053.354	6477.6
1053.482	6489.1
1053.609	6493.7
1053.737	6479.3
1053.865	6473.9
1053.993	6414.3
1054.121	6420.2
1054.249	6484.7
1054.376	6489.6
1054.504	6513.9
1054.632	6510.1
1054.760	6426.4
1054.888	6462.6
1055.016	6473.4
1055.143	6470.3
1055.271	6456.8
1055.399	6447.4
1055.527	6527.9
1055.655	6496.9
1055.783	6462.1
1055.910	6447.7
1056.038	6439.4
1056.166	6486.8
1056.294	6435.7
1056.422	6438.9
1056.550	6456.4
1056.677	6512.9
1056.805	6520.5
1056.933	6524.6
1057.061	6508
1057.189	6484.1
1057.317	6480.1
1057.444	6553.4
1057.572	6477.4
1057.700	6488.8
1057.828	6429.5
1057.956	6541.5
1058.084	6484.1
1058.211	6400.6
1058.339	6402.2
1058.467	6435.4
1058.595	6475.8
1058.723	6492
1058.851	6414.8
1058.978	6470.9
1059.106	6462.5
1059.234	6449.9
1059.362	6459.5
1059.490	6472.8
1059.618	6477.8
1059.745	6404.1
1059.873	6453
1060.001	6490.5
1060.129	6465.2
1060.257	6495.4
1060.385	6479
1060.512	6486.6
1060.640	6496.1
1060.768	6474.6
1060.896	6467
1061.024	6446.5
1061.152	6430.1
1061.280	6440.5
1061.407	6456.9
1061.535	6451.7
1061.663	6453.8
1061.791	6459.9
1061.919	6454.4
1062.047	6502.6
1062.174	6501.2
1062.302	6482
1062.430	6473.6
1062.558	6441.3
1062.686	6479.7
1062.814	6498.9
1062.941	6491.3
1063.069	6486
1063.197	6413
1063.325	6440.5
1063.453	6503.3
1063.581	6441.6
1063.708	6434.1
1063.836	6431.4
1063.964	6465.8
1064.092	6410.1
1064.220	6480.2
1064.348	6463.4
1064.475	6457.1
1064.603	6473.4
1064.731	6555.6
1064.859	6529.9
1064.987	6473.4
1065.115	6434.7
1065.242	6450.5
1065.370	6464
1065.498	6510.5
1065.626	6495.6
1065.754	6489.7
1065.882	6495.3
1066.009	6482.2
1066.137	6471.1
1066.265	6477.6
1066.393	6465.3
1066.521	6434.6
1066.649	6434.3
1066.776	6470.6
1066.904	6507.6
1067.032	6465.7
1067.160	6487.4
1067.288	6482.1
1067.416	6515.5
1067.543	6477.5
1067.671	6454.4
1067.799	6468.4
1067.927	6482.2
1068.055	6510.3
1068.183	6526.2
1068.310	6479.9
1068.438	6566.8
1068.566	6571.1
1068.694	6506.8
1068.822	6470.8
1068.950	6481.2
1069.077	6504.7
1069.205	6468.3
1069.333	6499.1
1069.461	6400.2
1069.589	6516
1069.717	6444.8
1069.845	6423.6
1069.972	6485.6
1070.100	6499
1070.228	6525
1070.356	6518.5
1070.484	6439.7
1070.612	6459.6
1070.739	6485.3
1070.867	6465.1
1070.995	6490.3
1071.123	6530.5
1071.251	6471.3
1071.379	6463.3
1071.506	6463.6
1071.634	6457.5
1071.762	6482
1071.890	6507.1
1072.018	6472.7
1072.146	6465
1072.273	6492.1
1072.401	6472.6
1072.529	6421.5
1072.657	6419.3
1072.785	6467.3
1072.913	6481.7
1073.040	6508.7
1073.168	6524.9
1073.296	6506.8
1073.424	6479.3
1073.552	6492.5
1073.680	6520.5
1073.807	6473.1
1073.935	6501.2
1074.063	6571.1
1074.191	6526.2
1074.319	6527.2
1074.447	6566.1
1074.574	6521.8
1074.702	6494.4
1074.830	6470.7
1074.958	6529.7
1075.086	6468.5
1075.214	6437.7
1075.341	6441.5
1075.469	6545.1
1075.597	6512.8
1075.725	6511.6
1075.853	6539.9
1075.981	6534.6
1076.108	6543.1
1076.236	6441.5
1076.364	6483.4
1076.492	6426.1
1076.620	6478.3
1076.748	6464.8
1076.875	6447.5
1077.003	6505.5
1077.131	6533.2
1077.259	6500
1077.387	6525.2
1077.515	6550.8
1077.643	6426.8
1077.770	6500.5
1077.898	6539.2
1078.026	6442
1078.154	6447.5
1078.282	6496.8
1078.410	6479.1
1078.537	6563.8
1078.665	6481.2
1078.793	6469.8
1078.921	6483.7
1079.049	6502.4
1079.177	6480.3
1079.304	6536.8
1079.432	6570.6
1079.560	6528.4
1079.688	6482.1
1079.816	6583.9
1079.944	6563.9
1080.071	6528
1080.199	6516
1080.327	6509.2
1080.455	6526.8
1080.583	6510.1
1080.711	6483
1080.838	6503.6
1080.966	6534.3
1081.094	6550.2
1081.222	6512.3
1081.350	6523.1
1081.478	6525.6
1081.605	6507.4
1081.733	6522.2
1081.861	6546.2
1081.989	6559.1
1082.117	6513.9
1082.245	6478.7
1082.372	6546.7
1082.500	6548.4
1082.628	6508.4
1082.756	6526.9
1082.884	6532.7
1083.012	6574.4
1083.139	6559.3
1083.267	6503.2
1083.395	6486.7
1083.523	6485.7
1083.651	6498.7
1083.779	6496.9
1083.906	6531.7
1084.034	6605.1
1084.162	6551.6
1084.290	6496.6
1084.418	6427.6
1084.546	6528.9
1084.673	6506.7
1084.801	6486.8
1084.929	6537.6
1085.057	6522.7
1085.185	6511.4
1085.313	6491.5
1085.441	6496.3
1085.568	6546.8
1085.696	6574.9
1085.824	6544.8
1085.952	6553.5
1086.080	6548.9
1086.208	6535.3
1086.335	6454.6
1086.463	6463.5
1086.591	6518.7
1086.719	6526.4
1086.847	6536.9
1086.975	6482.2
1087.102	6589.2
1087.230	6473.2
1087.358	6541
1087.486	6541.6
1087.614	6581.4
1087.742	6489.8
1087.869	6505.2
1087.997	6471.3
1088.125	6430.4
1088.253	6524.3
1088.381	6523.2
1088.509	6516.8
1088.636	6564.3
1088.764	6580.2
1088.892	6484.9
1089.020	6488.3
1089.148	6519.3
1089.276	6580
1089.403	6491.9
1089.531	6590.7
1089.659	6561.5
1089.787	6634.5
1089.915	6652.6
1090.043	6658.3
1090.170	6639.8
1090.298	6509.4
1090.426	6498
1090.554	6457.2
1090.682	6567
1090.810	6446.5
1090.937	6585.8
1091.065	6531.8
1091.193	6628.6
1091.321	6661.8
1091.449	6609.5
1091.577	6511.7
1091.704	6534.7
1091.832	6509.4
1091.960	6571.5
1092.088	6533.6
1092.216	6526.5
1092.344	6520.9
1092.471	6501.3
1092.599	6569.5
1092.727	6612.9
1092.855	6510
1092.983	6494.1
1093.111	6579.5
1093.239	6559.4
1093.366	6568.9
1093.494	6523.7
1093.622	6573.9
1093.750	6586.3
1093.878	6491.8
1094.006	6512.7
1094.133	6472.7
1094.261	6551.6
1094.389	6597.3
1094.517	6614.9
1094.645	6502.2
1094.773	6577.4
1094.900	6557.7
1095.028	6526.3
1095.156	6556.2
1095.284	6504.8
1095.412	6564
1095.540	6542.9
1095.667	6536.8
1095.795	6621.7
1095.923	6566
1096.051	6546.4
1096.179	6647.5
1096.307	6598.7
1096.434	6607.3
1096.562	6508.7
1096.690	6495.8
1096.818	6511.1
1096.946	6603.5
1097.074	6574.3
1097.201	6463
1097.329	6590.2
1097.457	6617.1
1097.585	6479.1
1097.713	6509.4
1097.841	6562.4
1097.968	6596.1
1098.096	6537.1
1098.224	6668.7
1098.352	6560.6
1098.480	6606
1098.608	6662.6
1098.735	6498.7
1098.863	6516.9
1098.991	6649.1
1099.119	6646.6
1099.247	6583.7
1099.375	6561
1099.502	6604.9
1099.630	6617.5
1099.758	6591.8
1099.886	6483.6
1100.014	6533.6
