350.000	49745.8
350.128	49806.4
350.256	49833
350.384	49716
350.511	49741.3
350.639	49701.6
350.767	49685.8
350.895	49767
351.023	49788.3
351.151	49783.8
351.278	49793.4
351.406	49799.7
351.534	49781.9
351.662	49758.4
351.790	49834.1
351.918	49807.6
352.045	49877
352.173	49878.8
352.301	49827.8
352.429	49765.6
352.557	49753.4
352.685	49817.8
352.812	49901.6
352.940	49920.7
353.068	49860.8
353.196	49808.4
353.324	49910.5
353.452	49821.2
353.579	49758.1
353.707	49757.3
353.835	49863.6
353.963	49950.9
354.091	49842
354.219	49680.9
354.346	49789.4
354.474	49682.9
354.602	49709
354.730	49820.8
354.858	49874
354.986	49829
355.113	49790.9
355.241	49806
355.369	49823.1
355.497	49826
355.625	49814.7
355.753	49816.2
355.880	49894.5
356.008	49982.1
356.136	49882.4
356.264	49804.7
356.392	49859.4
356.520	49967
356.647	49888
356.775	49874.7
356.903	49916.6
357.031	49893.7
357.159	49857.2
357.287	49975.7
357.414	49875.4
357.542	49900.3
357.670	50017.9
357.798	49960.6
357.926	49822.8
358.054	49811.3
358.182	49705.5
358.309	49880.2
358.437	49901.1
358.565	49868.7
358.693	49820.2
358.821	49791.6
358.949	49855.6
359.076	49810.9
359.204	49857.3
359.332	49894.4
359.460	49901.7
359.588	49908.1
359.716	50012.4
359.843	49773.2
359.971	49935.4
360.099	49952.8
360.227	49865.6
360.355	49771.1
360.483	49787.3
360.610	49719.9
360.738	49855.1
360.866	49880.1
360.994	49876.4
361.122	49899.4
361.250	49966.5
361.377	49909.6
361.505	49948.7
361.633	49916.3
361.761	49859.6
361.889	49947.8
362.017	50166.9
362.144	49879.1
362.272	49864.1
362.400	50070.1
362.528	50066.6
362.656	49984.6
362.784	49941.8
362.911	49959.6
363.039	49969
363.167	49965.6
363.295	49945.6
363.423	49916.8
363.551	49910.8
363.678	49961.1
363.806	49962
363.934	49987.7
364.062	50013.4
364.190	50011.4
364.318	49992.5
364.445	49956
364.573	49780.9
364.701	50004.5
364.829	49959.9
364.957	49969.6
365.085	50039.3
365.212	50084.6
365.340	49932.9
365.468	49951.3
365.596	49949
365.724	49893.5
365.852	49899.9
365.979	49957.6
366.107	49963.2
366.235	50037.2
366.363	50043.9
366.491	49971.1
366.619	49982.8
366.747	50026.8
366.874	49989.4
367.002	49827.3
367.130	49975.6
367.258	50042.2
367.386	50093.1
367.514	50065
367.641	49984.6
367.769	50062.1
367.897	49982.5
368.025	49990.9
368.153	49994.9
368.281	50000.3
368.408	50031.7
368.536	50115.1
368.664	50148.8
368.792	49909.1
368.920	49849.5
369.048	49942.2
369.175	50057.7
369.303	50080.9
369.431	50104
369.559	50017.6
369.687	50100.2
369.815	50083.7
369.942	50014.6
370.070	49977.8
370.198	50052.8
370.326	49891.4
370.454	49992.1
370.582	50028.6
370.709	50069.8
370.837	50080.3
370.965	49989.2
371.093	49950.2
371.221	50103.1
371.349	50061.5
371.476	50074.1
371.604	50125.7
371.732	50153.1
371.860	50128
371.988	50060.1
372.116	50070.5
372.243	50081.3
372.371	50095.5
372.499	50104
372.627	50083.3
372.755	50019.1
372.883	50019.2
373.010	50014.3
373.138	50050
373.266	50089.3
373.394	50083.9
373.522	50078
373.650	50024.9
373.777	50121.7
373.905	50172.9
374.033	50178.1
374.161	50173.2
374.289	50205.9
374.417	50161.5
374.545	50144.3
374.672	50100.3
374.800	50088.1
374.928	50092.1
375.056	50073.4
375.184	50137.7
375.312	50153
375.439	50157.3
375.567	50168.2
375.695	50180
375.823	50158.9
375.951	50024.3
376.079	50185.4
376.206	50066.4
376.334	50127.6
376.462	50155.1
376.590	50113.8
376.718	50118.7
376.846	50251.6
376.973	50226.4
377.101	50199.5
377.229	50194.2
377.357	50154.7
377.485	50083.2
377.613	50180.4
377.740	50107.8
377.868	50165.1
377.996	50198.4
378.124	50150.9
378.252	50108.2
378.380	50231.7
378.507	50182.9
378.635	50198.5
378.763	50072.3
378.891	50072.3
379.019	50148.4
379.147	50183
379.274	50148.9
379.402	50226.1
379.530	50227.6
379.658	50148.6
379.786	50154.6
379.914	50210.7
380.041	50122.2
380.169	50247.9
380.297	50113.8
380.425	50206.9
380.553	50288.2
380.681	50314.2
380.808	50309.9
380.936	50318
381.064	50242.7
381.192	50283
381.320	50249.1
381.448	50191.4
381.575	50187
381.703	50294.4
381.831	50298.5
381.959	50396.8
382.087	50226.2
382.215	50278
382.343	50384.6
382.470	50325.3
382.598	50261.1
382.726	50235.9
382.854	50303
382.982	50314
383.110	50301.9
383.237	50292.2
383.365	50295.4
383.493	50339.9
383.621	50308.6
383.749	50387.9
383.877	50387
384.004	50349.6
384.132	50347.7
384.260	50380.5
384.388	50389.8
384.516	50345.2
384.644	50314.2
384.771	50312.3
384.899	50307.9
385.027	50266
385.155	50342.4
385.283	50350.9
385.411	50294.4
385.538	50342.8
385.666	50454.6
385.794	50496.4
385.922	50275.3
386.050	50468.7
386.178	50504.5
386.305	50416.4
386.433	50299.4
386.561	50270.4
386.689	50397.5
386.817	50532.3
386.945	50514.3
387.072	50467.8
387.200	50504.8
387.328	50468.6
387.456	50328.8
387.584	50250
387.712	50447.5
387.839	50419.3
387.967	50442.3
388.095	50370.8
388.223	50353.1
388.351	50477.9
388.479	50371
388.606	50508.6
388.734	50437.2
388.862	50429.3
388.990	50399.5
389.118	50370.9
389.246	50444.7
389.373	50540.8
389.501	50540.2
389.629	50441
389.757	50446.9
389.885	50478.9
390.013	50472.4
390.141	50493.5
390.268	50405.9
390.396	50513
390.524	50499.3
390.652	50456.4
390.780	50449.5
390.908	50497.3
391.035	50509.4
391.163	50612.7
391.291	50555
391.419	50523.3
391.547	50515.7
391.675	50492.1
391.802	50419.5
391.930	50567.3
392.058	50467.3
392.186	50534.8
392.314	50585
392.442	50537.3
392.569	50438.1
392.697	50517.1
392.825	50593.4
392.953	50625.9
393.081	50630.3
393.209	50647.6
393.336	50664.1
393.464	50637.7
393.592	50524.8
393.720	50606.2
393.848	50668.1
393.976	50690.9
394.103	50644.5
394.231	50610.7
394.359	50728.1
394.487	50575.9
394.615	50761.2
394.743	50617.6
394.870	50606.9
394.998	50660.4
395.126	50670.6
395.254	50711.7
395.382	50639
395.510	50651.8
395.637	50645.7
395.765	50636.2
395.893	50635.6
396.021	50637.9
396.149	50579.3
396.277	50656.4
396.404	50674.3
396.532	50693.3
396.660	50680.8
396.788	50667.8
396.916	50723.6
397.044	50781.2
397.171	50713.8
397.299	50737.5
397.427	50690.5
397.555	50634
397.683	50613.7
397.811	50596.3
397.938	50734.5
398.066	50785.6
398.194	50665.3
398.322	50698.5
398.450	50752
398.578	50696.9
398.706	50815.4
398.833	50744.4
398.961	50773.7
399.089	50795.6
399.217	50755.3
399.345	50730.2
399.473	50807.2
399.600	50796
399.728	50871.5
399.856	50751
399.984	50801.9
400.112	50821.6
400.240	50773.6
400.367	50814.5
400.495	50974.3
400.623	50883.2
400.751	50792.1
400.879	50727.2
401.007	50679.5
401.134	50710
401.262	50943.3
401.390	50688.9
401.518	50751.4
401.646	50851.4
401.774	50799.6
401.901	50735.5
402.029	50782.7
402.157	50796.3
402.285	50584.7
402.413	50888.1
402.541	50877.2
402.668	50918.4
402.796	50984.9
402.924	50946.4
403.052	51017.4
403.180	50968.3
403.308	50877.5
403.435	50864.1
403.563	50846.8
403.691	50828
403.819	50868.8
403.947	50986.1
404.075	50890.2
404.202	50909.1
404.330	50943.5
404.458	50934.7
404.586	50920.9
404.714	50989.7
404.842	50892.4
404.969	51043.3
405.097	50905
405.225	50928.1
405.353	51050.8
405.481	51138.5
405.609	51115.6
405.736	51066
405.864	50964.7
405.992	50947.8
406.120	50965.9
406.248	50981.7
406.376	51012.8
406.504	51154
406.631	51108.1
406.759	51029.3
406.887	50920.4
407.015	50939.4
407.143	50979
407.271	50956
407.398	51068.9
407.526	51125.2
407.654	51034
407.782	51102.4
407.910	51121.3
408.038	51106.9
408.165	51130.1
408.293	51071.7
408.421	51118.5
408.549	51056.7
408.677	51052.8
408.805	51066.2
408.932	51100.9
409.060	51160.3
409.188	51127.5
409.316	51192.2
409.444	51196.7
409.572	51169.4
409.699	51141.4
409.827	51098
409.955	51010.7
410.083	50942.2
410.211	51134.1
410.339	51181.1
410.466	51228
410.594	51181
410.722	51128.5
410.850	51240.6
410.978	51180.3
411.106	51268.9
411.233	51255.7
411.361	51213.1
411.489	51228.5
411.617	51256.9
411.745	51183.4
411.873	51326
412.000	51185
412.128	51261.2
412.256	51393.2
412.384	51381
412.512	51283.9
412.640	51360
412.767	51103.8
412.895	51303.1
413.023	51315.6
413.151	51234.8
413.279	51217.7
413.407	51282
413.534	51287.3
413.662	51355
413.790	51125.4
413.918	51262
414.046	51203.2
414.174	51139.6
414.302	51238.2
414.429	51404.9
414.557	51320.2
414.685	51360
414.813	51383
414.941	51329.8
415.069	51257.2
415.196	51240
415.324	51315.8
415.452	51342.8
415.580	51415.1
415.708	51355.6
415.836	51397.8
415.963	51409.2
416.091	51359.4
416.219	51437.9
416.347	51449.4
416.475	51429.9
416.603	51419.5
416.730	51395.2
416.858	51435.6
416.986	51496.1
417.114	51386.7
417.242	51427.5
417.370	51462.7
417.497	51364.2
417.625	51406.5
417.753	51470.8
417.881	51464
418.009	51454.1
418.137	51508.5
418.264	51514.8
418.392	51462.3
418.520	51482.9
418.648	51470.4
418.776	51431.6
418.904	51538.8
419.031	51604.2
419.159	51402.9
419.287	51487.6
419.415	51475.1
419.543	51461.8
419.671	51529.7
419.798	51612.2
419.926	51510.2
420.054	51577.9
420.182	51556
420.310	51506
420.438	51495.6
420.565	51525.2
420.693	51536.1
420.821	51585.3
420.949	51649.1
421.077	51673.9
421.205	51709.5
421.332	51621
421.460	51520.1
421.588	51649.6
421.716	51528.2
421.844	51614.4
421.972	51689.5
422.100	51567.7
422.227	51518.6
422.355	51589.6
422.483	51631.4
422.611	51738.2
422.739	51667.9
422.867	51716.1
422.994	51628.5
423.122	51613
423.250	51647.4
423.378	51622.2
423.506	51875.3
423.634	51633.7
423.761	51735.5
423.889	51752.2
424.017	51738.6
424.145	51735
424.273	51756.8
424.401	51832.9
424.528	51770.7
424.656	51913.6
424.784	51775.2
424.912	51791.2
425.040	51914.5
425.168	51910.3
425.295	51756.8
425.423	51738.1
425.551	51817.7
425.679	51870.9
425.807	51873.3
425.935	51846.7
426.062	51820.1
426.190	51800
426.318	51852.2
426.446	51876.1
426.574	51980.2
426.702	51905.8
426.829	51811.4
426.957	51839.4
427.085	51904.7
427.213	51884.5
427.341	51923
427.469	51868.4
427.596	51801.5
427.724	51831.5
427.852	51951
427.980	52031.3
428.108	52052.9
428.236	51944.7
428.363	51951.7
428.491	52081.9
428.619	52082.6
428.747	51968
428.875	51947.1
429.003	51904.5
429.130	52030.8
429.258	52026
429.386	52031.2
429.514	52052.7
429.642	52089.7
429.770	52108
429.898	51975.7
430.025	51973.4
430.153	52022.5
430.281	52057.1
430.409	52037.1
430.537	52011.6
430.665	52031.1
430.792	52061.1
430.920	51996.3
431.048	52115.1
431.176	52059.8
431.304	52036.3
431.432	52111.9
431.559	52228.1
431.687	52242.8
431.815	52237.3
431.943	52128.4
432.071	52058.9
432.199	52089.7
432.326	52148.3
432.454	52179.2
432.582	52177
432.710	52126.8
432.838	52118.1
432.966	52165.4
433.093	52237.4
433.221	52230.5
433.349	52203.3
433.477	52251
433.605	52217.9
433.733	52215.6
433.860	52318.7
433.988	52347.4
434.116	52253.7
434.244	52215.6
434.372	52314.1
434.500	52276.7
434.627	52409.5
434.755	52366.3
434.883	52370.3
435.011	52391
435.139	52382
435.267	52339.3
435.394	52314.4
435.522	52339.4
435.650	52475
435.778	52376.9
435.906	52376.5
436.034	52458.2
436.161	52499.9
436.289	52441.6
436.417	52604.3
436.545	52552.8
436.673	52486.3
436.801	52507.7
436.928	52507.1
437.056	52482.5
437.184	52481.1
437.312	52508
437.440	52489.6
437.568	52571.7
437.695	52425.1
437.823	52429.9
437.951	52508.4
438.079	52539.2
438.207	52532.9
438.335	52409.1
438.463	52632
438.590	52614.3
438.718	52575.4
438.846	52530.5
438.974	52525.5
439.102	52588.3
439.230	52529.9
439.357	52659
439.485	52628.1
439.613	52628
439.741	52679.5
439.869	52704.9
439.997	52667.4
440.124	52681.8
440.252	52724.6
440.380	52754.5
440.508	52697.7
440.636	52830.6
440.764	52845.4
440.891	52745.5
441.019	52889.5
441.147	52750.5
441.275	52734.5
441.403	52867.3
441.531	52782.7
441.658	52793.7
441.786	52859.1
441.914	52806.6
442.042	52843.8
442.170	52818.2
442.298	52946.3
442.425	52842.1
442.553	52796.3
442.681	52788.8
442.809	52798.8
442.937	52923.9
443.065	52929
443.192	52939.6
443.320	52936.2
443.448	52946.5
443.576	52957.4
443.704	52973.7
443.832	52987.1
443.959	52888.3
444.087	53047.3
444.215	52953.5
444.343	53044.1
444.471	53116.1
444.599	53058.9
444.726	52927.6
444.854	52932.4
444.982	53131.1
445.110	53139.2
445.238	53163
445.366	53074.1
445.493	53166.3
445.621	53352
445.749	53265.2
445.877	52955.3
446.005	53109.7
446.133	53215.5
446.261	53142.6
446.388	53147.6
446.516	53182.5
446.644	53183.2
446.772	53267.5
446.900	53041.4
447.028	53193.8
447.155	53366.3
447.283	53371.5
447.411	53273
447.539	53220.5
447.667	53306.3
447.795	53356.2
447.922	53182.4
448.050	53385.4
448.178	53319.6
448.306	53277.4
448.434	53195
448.562	53079.6
448.689	53107.3
448.817	53068.1
448.945	52971.6
449.073	52950.9
449.201	52830.8
449.329	52747.1
449.456	52725.2
449.584	52707.1
449.712	52565.7
449.840	52562.1
449.968	52612.7
450.096	52609.8
450.223	52500
450.351	52398.5
450.479	52358.7
450.607	52383.3
450.735	52256.3
450.863	52272.2
450.990	52281.6
451.118	52234.7
451.246	52044.4
451.374	52158.1
451.502	52085.8
451.630	51992.3
451.757	51834.9
451.885	51785.3
452.013	51708.8
452.141	51641.1
452.269	51755.6
452.397	51682.9
452.524	51599.2
452.652	51584.9
452.780	51477.4
452.908	51346.6
453.036	51312.4
453.164	51331.6
453.291	51329
453.419	51337.9
453.547	51338.4
453.675	51338.2
453.803	51412.1
453.931	51394.6
454.059	51359.3
454.186	51380.9
454.314	51533.5
454.442	51521.4
454.570	51597.8
454.698	51500.7
454.826	51460.9
454.953	51582.4
455.081	51591.5
455.209	51365
455.337	51549.6
455.465	51550.8
455.593	51527.4
455.720	51608.7
455.848	51640.4
455.976	51463.4
456.104	51597.5
456.232	51642.3
456.360	51650.5
456.487	51690.8
456.615	51706
456.743	51706.6
456.871	51818.8
456.999	51800.5
457.127	51787.3
457.254	51874.7
457.382	51787.4
457.510	51897.3
457.638	51781.7
457.766	51869.6
457.894	51934.3
458.021	51765
458.149	51641.6
458.277	51848.3
458.405	51950
458.533	51924
458.661	51843.9
458.788	51804.8
458.916	51897.9
459.044	51888
459.172	51982.9
459.300	51936.5
459.428	51896.3
459.555	52015.4
459.683	52138.6
459.811	51994.9
459.939	52016.1
460.067	52192.3
460.195	52242.1
460.322	52013.7
460.450	52224.5
460.578	52264.2
460.706	52282.4
460.834	52263.5
460.962	52249.6
461.089	52286.9
461.217	52399.6
461.345	52523.9
461.473	52443.9
461.601	52466.2
461.729	52518.1
461.856	52490.1
461.984	52402.9
462.112	52449
462.240	52413.9
462.368	52502
462.496	52554.4
462.624	52454.3
462.751	52488.9
462.879	52522.4
463.007	52399.9
463.135	52482.2
463.263	52588.7
463.391	52566.9
463.518	52665.1
463.646	52691.9
463.774	52694.7
463.902	52737.8
464.030	52807.4
464.158	52847.2
464.285	52689.4
464.413	52737.5
464.541	52752
464.669	52847.6
464.797	52904.6
464.925	52847.5
465.052	52765.6
465.180	52985.9
465.308	52949.4
465.436	52920.4
465.564	52926.8
465.692	52962.1
465.819	52989.6
465.947	52900.8
466.075	52890.9
466.203	52981
466.331	53022.2
466.459	52947.8
466.586	52842.8
466.714	53132.3
466.842	53122.7
466.970	53095.2
467.098	53132.3
467.226	53206.2
467.353	53148.9
467.481	53365.9
467.609	53452.5
467.737	53439.7
467.865	53373
467.993	53350.6
468.120	53517.2
468.248	53419.1
468.376	53629
468.504	53527.6
468.632	53453
468.760	53521.6
468.887	53661.1
469.015	53534
469.143	53519.3
469.271	53607.2
469.399	53633.2
469.527	53610.2
469.654	53637.7
469.782	53545.3
469.910	53625.9
470.038	53633.6
470.166	53666.9
470.294	53729.9
470.422	53787.9
470.549	53802.6
470.677	53882.6
470.805	53750.2
470.933	53737.5
471.061	53799.2
471.189	53826.5
471.316	53963
471.444	53937.2
471.572	53936.2
471.700	53883.8
471.828	53850.5
471.956	53907.3
472.083	54056.5
472.211	54279.7
472.339	54289.1
472.467	54240.2
472.595	54248.3
472.723	54331.1
472.850	54304.9
472.978	54375.8
473.106	54541.4
473.234	54538.1
473.362	54479.1
473.490	54468.6
473.617	54565.3
473.745	54472.9
473.873	54504.4
474.001	54521.6
474.129	54497
474.257	54483.5
474.384	54589.3
474.512	54612.1
474.640	54585.5
474.768	54559.3
474.896	54542.6
475.024	54595.4
475.151	54757.4
475.279	54612
475.407	54628
475.535	54738.8
475.663	54747.9
475.791	54745.3
475.918	54847.5
476.046	54831.6
476.174	54842.3
476.302	54856.5
476.430	54951.2
476.558	55015.2
476.685	54968.1
476.813	54898.7
476.941	55044
477.069	55145.9
477.197	55157.1
477.325	55125.5
477.452	55065.1
477.580	54916.3
477.708	55153.3
477.836	55402.2
477.964	55341.9
478.092	55269.6
478.220	55268.4
478.347	55232.4
478.475	55540.9
478.603	55636
478.731	55511.7
478.859	55535.3
478.987	55640
479.114	55597.2
479.242	55586.4
479.370	55639.9
479.498	55836.3
479.626	55794.4
479.754	55778.4
479.881	55981.5
480.009	55734.4
480.137	56071.7
480.265	55969.6
480.393	55907.2
480.521	55994.9
480.648	56114.3
480.776	55811.1
480.904	55928.1
481.032	55969.1
481.160	55964.7
481.288	56060.9
481.415	56212.7
481.543	56206
481.671	56034.2
481.799	56106.4
481.927	56131.5
482.055	56119.5
482.182	56116.4
482.310	56174.3
482.438	56280
482.566	56330.5
482.694	56375
482.822	56356.1
482.949	56307
483.077	56296
483.205	56436.9
483.333	56555.8
483.461	56482.5
483.589	56430.4
483.716	56465.9
483.844	56592.5
483.972	56745.4
484.100	56769.8
484.228	56793.9
484.356	56724.9
484.483	56787
484.611	56906.2
484.739	56879.4
484.867	57201.3
484.995	57118.9
485.123	57187
485.250	57239.4
485.378	57208.2
485.506	57127.4
485.634	57298.8
485.762	57291.8
485.890	57404.1
486.018	57428.6
486.145	57396.6
486.273	57396.5
486.401	57553.8
486.529	57559.8
486.657	57388.7
486.785	57397
486.912	57436.2
487.040	57443.7
487.168	57443.7
487.296	57692.1
487.424	57704
487.552	57675.7
487.679	57721.7
487.807	57812.9
487.935	57905.2
488.063	58062
488.191	57972.6
488.319	57986.8
488.446	58103.5
488.574	58095.2
488.702	58035.4
488.830	58403.1
488.958	58069.9
489.086	58121.4
489.213	58221.2
489.341	58240
489.469	58197.5
489.597	58196.8
489.725	58311.2
489.853	58343
489.980	58493.1
490.108	58462.3
490.236	58451.1
490.364	58612.2
490.492	58711.3
490.620	58842.5
490.747	58923.8
490.875	58864.8
491.003	58869.3
491.131	58933.1
491.259	58860.4
491.387	58951.5
491.514	58806.8
491.642	58938.6
491.770	58980.7
491.898	58958.6
492.026	59000.5
492.154	59039.6
492.281	59340.5
492.409	59138.8
492.537	59100.1
492.665	59173.2
492.793	59219.2
492.921	59111.1
493.048	59128.9
493.176	59277.3
493.304	59295.8
493.432	59419.5
493.560	59523
493.688	59388.5
493.816	59485.8
493.943	59546.4
494.071	59622.4
494.199	59558.6
494.327	59514
494.455	59590.1
494.583	59657.1
494.710	59704
494.838	59689.3
494.966	59798.7
495.094	59788.7
495.222	59738.6
495.350	59896.1
495.477	59886.2
495.605	59831
495.733	59896.1
495.861	59964.1
495.989	60092.9
496.117	60278.2
496.244	60279.2
496.372	60060.1
496.500	60225.5
496.628	60200.8
496.756	60188.5
496.884	60227.3
497.011	60211.1
497.139	60285.4
497.267	60487.5
497.395	60384.9
497.523	60532.5
497.651	60580.5
497.778	60285.5
497.906	60292.9
498.034	60579.7
498.162	60769.1
498.290	60664.7
498.418	60634
498.545	60723.1
498.673	60709.4
498.801	60845.9
498.929	60684.3
499.057	60642
499.185	60684.1
499.312	60804.3
499.440	60893.5
499.568	60585.3
499.696	60891.6
499.824	60892.9
499.952	60858.5
500.079	60885.9
500.207	60918.4
500.335	60832.4
500.463	60970.2
500.591	60859.4
500.719	60863.4
500.846	60878.3
500.974	60855.2
501.102	60808.4
501.230	60856.8
501.358	60740.4
501.486	60734.1
501.613	60711
501.741	60780.3
501.869	60832.8
501.997	60720
502.125	61038.7
502.253	60903.4
502.381	61096.2
502.508	61175.3
502.636	61109.4
502.764	61033.8
502.892	61205
503.020	60922.2
503.148	61155.2
503.275	61159.4
503.403	61026.8
503.531	60959.1
503.659	61090.8
503.787	61056.4
503.915	61115.9
504.042	61118.7
504.170	61100.4
504.298	60984.1
504.426	60859.1
504.554	60968.4
504.682	60611.5
504.809	60978
504.937	60803.1
505.065	60761.4
505.193	60772.7
505.321	60670.8
505.449	60788.1
505.576	60722.8
505.704	60852.6
505.832	60806.6
505.960	60787.1
506.088	60857.7
506.216	60924.2
506.343	60750.3
506.471	60940.5
506.599	60918.3
506.727	60751.3
506.855	60628.4
506.983	60646.1
507.110	60694.9
507.238	60580.1
507.366	60621.4
507.494	60800.9
507.622	60844.7
507.750	60753.8
507.877	60680.8
508.005	60830.7
508.133	60635.5
508.261	60617
508.389	60645.2
508.517	60617.1
508.644	60574.1
508.772	60654.7
508.900	60639.1
509.028	60563.3
509.156	60516.5
509.284	60527.3
509.411	60593.3
509.539	60662
509.667	60621
509.795	60733.1
509.923	60572.7
510.051	60636.9
510.179	60503.6
510.306	60413.6
510.434	60685.8
510.562	60750.2
510.690	60622.1
510.818	60629.4
510.946	60650
511.073	60595.5
511.201	60528.3
511.329	60589.7
511.457	60493.7
511.585	60590
511.713	60776.3
511.840	60723.1
511.968	60648.9
512.096	60656.3
512.224	60507.6
512.352	60849.8
512.480	60722
512.607	60788
512.735	60824.4
512.863	60826.3
512.991	60872.9
513.119	61028.7
513.247	60954.6
513.374	60762.5
513.502	60838.3
513.630	60990.6
513.758	61059.7
513.886	60971.9
514.014	60797.6
514.141	61019.7
514.269	60923.5
514.397	61067.2
514.525	61203
514.653	61176
514.781	61071
514.908	61138.9
515.036	60968.3
515.164	60972.1
515.292	61168.2
515.420	61281.8
515.548	61250.2
515.675	61462.3
515.803	61317.6
515.931	61484.7
516.059	61388.7
516.187	61282.2
516.315	61297.6
516.442	61423.4
516.570	61429.6
516.698	61452.5
516.826	61326.3
516.954	61456.7
517.082	61509.9
517.209	61432.2
517.337	61375.5
517.465	61521.5
517.593	61658.6
517.721	61473.4
517.849	61630.7
517.977	61638.9
518.104	61511.9
518.232	61677.7
518.360	61655.4
518.488	61633.2
518.616	61782.4
518.744	61801.3
518.871	61817.6
518.999	61878.8
519.127	61857.8
519.255	61805.5
519.383	61830.7
519.511	61766.2
519.638	61790.1
519.766	61719.2
519.894	61582.4
520.022	61854.6
520.150	62001.9
520.278	62000.1
520.405	61816.5
520.533	61885
520.661	61956.9
520.789	61835.1
520.917	61977.6
521.045	62024.9
521.172	61930.1
521.300	62041
521.428	61942.4
521.556	61857.3
521.684	62028.6
521.812	61852.1
521.939	61784.2
522.067	61984
522.195	61878.6
522.323	61990.3
522.451	62154.1
522.579	62010.4
522.706	62166.6
522.834	62057
522.962	62031.3
523.090	62036.4
523.218	62203.8
523.346	62338.7
523.473	62163.1
523.601	62142.8
523.729	62048
523.857	62175.6
523.985	62268.8
524.113	62313.1
524.240	62306.8
524.368	62247
524.496	62170.3
524.624	62409.5
524.752	62268.2
524.880	62341.3
525.007	62389.1
525.135	62307.4
525.263	62260.4
525.391	62482.8
525.519	62665.9
525.647	62691.7
525.774	62640.2
525.902	62667.2
526.030	62693.4
526.158	62481.1
526.286	62867.4
526.414	62694
526.542	62752.3
526.669	62895.5
526.797	62850.8
526.925	62657.7
527.053	62708.3
527.181	62875.5
527.309	63009.6
527.436	63053.5
527.564	63066.7
527.692	63055.7
527.820	63046.6
527.948	63075.5
528.076	62875
528.203	63105.7
528.331	63123.2
528.459	63197.4
528.587	63186.1
528.715	63020.4
528.843	62876.8
528.970	63257.7
529.098	63240.7
529.226	63211.1
529.354	63277.3
529.482	63357.2
529.610	63397.7
529.737	63443.9
529.865	63446.8
529.993	63351.6
530.121	63426
530.249	63590.1
530.377	63653.5
530.504	63572
530.632	63532.7
530.760	63770.8
530.888	63557.8
531.016	63348
531.144	63515.1
531.271	63692.6
531.399	63671.2
531.527	63644.2
531.655	63433.4
531.783	63509.1
531.911	63684.3
532.038	63873.6
532.166	63927.7
532.294	63834.9
532.422	63767
532.550	63984.2
532.678	63860.7
532.805	63802.2
532.933	63871.1
533.061	63977.1
533.189	64022.5
533.317	63975.4
533.445	64020.2
533.572	64027
533.700	63924.4
533.828	63945.1
533.956	63995.9
534.084	64067.8
534.212	64242.2
534.340	64370.6
534.467	64034
534.595	64174.3
534.723	64432.3
534.851	64454.2
534.979	64302.6
535.107	64282
535.234	64149.9
535.362	64335.5
535.490	64597.1
535.618	64512
535.746	64362.3
535.874	64355.6
536.001	64554.6
536.129	64960.5
536.257	65083.7
536.385	64965.1
536.513	64882.1
536.641	64829.4
536.768	64889.7
536.896	65076.1
537.024	65055.4
537.152	65052.7
537.280	65038.3
537.408	65079.3
537.535	65174.1
537.663	65286.2
537.791	65361
537.919	65348.1
538.047	65516.7
538.175	65376.6
538.302	65510.7
538.430	65566.6
538.558	65648.6
538.686	65804.6
538.814	65732.5
538.942	65799.5
539.069	65720.3
539.197	65767
539.325	65851.5
539.453	65879.2
539.581	65895.1
539.709	66069.8
539.836	66094.6
539.964	65938.8
540.092	66188.7
540.220	66171.9
540.348	66190.8
540.476	66278.1
540.603	66180.4
540.731	66536.3
540.859	66445.8
540.987	66329.4
541.115	66320.1
541.243	66467.9
541.370	66559.6
541.498	66403.8
541.626	66477.7
541.754	66458.3
541.882	66722.5
542.010	66923.2
542.138	66900.2
542.265	66889
542.393	67011.9
542.521	66718.1
542.649	67065.5
542.777	67029.5
542.905	67071.8
543.032	67138.4
543.160	67162.5
543.288	67158.3
543.416	67254.7
543.544	67470.2
543.672	67582.1
543.799	67586.5
543.927	67656.8
544.055	67704.8
544.183	67670.4
544.311	67599
544.439	67588.7
544.566	67903.5
544.694	68399.5
544.822	68426.1
544.950	68156.1
545.078	68023.6
545.206	68269.8
545.333	68235.5
545.461	68358.9
545.589	68269.4
545.717	68563
545.845	68620.5
545.973	68578.4
546.100	68700.8
546.228	68746.3
546.356	68743
546.484	68691.1
546.612	68793.4
546.740	68952.7
546.867	69011.7
546.995	69019.8
547.123	69207.7
547.251	69179.1
547.379	69508.7
547.507	69320.4
547.634	69395.9
547.762	69458.7
547.890	69432.8
548.018	69503.3
548.146	69790.1
548.274	69651.1
548.401	69903
548.529	69820.3
548.657	69873.1
548.785	70018.4
548.913	70074.7
549.041	70127.1
549.168	70061.2
549.296	70124.1
549.424	70138
549.552	70357.9
549.680	70525.7
549.808	70499.8
549.936	70443.4
550.063	70584
550.191	70668.2
550.319	70568.3
550.447	70694.7
550.575	70801.5
550.703	70921.6
550.830	71134.7
550.958	71012
551.086	70962.9
551.214	71124.1
551.342	71028.3
551.470	71014.6
551.597	71206.8
551.725	71509.2
551.853	71657.9
551.981	71410.2
552.109	71505.5
552.237	71549.8
552.364	71477.5
552.492	71498.5
552.620	71684.4
552.748	71884.6
552.876	71759.3
553.004	72145.9
553.131	72167.4
553.259	72061.7
553.387	71993.4
553.515	72092
553.643	72262.7
553.771	72146.5
553.898	72263.8
554.026	72397.1
554.154	72416.4
554.282	72387.9
554.410	72462.9
554.538	72627.3
554.665	72739.5
554.793	72850.9
554.921	72799.2
555.049	73009
555.177	72937.9
555.305	73099.7
555.432	73227.9
555.560	73081.5
555.688	73190.3
555.816	73603.4
555.944	73230.2
556.072	73310.7
556.199	73303.7
556.327	73394.4
556.455	73484.1
556.583	73335.2
556.711	73780.4
556.839	73994.3
556.966	73842.6
557.094	73609.3
557.222	73658.4
557.350	73917.4
557.478	74072.5
557.606	73890
557.734	74318.8
557.861	74294.9
557.989	74637.8
558.117	74580.5
558.245	74452.6
558.373	74430.5
558.501	74433
558.628	74622
558.756	74562.6
558.884	74731.8
559.012	74839.5
559.140	75185.2
559.268	75219.8
559.395	74860
559.523	75019.8
559.651	75148.2
559.779	75420.4
559.907	75524.3
560.035	75610.4
560.162	75630
560.290	75579
560.418	75540.2
560.546	75671.1
560.674	75827.7
560.802	76438.2
560.929	76199
561.057	76015.7
561.185	76169.4
561.313	76481.3
561.441	76602.8
561.569	76730.7
561.696	76437.5
561.824	76762.8
561.952	76678.9
562.080	76589
562.208	76641.9
562.336	76767.3
562.463	76869.1
562.591	76896.8
562.719	77188.7
562.847	77372.6
562.975	77338.2
563.103	77316.5
563.230	77506.5
563.358	77824.8
563.486	77683.5
563.614	77676.2
563.742	77707.1
563.870	77887.3
563.997	78044.7
564.125	78170
564.253	78300.3
564.381	78414.5
564.509	78273
564.637	78446.2
564.764	78861.9
564.892	78567.7
565.020	78722.6
565.148	79276.3
565.276	79496.7
565.404	78964
565.531	79043.2
565.659	79195.2
565.787	79220
565.915	79473.2
566.043	79645.2
566.171	79667.1
566.299	79676.7
566.426	79666.5
566.554	79855.1
566.682	79951.2
566.810	79837.7
566.938	80076.5
567.066	80396.6
567.193	80509.9
567.321	80492
567.449	80894.3
567.577	80505.7
567.705	80837.3
567.833	80820.7
567.960	80862.2
568.088	81108.8
568.216	81208.7
568.344	80706.1
568.472	81153.3
568.600	81152.4
568.727	81185.1
568.855	81359.2
568.983	81522.4
569.111	81612.1
569.239	81666.6
569.367	81744.2
569.494	81514.6
569.622	81793.5
569.750	81966.2
569.878	82085.6
570.006	82242.1
570.134	82393.4
570.261	82397.6
570.389	82154.7
570.517	82308
570.645	82694.5
570.773	82532.8
570.901	82498
571.028	82835.5
571.156	83164.8
571.284	83044.4
571.412	82969.3
571.540	83065.4
571.668	83144.5
571.795	83116.4
571.923	83304.6
572.051	83383.8
572.179	83306.6
572.307	83355.7
572.435	83467.3
572.562	83767.7
572.690	83806.6
572.818	83865
572.946	83771.5
573.074	83708.8
573.202	83767.2
573.329	83872.3
573.457	84225
573.585	84441.1
573.713	84378.1
573.841	84925.2
573.969	84831
574.097	84836.1
574.224	85155.8
574.352	84882.3
574.480	85248.1
574.608	85139.1
574.736	85196.3
574.864	85211.7
574.991	85395.2
575.119	85654.5
575.247	85748.5
575.375	85618.8
575.503	86159.4
575.631	86173.9
575.758	86145.5
575.886	85988.5
576.014	86207.3
576.142	86427.7
576.270	86369.3
576.398	86396.9
576.525	86508.3
576.653	86775.8
576.781	87029.4
576.909	86858
577.037	87018.8
577.165	87198.3
577.292	87069.2
577.420	87045.1
577.548	87405.2
577.676	87581.6
577.804	87855
577.932	87968.6
578.059	87755
578.187	87498.9
578.315	87598
578.443	88122
578.571	88192.7
578.699	88460.6
578.826	88694.1
578.954	88755.8
579.082	88612.3
579.210	88558.6
579.338	88765.9
579.466	89028
579.593	89107.8
579.721	89026.6
579.849	89351.4
579.977	89300.9
580.105	89528.2
580.233	89638.2
580.360	89587.4
580.488	90056.4
580.616	89992.2
580.744	90437.1
580.872	90289.4
581.000	90478.6
581.127	90560.5
581.255	90485.7
581.383	90480.7
581.511	90730
581.639	90894.9
581.767	91041
581.895	90883.2
582.022	91181
582.150	91237.1
582.278	91358
582.406	91557.8
582.534	91433.9
582.662	91591.5
582.789	91417.8
582.917	92113.6
583.045	92210
583.173	92106.8
583.301	92011.7
583.429	92073.3
583.556	92410.4
583.684	93011.5
583.812	92074.3
583.940	92780.3
584.068	92948.3
584.196	92821.1
584.323	92806.9
584.451	92988.9
584.579	93179.3
584.707	93279.5
584.835	93256.6
584.963	93159
585.090	93595.9
585.218	93749.4
585.346	93966.9
585.474	94150.5
585.602	94135.5
585.730	94340.5
585.857	94204.6
585.985	94511.5
586.113	94787.6
586.241	94819.8
586.369	94796.9
586.497	94802.8
586.624	94835.6
586.752	94895.4
586.880	94976.8
587.008	95431.8
587.136	95133.7
587.264	95363.2
587.391	95797.2
587.519	95760
587.647	95603
587.775	96227.4
587.903	95857.9
588.031	96060.9
588.158	96294.8
588.286	96423.4
588.414	96453.2
588.542	96532.5
588.670	96666.8
588.798	96684.1
588.925	96453.6
589.053	97103
589.181	97158.2
589.309	96767.9
589.437	96867.2
589.565	97084.5
589.693	97290.3
589.820	97552.6
589.948	97689.6
590.076	97650.6
590.204	97819.2
590.332	97907.9
590.460	98017.4
590.587	97985
590.715	98024.2
590.843	98112.7
590.971	97931.9
591.099	98278.9
591.227	98610.9
591.354	98949.3
591.482	98932.5
591.610	99396.1
591.738	99496.9
591.866	99164.1
591.994	99247.6
592.121	99660.9
592.249	99947
592.377	99655.4
592.505	99793.1
592.633	100271
592.761	100454
592.888	100424
593.016	100433
593.144	100212
593.272	100301
593.400	100769
593.528	100458
593.655	100910
593.783	101232
593.911	101456
594.039	101639
594.167	101513
594.295	101493
594.422	101753
594.550	101580
594.678	101647
594.806	101770
594.934	101984
595.062	102225
595.189	102306
595.317	102114
595.445	102225
595.573	102582
595.701	102829
595.829	102928
595.956	102883
596.084	103197
596.212	103602
596.340	103176
596.468	103161
596.596	103419
596.723	103891
596.851	103811
596.979	103764
597.107	103872
597.235	104087
597.363	104262
597.490	104210
597.618	104850
597.746	104174
597.874	104662
598.002	105103
598.130	105258
598.258	105116
598.385	104960
598.513	105193
598.641	105708
598.769	104984
598.897	105342
599.025	105582
599.152	105947
599.280	106129
599.408	106282
599.536	106616
599.664	106721
599.792	106873
599.919	106300
600.047	106724
600.175	106671
600.303	106723
600.431	106780
600.559	106926
600.686	107452
600.814	107672
600.942	107454
601.070	107455
601.198	108223
601.326	108293
601.453	108225
601.581	108099
601.709	107913
601.837	108139
601.965	108445
602.093	108167
602.220	108514
602.348	108570
602.476	109015
602.604	109290
602.732	109285
602.860	109305
602.987	109183
603.115	109951
603.243	109461
603.371	109656
603.499	109481
603.627	109748
603.754	109991
603.882	110092
604.010	110496
604.138	110335
604.266	110738
604.394	110734
604.521	111062
604.649	111160
604.777	111017
604.905	111090
605.033	111327
605.161	111181
605.288	112054
605.416	111732
605.544	111734
605.672	111949
605.800	112218
605.928	112249
606.056	112394
606.183	112698
606.311	112260
606.439	112506
606.567	113236
606.695	112989
606.823	113132
606.950	113101
607.078	113343
607.206	113664
607.334	113569
607.462	113701
607.590	114277
607.717	114002
607.845	114162
607.973	114420
608.101	114381
608.229	114329
608.357	114553
608.484	114908
608.612	114952
608.740	114708
608.868	114955
608.996	115052
609.124	114881
609.251	114982
609.379	115308
609.507	115588
609.635	115703
609.763	115647
609.891	116232
610.018	116065
610.146	115761
610.274	116124
610.402	116676
610.530	116723
610.658	116415
610.785	116546
610.913	116704
611.041	116894
611.169	116922
611.297	116819
611.425	116931
611.552	117113
611.680	117245
611.808	117296
611.936	117337
612.064	117632
612.192	117455
612.319	117775
612.447	117952
612.575	118010
612.703	118241
612.831	118332
612.959	118241
613.086	118496
613.214	118569
613.342	118598
613.470	119102
613.598	118949
613.726	118659
613.854	119081
613.981	119528
614.109	119439
614.237	119434
614.365	119319
614.493	120048
614.621	120039
614.748	120122
614.876	119948
615.004	120365
615.132	120899
615.260	120983
615.388	121008
615.515	121127
615.643	120869
615.771	121297
615.899	121331
616.027	121480
616.155	121628
616.282	121809
616.410	121967
616.538	121965
616.666	122163
616.794	122577
616.922	122461
617.049	122420
617.177	122732
617.305	123001
617.433	123055
617.561	123029
617.689	123049
617.816	122904
617.944	123574
618.072	124421
618.200	123620
618.328	123969
618.456	123852
618.583	123767
618.711	124008
618.839	124051
618.967	124243
619.095	124549
619.223	124833
619.350	125079
619.478	124726
619.606	124870
619.734	124977
619.862	125064
619.990	125447
620.117	125506
620.245	125970
620.373	125508
620.501	125755
620.629	125418
620.757	125307
620.884	125718
621.012	126022
621.140	126033
621.268	126524
621.396	126535
621.524	126711
621.651	126502
621.779	126646
621.907	126903
622.035	127094
622.163	127337
622.291	127636
622.419	127680
622.546	127330
622.674	128042
622.802	128430
622.930	127949
623.058	128416
623.186	128818
623.313	128670
623.441	128568
623.569	128878
623.697	128526
623.825	128870
623.953	128970
624.080	129344
624.208	129922
624.336	130022
624.464	129832
624.592	129579
624.720	129525
624.847	129988
624.975	130386
625.103	130746
625.231	130782
625.359	130993
625.487	130765
625.614	130978
625.742	131516
625.870	131823
625.998	131790
626.126	131815
626.254	132309
626.381	131776
626.509	131843
626.637	132009
626.765	132301
626.893	132605
627.021	132912
627.148	132982
627.276	132401
627.404	132528
627.532	133276
627.660	133584
627.788	133268
627.915	133686
628.043	134494
628.171	134573
628.299	134219
628.427	134594
628.555	134485
628.682	134672
628.810	134502
628.938	134704
629.066	135095
629.194	135398
629.322	135676
629.449	135550
629.577	135167
629.705	135694
629.833	136161
629.961	135468
630.089	135730
630.217	135622
630.344	136253
630.472	136611
630.600	136495
630.728	136470
630.856	136849
630.984	137028
631.111	136789
631.239	137569
631.367	137738
631.495	137321
631.623	136866
631.751	137114
631.878	137617
632.006	137884
632.134	138207
632.262	138111
632.390	138521
632.518	138360
632.645	138697
632.773	138664
632.901	138677
633.029	138635
633.157	138809
633.285	139195
633.412	138957
633.540	139593
633.668	138931
633.796	139632
633.924	139956
634.052	139867
634.179	140341
634.307	140848
634.435	140856
634.563	140682
634.691	140611
634.819	140953
634.946	140703
635.074	141149
635.202	141448
635.330	141465
635.458	141498
635.586	141564
635.713	141761
635.841	142189
635.969	142150
636.097	142123
636.225	141990
636.353	142625
636.480	142268
636.608	142261
636.736	142803
636.864	143212
636.992	143221
637.120	143331
637.247	143381
637.375	143375
637.503	142791
637.631	143537
637.759	143877
637.887	143982
638.015	144129
638.142	144208
638.270	144192
638.398	144353
638.526	144337
638.654	145248
638.782	145116
638.909	145307
639.037	145071
639.165	144914
639.293	145161
639.421	145423
639.549	145385
639.676	145420
639.804	145436
639.932	145992
640.060	145988
640.188	146014
640.316	146259
640.443	146309
640.571	146100
640.699	146131
640.827	146755
640.955	147416
641.083	147051
641.210	147104
641.338	147190
641.466	147590
641.594	147459
641.722	147314
641.850	147689
641.977	148145
642.105	148136
642.233	148032
642.361	148151
642.489	148172
642.617	148060
642.744	148479
642.872	148746
643.000	149117
643.128	149151
643.256	148954
643.384	149033
643.511	149379
643.639	149447
643.767	150488
643.895	150192
644.023	150495
644.151	150277
644.278	150149
644.406	150474
644.534	150728
644.662	150717
644.790	150997
644.918	151196
645.045	150807
645.173	151529
645.301	151758
645.429	152108
645.557	152059
645.685	152303
645.813	152655
645.940	152678
646.068	152579
646.196	152777
646.324	153439
646.452	153171
646.580	152668
646.707	153223
646.835	153217
646.963	153260
647.091	153376
647.219	153485
647.347	153587
647.474	153416
647.602	153972
647.730	153751
647.858	153930
647.986	154361
648.114	154512
648.241	154509
648.369	154751
648.497	154944
648.625	154778
648.753	154739
648.881	154987
649.008	154757
649.136	154544
649.264	154883
649.392	155375
649.520	155511
649.648	155604
649.775	155513
649.903	155522
650.031	156101
650.159	156188
650.287	156677
650.415	155723
650.542	156285
650.670	156595
650.798	156284
650.926	156181
651.054	156430
651.182	156738
651.309	157037
651.437	157423
651.565	157228
651.693	157158
651.821	157186
651.949	157368
652.076	157643
652.204	157636
652.332	157900
652.460	158210
652.588	158161
652.716	158077
652.843	158275
652.971	157856
653.099	158542
653.227	158734
653.355	158738
653.483	159125
653.611	159473
653.738	159585
653.866	159747
653.994	160041
654.122	160021
654.250	159991
654.378	160514
654.505	159794
654.633	159676
654.761	160483
654.889	160521
655.017	160216
655.145	160693
655.272	161489
655.400	161423
655.528	161307
655.656	161122
655.784	161119
655.912	161621
656.039	161691
656.167	162032
656.295	162178
656.423	162423
656.551	162470
656.679	162298
656.806	162556
656.934	162586
657.062	162985
657.190	163785
657.318	163415
657.446	163531
657.573	163396
657.701	163985
657.829	164080
657.957	163607
658.085	163669
658.213	164090
658.340	164384
658.468	165039
658.596	164386
658.724	165092
658.852	165154
658.980	165244
659.107	165161
659.235	165256
659.363	165430
659.491	165472
659.619	165811
659.747	165300
659.874	165363
660.002	166392
660.130	165837
660.258	166050
660.386	166109
660.514	166334
660.641	166550
660.769	166345
660.897	166094
661.025	166538
661.153	166415
661.281	167304
661.408	167503
661.536	167253
661.664	167509
661.792	167706
661.920	168160
662.048	168287
662.176	167987
662.303	168161
662.431	168925
662.559	168761
662.687	168091
662.815	168400
662.943	169127
663.070	168771
663.198	169204
663.326	169405
663.454	169541
663.582	169628
663.710	169263
663.837	169243
663.965	169208
664.093	170017
664.221	169961
664.349	170030
664.477	170091
664.604	170254
664.732	170496
664.860	170651
664.988	170720
665.116	170567
665.244	170183
665.371	171252
665.499	170782
665.627	171158
665.755	171303
665.883	171351
666.011	171363
666.138	171335
666.266	171489
666.394	171420
666.522	171260
666.650	171919
666.778	171974
666.905	171802
667.033	172420
667.161	172169
667.289	172018
667.417	172650
667.545	173084
667.672	173053
667.800	173340
667.928	173666
668.056	173242
668.184	173884
668.312	173931
668.439	173604
668.567	173821
668.695	174326
668.823	174680
668.951	174871
669.079	174402
669.206	173950
669.334	174330
669.462	174877
669.590	174438
669.718	174889
669.846	175411
669.974	175193
670.101	175838
670.229	175909
670.357	176172
670.485	176324
670.613	176699
670.741	177081
670.868	176871
670.996	176572
671.124	177436
671.252	177708
671.380	177236
671.508	177827
671.635	177664
671.763	177495
671.891	177992
672.019	178004
672.147	177916
672.275	178311
672.402	178663
672.530	178736
672.658	178333
672.786	178547
672.914	178830
673.042	179400
673.169	179037
673.297	179288
673.425	179608
673.553	179955
673.681	180227
673.809	180214
673.936	180153
674.064	180269
674.192	180249
674.320	179797
674.448	180044
674.576	181138
674.703	181219
674.831	181147
674.959	181246
675.087	181153
675.215	181080
675.343	181304
675.470	181329
675.598	181475
675.726	180973
675.854	182341
675.982	181363
676.110	181560
676.237	181813
676.365	182047
676.493	182450
676.621	182721
676.749	182711
676.877	182684
677.004	182729
677.132	182970
677.260	183546
677.388	183764
677.516	184249
677.644	183624
677.772	183964
677.899	183793
678.027	183450
678.155	183189
678.283	183039
678.411	183295
678.539	183560
678.666	183074
678.794	183044
678.922	182517
679.050	182185
679.178	182518
679.306	182463
679.433	182190
679.561	182250
679.689	182345
679.817	182339
679.945	182086
680.073	181698
680.200	181796
680.328	182206
680.456	181973
680.584	181999
680.712	182000
680.840	181726
680.967	181167
681.095	181060
681.223	181408
681.351	181055
681.479	181082
681.607	181096
681.734	181013
681.862	180913
681.990	180907
682.118	180773
682.246	181511
682.374	181126
682.501	181103
682.629	181068
682.757	180945
682.885	181188
683.013	182071
683.141	181741
683.268	181795
683.396	182237
683.524	182508
683.652	182507
683.780	182964
683.908	183577
684.035	183217
684.163	183687
684.291	183629
684.419	183901
684.547	184224
684.675	184469
684.802	184395
684.930	184195
685.058	184720
685.186	184864
685.314	185101
685.442	185551
685.570	185630
685.697	185464
685.825	185566
685.953	186143
686.081	186106
686.209	186243
686.337	185903
686.464	185997
686.592	186039
686.720	186161
686.848	186415
686.976	186614
687.104	187116
687.231	187564
687.359	187111
687.487	187116
687.615	187112
687.743	187450
687.871	188073
687.998	187820
688.126	188498
688.254	188511
688.382	188370
688.510	188570
688.638	188772
688.765	189009
688.893	189453
689.021	189791
689.149	189545
689.277	189435
689.405	190254
689.532	190444
689.660	190538
689.788	190898
689.916	191287
690.044	191668
690.172	191060
690.299	191501
690.427	192027
690.555	192420
690.683	192616
690.811	192667
690.939	192748
691.066	193333
691.194	193364
691.322	193838
691.450	193537
691.578	193690
691.706	193765
691.833	193493
691.961	193956
692.089	193943
692.217	194785
692.345	194667
692.473	194664
692.600	194757
692.728	194633
692.856	194333
692.984	194530
693.112	194286
693.240	194765
693.367	194748
693.495	195039
693.623	195565
693.751	195929
693.879	195990
694.007	196309
694.135	196566
694.262	196005
694.390	196783
694.518	197618
694.646	197857
694.774	197673
694.902	197751
695.029	198596
695.157	199511
695.285	199438
695.413	199640
695.541	199504
695.669	200046
695.796	200893
695.924	200887
696.052	200717
696.180	200651
696.308	200567
696.436	200801
696.563	200352
696.691	200780
696.819	201752
696.947	201574
697.075	201224
697.203	201957
697.330	200840
697.458	202239
697.586	202462
697.714	202664
697.842	203211
697.970	203238
698.097	204151
698.225	204070
698.353	204953
698.481	204978
698.609	205017
698.737	205199
698.864	205732
698.992	206688
699.120	207027
699.248	207319
699.376	206465
699.504	207322
699.631	207552
699.759	207512
699.887	207695
700.015	207753
700.143	206751
700.271	207201
700.398	207355
700.526	207372
700.654	207479
700.782	208010
700.910	208532
701.038	208436
701.165	208375
701.293	208424
701.421	209306
701.549	209590
701.677	209211
701.805	209337
701.933	209866
702.060	210124
702.188	210882
702.316	211371
702.444	211955
702.572	212489
702.700	212654
702.827	212874
702.955	213115
703.083	213124
703.211	213122
703.339	213895
703.467	213312
703.594	214605
703.722	215185
703.850	214774
703.978	214391
704.106	214536
704.234	214231
704.361	215401
704.489	214314
704.617	214785
704.745	214956
704.873	215029
705.001	214988
705.128	214942
705.256	215278
705.384	215475
705.512	215725
705.640	216389
705.768	216972
705.895	216855
706.023	216818
706.151	217103
706.279	217137
706.407	218034
706.535	218584
706.662	218981
706.790	219487
706.918	219545
707.046	219704
707.174	220089
707.302	220320
707.429	220542
707.557	221080
707.685	221331
707.813	221082
707.941	221043
708.069	221151
708.196	221634
708.324	222276
708.452	221796
708.580	222136
708.708	222000
708.836	222289
708.963	222313
709.091	222288
709.219	222442
709.347	222667
709.475	222623
709.603	222715
709.731	222709
709.858	222422
709.986	223077
710.114	222618
710.242	222653
710.370	223647
710.498	224028
710.625	223977
710.753	224373
710.881	225537
711.009	225909
711.137	226088
711.265	226206
711.392	226754
711.520	227759
711.648	228041
711.776	228673
711.904	228330
712.032	228766
712.159	229242
712.287	229454
712.415	229114
712.543	228776
712.671	229427
712.799	229587
712.926	229718
713.054	229993
713.182	229746
713.310	229858
713.438	229893
713.566	229698
713.693	229679
713.821	230058
713.949	230332
714.077	230578
714.205	231121
714.333	231318
714.460	231920
714.588	232322
714.716	232334
714.844	233061
714.972	233118
715.100	233730
715.227	233675
715.355	234029
715.483	234630
715.611	235298
715.739	235710
715.867	235703
715.994	235751
716.122	235952
716.250	236062
716.378	236571
716.506	237149
716.634	237473
716.761	237254
716.889	236941
717.017	237456
717.145	237634
717.273	237910
717.401	237747
717.529	237621
717.656	238016
717.784	238356
717.912	238282
718.040	238123
718.168	238491
718.296	238527
718.423	238686
718.551	239418
718.679	239847
718.807	239570
718.935	239508
719.063	240077
719.190	240594
719.318	241177
719.446	241742
719.574	241182
719.702	241595
719.830	242387
719.957	243249
720.085	244077
720.213	244669
720.341	244754
720.469	245526
720.597	245781
720.724	245584
720.852	245947
720.980	245847
721.108	245899
721.236	246389
721.364	246723
721.491	246400
721.619	245750
721.747	246298
721.875	246478
722.003	246541
722.131	246795
722.258	247003
722.386	246913
722.514	246687
722.642	246780
722.770	246123
722.898	247355
723.025	247805
723.153	248405
723.281	248553
723.409	248409
723.537	248568
723.665	249162
723.792	249771
723.920	250353
724.048	250344
724.176	250504
724.304	251214
724.432	252132
724.559	252729
724.687	252733
724.815	252509
724.943	253751
725.071	254195
725.199	254288
725.326	254645
725.454	254560
725.582	254675
725.710	254937
725.838	254827
725.966	254851
726.094	254555
726.221	254819
726.349	254888
726.477	255206
726.605	255467
726.733	255476
726.861	255193
726.988	254842
727.116	255023
727.244	255845
727.372	256073
727.500	256087
727.628	256143
727.755	256208
727.883	256673
728.011	257397
728.139	257702
728.267	257575
728.395	257946
728.522	258044
728.650	259024
728.778	259523
728.906	260714
729.034	261679
729.162	261665
729.289	261520
729.417	262341
729.545	262935
729.673	262814
729.801	263329
729.929	263952
730.056	264221
730.184	264290
730.312	264435
730.440	264753
730.568	265242
730.696	263620
730.823	264504
730.951	264595
731.079	264364
731.207	264620
731.335	264565
731.463	264565
731.590	265657
731.718	265469
731.846	265567
731.974	265144
732.102	266002
732.230	266014
732.357	266604
732.485	267252
732.613	267467
732.741	267801
732.869	268504
732.997	268540
733.124	270746
733.252	269799
733.380	270249
733.508	269980
733.636	269576
733.764	269710
733.892	270047
734.019	270513
734.147	270163
734.275	269985
734.403	270897
734.531	270473
734.659	269647
734.786	270016
734.914	270500
735.042	269924
735.170	270545
735.298	270821
735.426	271465
735.553	271442
735.681	272444
735.809	272420
735.937	273380
736.065	274331
736.193	274071
736.320	274848
736.448	275493
736.576	275534
736.704	276620
736.832	276611
736.960	276374
737.087	276941
737.215	277126
737.343	277087
737.471	278282
737.599	276586
737.727	277855
737.854	276926
737.982	276010
738.110	276375
738.238	276770
738.366	276755
738.494	276413
738.621	276128
738.749	276746
738.877	277471
739.005	277583
739.133	276662
739.261	277994
739.388	277887
739.516	277365
739.644	277584
739.772	278091
739.900	278218
740.028	278724
740.155	280053
740.283	279211
740.411	279449
740.539	280038
740.667	280874
740.795	281647
740.922	281922
741.050	281847
741.178	282793
741.306	284120
741.434	283602
741.562	283875
741.690	284419
741.817	285435
741.945	285993
742.073	286267
742.201	286806
742.329	286592
742.457	286932
742.584	287281
742.712	286938
742.840	287209
742.968	287257
743.096	287779
743.224	287971
743.351	287716
743.479	288252
743.607	287869
743.735	288519
743.863	288757
743.991	288772
744.118	288859
744.246	289160
744.374	289633
744.502	289646
744.630	289193
744.758	289521
744.885	288236
745.013	289485
745.141	290293
745.269	290147
745.397	289713
745.525	289784
745.652	290446
745.780	290890
745.908	290761
746.036	291870
746.164	291907
746.292	293021
746.419	293173
746.547	293961
746.675	294473
746.803	295093
746.931	295710
747.059	295898
747.186	296026
747.314	296904
747.442	297519
747.570	298324
747.698	298606
747.826	298428
747.953	297901
748.081	298673
748.209	299601
748.337	298913
748.465	299160
748.593	299759
748.720	299901
748.848	299265
748.976	299125
749.104	298924
749.232	299163
749.360	299245
749.487	298883
749.615	298743
749.743	298962
749.871	298930
749.999	299647
750.127	298783
750.255	298539
750.382	299009
750.510	299881
750.638	300627
750.766	301039
750.894	301452
751.022	302173
751.149	302127
751.277	302209
751.405	302637
751.533	302771
751.661	303271
751.789	303566
751.916	303502
752.044	303885
752.172	305234
752.300	305788
752.428	305782
752.556	307009
752.683	306776
752.811	307847
752.939	307907
753.067	307995
753.195	308615
753.323	309168
753.450	309656
753.578	310557
753.706	310320
753.834	311221
753.962	310674
754.090	310274
754.217	310709
754.345	311519
754.473	311710
754.601	311307
754.729	311358
754.857	310933
754.984	310975
755.112	310413
755.240	310903
755.368	310359
755.496	309714
755.624	310136
755.751	310708
755.879	310625
756.007	310888
756.135	310877
756.263	311378
756.391	311354
756.518	312832
756.646	312286
756.774	313685
756.902	314568
757.030	314920
757.158	316003
757.285	316664
757.413	316772
757.541	317474
757.669	316778
757.797	317717
757.925	319079
758.053	319681
758.180	320139
758.308	320180
758.436	319669
758.564	319466
758.692	319762
758.820	320180
758.947	320260
759.075	320906
759.203	321136
759.331	319705
759.459	319216
759.587	319335
759.714	318774
759.842	318416
759.970	319991
760.098	319490
760.226	319324
760.354	320279
760.481	320809
760.609	321025
760.737	321416
760.865	322156
760.993	322869
761.121	323443
761.248	324264
761.376	324150
761.504	325852
761.632	326355
761.760	326826
761.888	325296
762.015	324990
762.143	325245
762.271	325037
762.399	324541
762.527	324138
762.655	323569
762.782	323775
762.910	324263
763.038	324149
763.166	323628
763.294	324065
763.422	324981
763.549	325116
763.677	324639
763.805	324690
763.933	325203
764.061	326118
764.189	327641
764.316	328049
764.444	327518
764.572	327936
764.700	328509
764.828	329603
764.956	330190
765.083	330003
765.211	330809
765.339	331749
765.467	332262
765.595	331939
765.723	332696
765.851	332007
765.978	331652
766.106	331406
766.234	331840
766.362	332256
766.490	331739
766.618	331739
766.745	331375
766.873	331227
767.001	331356
767.129	332326
767.257	332305
767.385	332557
767.512	333091
767.640	333365
767.768	333536
767.896	333878
768.024	333430
768.152	333917
768.279	332048
768.407	332829
768.535	334129
768.663	335054
768.791	334866
768.919	334712
769.046	334986
769.174	335625
769.302	336898
769.430	337393
769.558	338765
769.686	338714
769.813	338367
769.941	338850
770.069	339667
770.197	340821
770.325	341419
770.453	341635
770.580	342294
770.708	342683
770.836	341468
770.964	341733
771.092	342960
771.220	343007
771.347	343940
771.475	343648
771.603	343202
771.731	344020
771.859	344373
771.987	343169
772.114	343641
772.242	343042
772.370	343383
772.498	343075
772.626	342661
772.754	342714
772.881	342805
773.009	342653
773.137	342824
773.265	343149
773.393	343057
773.521	343114
773.649	342921
773.776	343977
773.904	343238
774.032	343697
774.160	344089
774.288	344726
774.416	345736
774.543	346035
774.671	345630
774.799	345871
774.927	346787
775.055	346376
775.183	346160
775.310	347276
775.438	347245
775.566	348065
775.694	348812
775.822	348824
775.950	349241
776.077	350013
776.205	350089
776.333	350129
776.461	351086
776.589	352146
776.717	350902
776.844	351473
776.972	351267
777.100	350957
777.228	351454
777.356	352302
777.484	352865
777.611	353250
777.739	353535
777.867	352774
777.995	353096
778.123	351995
778.251	351749
778.378	351870
778.506	352316
778.634	352433
778.762	352922
778.890	352890
779.018	352265
779.145	352436
779.273	352050
779.401	353242
779.529	352480
779.657	353436
779.785	353524
779.912	353343
780.040	353263
780.168	353264
780.296	353547
780.424	354116
780.552	354867
780.679	355686
780.807	355049
780.935	356666
781.063	355910
781.191	356223
781.319	357238
781.447	358086
781.574	358551
781.702	359077
781.830	359542
781.958	359563
782.086	359669
782.214	360821
782.341	361158
782.469	360688
782.597	360594
782.725	361494
782.853	360665
782.981	360375
783.108	360001
783.236	359844
783.364	360204
783.492	360302
783.620	359917
783.748	359814
783.875	360132
784.003	360337
784.131	360572
784.259	360307
784.387	360680
784.515	360081
784.642	359992
784.770	360490
784.898	360725
785.026	361206
785.154	361855
785.282	360706
785.409	360767
785.537	361084
785.665	361640
785.793	362677
785.921	363152
786.049	363368
786.176	364071
786.304	364469
786.432	364144
786.560	364470
786.688	365313
786.816	365339
786.943	366342
787.071	366937
787.199	367108
787.327	367295
787.455	366814
787.583	366999
787.710	367288
787.838	367542
787.966	368025
788.094	367903
788.222	367756
788.350	367868
788.477	367194
788.605	367237
788.733	368009
788.861	367451
788.989	367702
789.117	367749
789.244	368125
789.372	368295
789.500	368012
789.628	369002
789.756	368989
789.884	369233
790.012	370179
790.139	370207
790.267	369619
790.395	369562
790.523	370815
790.651	370992
790.779	370813
790.906	370861
791.034	370969
791.162	371882
791.290	372463
791.418	372046
791.546	374229
791.673	374681
791.801	374933
791.929	375397
792.057	375905
792.185	375600
792.313	375886
792.440	376180
792.568	375631
792.696	375633
792.824	375840
792.952	375005
793.080	376157
793.207	377479
793.335	375944
793.463	376700
793.591	376490
793.719	375922
793.847	376086
793.974	376388
794.102	376370
794.230	376610
794.358	376986
794.486	376918
794.614	375941
794.741	376341
794.869	375699
794.997	375394
795.125	376664
795.253	376665
795.381	375419
795.508	376024
795.636	377417
795.764	377451
795.892	378155
796.020	378534
796.148	378887
796.275	379212
796.403	379756
796.531	379956
796.659	380225
796.787	380180
796.915	379879
797.042	380081
797.170	380414
797.298	380745
797.426	381625
797.554	382339
797.682	382323
797.810	382221
797.937	382392
798.065	382647
798.193	382125
798.321	382591
798.449	381599
798.577	382299
798.704	382795
798.832	382519
798.960	382960
799.088	383133
799.216	382587
799.344	382341
799.471	381019
799.599	382790
799.727	382164
799.855	382118
799.983	383544
800.111	383266
800.238	382197
800.366	382693
800.494	384088
800.622	383927
800.750	382801
800.878	384024
801.005	384712
801.133	383867
801.261	385158
801.389	384792
801.517	384602
801.645	385939
801.772	385365
801.900	385369
802.028	386144
802.156	386295
802.284	385932
802.412	386010
802.539	387251
802.667	387190
802.795	386031
802.923	387416
803.051	387147
803.179	387486
803.306	387562
803.434	387696
803.562	387559
803.690	387632
803.818	387812
803.946	387626
804.073	387763
804.201	388446
804.329	387279
804.457	389189
804.585	387406
804.713	387484
804.840	387935
804.968	387487
805.096	387789
805.224	387390
805.352	387084
805.480	387717
805.608	388129
805.735	387904
805.863	388734
805.991	389064
806.119	387885
806.247	389282
806.375	388853
806.502	387698
806.630	388664
806.758	388778
806.886	388295
807.014	389099
807.142	389341
807.269	388231
807.397	388083
807.525	388959
807.653	389477
807.781	389654
807.909	389126
808.036	389559
808.164	389883
808.292	388764
808.420	389605
808.548	389901
808.676	389822
808.803	389845
808.931	389721
809.059	389708
809.187	389477
809.315	387907
809.443	389608
809.570	389737
809.698	389610
809.826	389164
809.954	390698
810.082	390482
810.210	389784
810.337	387899
810.465	387909
810.593	388494
810.721	388513
810.849	389109
810.977	389162
811.104	388470
811.232	389873
811.360	389508
811.488	389786
811.616	389872
811.744	389118
811.871	390629
811.999	390343
812.127	389851
812.255	390396
812.383	390774
812.511	390608
812.638	390847
812.766	390952
812.894	389777
813.022	389503
813.150	391447
813.278	391065
813.406	391683
813.533	390918
813.661	391624
813.789	391502
813.917	391573
814.045	391622
814.173	391288
814.300	391492
814.428	392123
814.556	391608
814.684	391050
814.812	391546
814.940	390966
815.067	394425
815.195	393152
815.323	391423
815.451	392544
815.579	392048
815.707	391645
815.834	392571
815.962	393149
816.090	392769
816.218	392565
816.346	392699
816.474	392631
816.601	392625
816.729	392223
816.857	393950
816.985	393700
817.113	394040
817.241	394422
817.368	394329
817.496	393712
817.624	394465
817.752	395111
817.880	394905
818.008	394840
818.135	395122
818.263	395134
818.391	394522
818.519	394959
818.647	397602
818.775	394689
818.902	396478
819.030	396727
819.158	396841
819.286	396734
819.414	395617
819.542	395945
819.669	396182
819.797	394878
819.925	394262
820.053	395099
820.181	395025
820.309	396137
820.436	397908
820.564	398062
820.692	396281
820.820	396332
820.948	397528
821.076	395884
821.203	395523
821.331	396638
821.459	396872
821.587	395887
821.715	395452
821.843	395974
821.971	396175
822.098	396387
822.226	397079
822.354	396584
822.482	397242
822.610	397673
822.738	397131
822.865	398090
822.993	398566
823.121	398679
823.249	398308
823.377	399852
823.505	399824
823.632	397965
823.760	397433
823.888	397421
824.016	397825
824.144	398458
824.272	397539
824.399	395853
824.527	398091
824.655	399781
824.783	399044
824.911	399999
825.039	399428
825.166	400157
825.294	398964
825.422	398250
825.550	399332
825.678	399588
825.806	399208
825.933	399762
826.061	399245
826.189	399398
826.317	399487
826.445	397709
826.573	398453
826.700	400081
826.828	397884
826.956	398467
827.084	398469
827.212	399114
827.340	398587
827.467	398838
827.595	399106
827.723	397823
827.851	397948
827.979	397837
828.107	397839
828.234	398319
828.362	398212
828.490	399514
828.618	399732
828.746	401743
828.874	401621
829.001	399472
829.129	398810
829.257	398801
829.385	399012
829.513	398915
829.641	399079
829.769	400461
829.896	401270
830.024	399871
830.152	398697
830.280	398650
830.408	397792
830.536	399569
830.663	400723
830.791	401202
830.919	401525
831.047	399779
831.175	400262
831.303	400107
831.430	400845
831.558	401875
831.686	401982
831.814	401540
831.942	401208
832.070	403197
832.197	402526
832.325	402779
832.453	404361
832.581	404336
832.709	406609
832.837	404902
832.964	405828
833.092	406312
833.220	406403
833.348	405170
833.476	404390
833.604	404568
833.731	405241
833.859	405345
833.987	404641
834.115	405062
834.243	405304
834.371	405388
834.498	405199
834.626	404644
834.754	405268
834.882	403762
835.010	405017
835.138	404660
835.265	404763
835.393	404899
835.521	406175
835.649	407475
835.777	406901
835.905	405571
836.032	405537
836.160	406522
836.288	407123
836.416	406219
836.544	407314
836.672	407076
836.799	407669
836.927	405621
837.055	406180
837.183	405672
837.311	406515
837.439	406465
837.567	407060
837.694	406275
837.822	404694
837.950	403825
838.078	403449
838.206	403113
838.334	402415
838.461	401066
838.589	401477
838.717	402435
838.845	401967
838.973	401884
839.101	402254
839.228	403253
839.356	402712
839.484	402521
839.612	402676
839.740	403660
839.868	404082
839.995	404337
840.123	406149
840.251	407947
840.379	408843
840.507	409760
840.635	409144
840.762	408689
840.890	410584
841.018	411333
841.146	412073
841.274	410441
841.402	410913
841.529	409462
841.657	410734
841.785	409735
841.913	408136
842.041	409573
842.169	410620
842.296	411233
842.424	411877
842.552	412148
842.680	411756
842.808	410893
842.936	410538
843.063	408806
843.191	406727
843.319	405776
843.447	403830
843.575	404958
843.703	403975
843.830	404072
843.958	404527
844.086	405131
844.214	404005
844.342	403349
844.470	404166
844.597	404996
844.725	404596
844.853	404111
844.981	403683
845.109	402931
845.237	403795
845.365	404693
845.492	404524
845.620	404430
845.748	403940
845.876	403563
846.004	405018
846.132	404458
846.259	403843
846.387	403573
846.515	403286
846.643	403402
846.771	403612
846.899	404173
847.026	404912
847.154	404882
847.282	404547
847.410	405233
847.538	406324
847.666	406584
847.793	406713
847.921	407015
848.049	406914
848.177	406804
848.305	407687
848.433	407495
848.560	408703
848.688	411040
848.816	411577
848.944	410870
849.072	410254
849.200	410316
849.327	409606
849.455	408483
849.583	406966
849.711	405815
849.839	405774
849.967	404916
850.094	403373
850.222	403430
850.350	403767
850.478	403621
850.606	403591
850.734	402193
850.861	401569
850.989	403057
851.117	402734
851.245	402572
851.373	402424
851.501	402303
851.628	402942
851.756	403017
851.884	402502
852.012	402340
852.140	402016
852.268	401683
852.395	401989
852.523	402131
852.651	402625
852.779	402707
852.907	403500
853.035	403191
853.162	403728
853.290	405500
853.418	405109
853.546	406601
853.674	406070
853.802	407412
853.930	408015
854.057	409763
854.185	410371
854.313	412349
854.441	413498
854.569	413308
854.697	414204
854.824	415187
854.952	415374
855.080	415911
855.208	415003
855.336	414555
855.464	414410
855.591	414629
855.719	414508
855.847	414342
855.975	412646
856.103	412447
856.231	412956
856.358	411317
856.486	411538
856.614	411222
856.742	410934
856.870	410790
856.998	411425
857.125	412115
857.253	412356
857.381	412434
857.509	412143
857.637	411580
857.765	410944
857.892	409419
858.020	408136
858.148	407481
858.276	407216
858.404	404782
858.532	402968
858.659	403861
858.787	402681
858.915	404019
859.043	404897
859.171	406042
859.299	406472
859.426	407621
859.554	408048
859.682	408071
859.810	408964
859.938	409492
860.066	409442
860.193	410234
860.321	410957
860.449	411240
860.577	412912
860.705	413476
860.833	414354
860.960	415023
861.088	415484
861.216	415792
861.344	416232
861.472	415718
861.600	416519
861.728	416519
861.855	415996
861.983	415571
862.111	416590
862.239	418166
862.367	419215
862.495	419707
862.622	419578
862.750	418959
862.878	418440
863.006	418393
863.134	417954
863.262	417696
863.389	419348
863.517	419059
863.645	419217
863.773	418786
863.901	418702
864.029	418731
864.156	419635
864.284	419546
864.412	418591
864.540	419038
864.668	417527
864.796	416294
864.923	415085
865.051	414982
865.179	413787
865.307	412428
865.435	412335
865.563	411101
865.690	409279
865.818	408326
865.946	406941
866.074	405771
866.202	405771
866.330	405162
866.457	404869
866.585	403884
866.713	404222
866.841	404930
866.969	405891
867.097	408272
867.224	408133
867.352	410831
867.480	411399
867.608	413677
867.736	414779
867.864	416556
867.991	417713
868.119	418722
868.247	418323
868.375	420105
868.503	420631
868.631	419851
868.758	419334
868.886	419112
869.014	418439
869.142	417370
869.270	417634
869.398	415784
869.526	414783
869.653	414286
869.781	413876
869.909	413044
870.037	413612
870.165	411057
870.293	410327
870.420	408985
870.548	408524
870.676	406918
870.804	406202
870.932	405246
871.060	403985
871.187	402712
871.315	402055
871.443	402197
871.571	402129
871.699	402025
871.827	401354
871.954	399931
872.082	399025
872.210	398903
872.338	399147
872.466	399518
872.594	399189
872.721	399203
872.849	398974
872.977	399234
873.105	399850
873.233	401391
873.361	401443
873.488	402817
873.616	404941
873.744	405867
873.872	406078
874.000	408018
874.128	409565
874.255	410211
874.383	409984
874.511	411336
874.639	412561
874.767	413783
874.895	415039
875.022	415475
875.150	415368
875.278	416038
875.406	416688
875.534	416946
875.662	417572
875.789	416831
875.917	415958
876.045	416481
876.173	417036
876.301	416862
876.429	415914
876.556	414770
876.684	414349
876.812	411146
876.940	410397
877.068	410852
877.196	411654
877.323	412713
877.451	411414
877.579	411759
877.707	411178
877.835	410528
877.963	410085
878.091	410245
878.218	410319
878.346	410861
878.474	410664
878.602	410357
878.730	411103
878.858	410480
878.985	408691
879.113	407410
879.241	405395
879.369	403955
879.497	401733
879.625	399944
879.752	397572
879.880	396236
880.008	395288
880.136	395688
880.264	393755
880.392	395092
880.519	394909
880.647	396531
880.775	397232
880.903	400591
881.031	400585
881.159	403115
881.286	404421
881.414	405577
881.542	406497
881.670	408296
881.798	410626
881.926	412459
882.053	413333
882.181	414823
882.309	415870
882.437	415276
882.565	414559
882.693	414308
882.820	413366
882.948	412641
883.076	412994
883.204	411469
883.332	411155
883.460	409946
883.587	410077
883.715	408842
883.843	407689
883.971	408249
884.099	406862
884.227	406121
884.354	402791
884.482	402892
884.610	401111
884.738	400274
884.866	400398
884.994	397068
885.121	396484
885.249	395430
885.377	392319
885.505	390332
885.633	388141
885.761	386624
885.889	385591
886.016	385248
886.144	385306
886.272	384762
886.400	383824
886.528	383529
886.656	383961
886.783	384635
886.911	385041
887.039	384882
887.167	385667
887.295	386776
887.423	387319
887.550	388024
887.678	389525
887.806	391721
887.934	393259
888.062	394678
888.190	395796
888.317	397239
888.445	400799
888.573	401301
888.701	401988
888.829	402712
888.957	402373
889.084	403217
889.212	402577
889.340	401348
889.468	401360
889.596	400944
889.724	398801
889.851	397532
889.979	395775
890.107	393114
890.235	390622
890.363	389914
890.491	388693
890.618	385984
890.746	383574
890.874	381957
891.002	380396
891.130	378717
891.258	377359
891.385	375138
891.513	373995
891.641	373338
891.769	373226
891.897	372156
892.025	372270
892.152	373488
892.280	372470
892.408	371527
892.536	373013
892.664	372677
892.792	372570
892.919	374675
893.047	375349
893.175	376549
893.303	375788
893.431	376882
893.559	378756
893.687	380169
893.814	379337
893.942	381918
894.070	383147
894.198	383977
894.326	385664
894.454	387424
894.581	389319
894.709	390538
894.837	392509
894.965	394531
895.093	395861
895.221	396502
895.348	396642
895.476	396918
895.604	396668
895.732	395837
895.860	394038
895.988	392860
896.115	391359
896.243	389492
896.371	387778
896.499	386255
896.627	384874
896.755	382819
896.882	380459
897.010	378393
897.138	376537
897.266	374098
897.394	371408
897.522	369078
897.649	366047
897.777	363697
897.905	361173
898.033	359513
898.161	357918
898.289	356427
898.416	355663
898.544	355062
898.672	353356
898.800	351608
898.928	350052
899.056	349029
899.183	347690
899.311	346923
899.439	346084
899.567	346605
899.695	346420
899.823	344871
899.950	343026
900.078	341724
900.206	339365
900.334	336689
900.462	334984
900.590	334614
900.717	333196
900.845	332655
900.973	332422
901.101	332219
901.229	331183
901.357	332133
901.485	332415
901.612	333107
901.740	333161
901.868	332300
901.996	331498
902.124	330522
902.252	328902
902.379	328549
902.507	328185
902.635	327350
902.763	327356
902.891	328399
903.019	328184
903.146	328434
903.274	328357
903.402	327718
903.530	328150
903.658	329023
903.786	329503
903.913	330314
904.041	330672
904.169	332048
904.297	332804
904.425	333351
904.553	333250
904.680	332252
904.808	331049
904.936	329772
905.064	328484
905.192	328709
905.320	327417
905.447	327768
905.575	327412
905.703	328522
905.831	327880
905.959	328751
906.087	330004
906.214	331468
906.342	333078
906.470	334247
906.598	334774
906.726	335161
906.854	336677
906.981	336279
907.109	336862
907.237	337720
907.365	338390
907.493	341155
907.621	343324
907.748	344321
907.876	345356
908.004	346867
908.132	348281
908.260	349619
908.388	351252
908.515	351410
908.643	351526
908.771	352848
908.899	352866
909.027	353486
909.155	353491
909.283	353106
909.410	353381
909.538	354175
909.666	354719
909.794	355280
909.922	354648
910.050	356680
910.177	356438
910.305	356113
910.433	356993
910.561	356993
910.689	356978
910.817	357067
910.944	356522
911.072	355348
911.200	354087
911.328	352364
911.456	350416
911.584	349862
911.711	347237
911.839	345640
911.967	343634
912.095	341113
912.223	339117
912.351	337448
912.478	335352
912.606	332781
912.734	330266
912.862	327915
912.990	325385
913.118	322395
913.245	319741
913.373	317631
913.501	315527
913.629	315514
913.757	315769
913.885	316391
914.012	318324
914.140	320820
914.268	322631
914.396	323778
914.524	324401
914.652	325048
914.779	325506
914.907	324968
915.035	327368
915.163	328234
915.291	328895
915.419	330157
915.546	331958
915.674	333477
915.802	334409
915.930	335471
916.058	336950
916.186	337713
916.313	339904
916.441	340898
916.569	342494
916.697	343373
916.825	344049
916.953	344459
917.080	344519
917.208	344187
917.336	344231
917.464	344745
917.592	344598
917.720	343698
917.848	343692
917.975	343030
918.103	342446
918.231	340413
918.359	339593
918.487	337698
918.615	335577
918.742	332700
918.870	330182
918.998	326783
919.126	322508
919.254	319619
919.382	316823
919.509	314483
919.637	313018
919.765	310907
919.893	310717
920.021	309107
920.149	307198
920.276	305181
920.404	303056
920.532	300814
920.660	298206
920.788	295885
920.916	294376
921.043	292570
921.171	291775
921.299	291125
921.427	290956
921.555	291280
921.683	291036
921.810	290440
921.938	289716
922.066	290374
922.194	291497
922.322	292563
922.450	293326
922.577	294079
922.705	296025
922.833	297090
922.961	297710
923.089	299153
923.217	300186
923.344	301650
923.472	303426
923.600	303296
923.728	302777
923.856	303279
923.984	303505
924.111	303295
924.239	303371
924.367	302997
924.495	302858
924.623	303999
924.751	304597
924.878	304060
925.006	303630
925.134	305377
925.262	306662
925.390	309601
925.518	310954
925.646	312419
925.773	313664
925.901	313671
926.029	313562
926.157	313422
926.285	315131
926.413	315172
926.540	314711
926.668	314375
926.796	314008
926.924	312690
927.052	309676
927.180	307837
927.307	305890
927.435	303619
927.563	301148
927.691	298515
927.819	296181
927.947	293928
928.074	292405
928.202	289309
928.330	288448
928.458	287241
928.586	285237
928.714	284537
928.841	283347
928.969	280634
929.097	278567
929.225	277603
929.353	276981
929.481	276201
929.608	275497
929.736	275548
929.864	274364
929.992	275670
930.120	275024
930.248	275810
930.375	276972
930.503	278514
930.631	280953
930.759	283189
930.887	285683
931.015	288020
931.142	290286
931.270	292770
931.398	294829
931.526	295864
931.654	295173
931.782	296283
931.909	295736
932.037	296796
932.165	297288
932.293	297591
932.421	300132
932.549	301285
932.676	302819
932.804	304802
932.932	306393
933.060	307832
933.188	309207
933.316	310178
933.444	311365
933.571	311581
933.699	311900
933.827	313453
933.955	314850
934.083	315430
934.211	316015
934.338	317016
934.466	318207
934.594	318815
934.722	318171
934.850	317575
934.978	317996
935.105	317957
935.233	316693
935.361	314664
935.489	310789
935.617	308032
935.745	304023
935.872	299689
936.000	297425
936.128	294660
936.256	293108
936.384	291792
936.512	290420
936.639	289581
936.767	288185
936.895	285584
937.023	283360
937.151	281398
937.279	279961
937.406	278989
937.534	278998
937.662	279115
937.790	278374
937.918	275226
938.046	274848
938.173	274730
938.301	274748
938.429	274977
938.557	275601
938.685	276346
938.813	276710
938.940	277296
939.068	278459
939.196	278428
939.324	279494
939.452	280989
939.580	282471
939.707	284592
939.835	286713
939.963	288886
940.091	291393
940.219	294238
940.347	296753
940.474	298742
940.602	300696
940.730	303895
940.858	308143
940.986	310480
941.114	311683
941.241	312465
941.369	313913
941.497	313988
941.625	314645
941.753	315913
941.881	317861
942.009	319891
942.136	321057
942.264	322014
942.392	322314
942.520	322305
942.648	323257
942.776	324756
942.903	325788
943.031	327394
943.159	327633
943.287	326725
943.415	326401
943.543	325879
943.670	325414
943.798	324634
943.926	322500
944.054	319857
944.182	317280
944.310	314917
944.437	312995
944.565	311076
944.693	308952
944.821	306748
944.949	304196
945.077	302160
945.204	300043
945.332	297323
945.460	294819
945.588	292432
945.716	289875
945.844	288133
945.971	286534
946.099	285928
946.227	284702
946.355	284462
946.483	284609
946.611	284841
946.738	285182
946.866	285591
946.994	286932
947.122	287564
947.250	288961
947.378	291788
947.505	295697
947.633	299965
947.761	303648
947.889	308769
948.017	313264
948.145	315993
948.272	319525
948.400	322104
948.528	324138
948.656	326530
948.784	327782
948.912	327402
949.039	327597
949.167	328543
949.295	328104
949.423	327945
949.551	327316
949.679	326971
949.807	325163
949.934	322715
950.062	320105
950.190	316559
950.318	313710
950.446	310605
950.574	306809
950.701	303046
950.829	298605
950.957	293316
951.085	288836
951.213	285286
951.341	281535
951.468	279273
951.596	276442
951.724	274933
951.852	272608
951.980	271038
952.108	270629
952.235	270308
952.363	268260
952.491	266917
952.619	267536
952.747	268834
952.875	271275
953.002	272549
953.130	272371
953.258	272483
953.386	271630
953.514	270055
953.642	267729
953.769	266888
953.897	266126
954.025	264212
954.153	264261
954.281	262906
954.409	263244
954.536	264001
954.664	265613
954.792	267048
954.920	267061
955.048	268216
955.176	270068
955.303	271454
955.431	273187
955.559	275567
955.687	277860
955.815	279863
955.943	283241
956.070	285965
956.198	288349
956.326	290338
956.454	292867
956.582	294054
956.710	295830
956.837	297321
956.965	298201
957.093	299228
957.221	301276
957.349	302678
957.477	304187
957.605	305794
957.732	306594
957.860	306688
957.988	306293
958.116	307205
958.244	306124
958.372	306840
958.499	307647
958.627	307087
958.755	307449
958.883	309076
959.011	309710
959.139	309160
959.266	306632
959.394	304500
959.522	301817
959.650	299999
959.778	299817
959.906	299371
960.033	297978
960.161	296061
960.289	293257
960.417	290267
960.545	286740
960.673	284143
960.800	281970
960.928	281582
961.056	280584
961.184	280202
961.312	279574
961.440	277191
961.567	275966
961.695	273546
961.823	270939
961.951	267821
962.079	264764
962.207	262924
962.334	260624
962.462	257152
962.590	254009
962.718	251215
962.846	249144
962.974	247678
963.101	245284
963.229	244781
963.357	243558
963.485	243031
963.613	242162
963.741	242575
963.868	242724
963.996	243614
964.124	243506
964.252	243132
964.380	243546
964.508	244523
964.635	246568
964.763	248604
964.891	249747
965.019	250567
965.147	251199
965.275	251057
965.403	249419
965.530	248308
965.658	247517
965.786	249101
965.914	250670
966.042	252854
966.170	254965
966.297	255863
966.425	258089
966.553	258692
966.681	259751
966.809	261735
966.937	262888
967.064	264047
967.192	265696
967.320	267028
967.448	267974
967.576	269155
967.704	270237
967.831	270759
967.959	271810
968.087	273361
968.215	274895
968.343	276331
968.471	277057
968.598	278478
968.726	278999
968.854	281000
968.982	281310
969.110	280746
969.238	280342
969.365	278890
969.493	278019
969.621	277190
969.749	276597
969.877	275296
970.005	273262
970.132	271089
970.260	268178
970.388	264741
970.516	261524
970.644	257452
970.772	251996
970.899	248236
971.027	245943
971.155	245194
971.283	242161
971.411	238170
971.539	239517
971.666	240573
971.794	242291
971.922	243607
972.050	244643
972.178	244114
972.306	237915
972.433	230287
972.561	226383
972.689	224770
972.817	224023
972.945	224548
973.073	226014
973.201	228526
973.328	230935
973.456	233222
973.584	235758
973.712	238870
973.840	239620
973.968	242276
974.095	244507
974.223	246362
974.351	249339
974.479	251808
974.607	255031
974.735	257347
974.862	260086
974.990	261806
975.118	261422
975.246	259626
975.374	258341
975.502	257655
975.629	256580
975.757	254241
975.885	251728
976.013	250452
976.141	248129
976.269	245201
976.396	241680
976.524	239177
976.652	236848
976.780	234121
976.908	230766
977.036	227235
977.163	222595
977.291	220048
977.419	217553
977.547	216031
977.675	214903
977.803	213810
977.930	213137
978.058	211604
978.186	209932
978.314	207983
978.442	206308
978.570	205853
978.697	206366
978.825	207261
978.953	208283
979.081	209353
979.209	209839
979.337	209418
979.464	209167
979.592	209521
979.720	209756
979.848	210651
979.976	212331
980.104	212977
980.231	212870
980.359	212789
980.487	212540
980.615	212495
980.743	212273
980.871	211533
980.998	211398
981.126	212451
981.254	213523
981.382	214240
981.510	215234
981.638	215916
981.766	216597
981.893	218032
982.021	219763
982.149	222022
982.277	223709
982.405	224419
982.533	224843
982.660	225036
982.788	224989
982.916	225478
983.044	226130
983.172	225878
983.300	225939
983.427	226232
983.555	226053
983.683	226121
983.811	225457
983.939	225407
984.067	226303
984.194	225069
984.322	224434
984.450	223828
984.578	222406
984.706	220120
984.834	216521
984.961	212484
985.089	208347
985.217	204074
985.345	200670
985.473	197652
985.601	195885
985.728	194501
985.856	193968
985.984	193551
986.112	192340
986.240	189799
986.368	188486
986.495	186356
986.623	185080
986.751	183452
986.879	183037
987.007	183273
987.135	184391
987.262	184045
987.390	184024
987.518	183234
987.646	181665
987.774	180216
987.902	179016
988.029	177585
988.157	176093
988.285	174404
988.413	172599
988.541	171284
988.669	170471
988.796	170036
988.924	169951
989.052	170047
989.180	169619
989.308	168844
989.436	168057
989.564	167578
989.691	166232
989.819	165892
989.947	165009
990.075	165898
990.203	165125
990.331	164724
990.458	164821
990.586	165749
990.714	166606
990.842	168117
990.970	170075
991.098	171717
991.225	172131
991.353	171757
991.481	172198
991.609	172819
991.737	173720
991.865	174554
991.992	176096
992.120	178294
992.248	179744
992.376	181015
992.504	181933
992.632	182815
992.759	183343
992.887	183989
993.015	184887
993.143	186720
993.271	187218
993.399	186961
993.526	188036
993.654	189398
993.782	189022
993.910	188772
994.038	188263
994.166	187345
994.293	186998
994.421	185491
994.549	183738
994.677	181383
994.805	179254
994.933	177097
995.060	174274
995.188	170997
995.316	167860
995.444	166587
995.572	166150
995.700	165395
995.827	165079
995.955	165010
996.083	163508
996.211	161403
996.339	161041
996.467	161036
996.594	160177
996.722	159194
996.850	158208
996.978	157220
997.106	155549
997.234	153382
997.362	151371
997.489	149460
997.617	148159
997.745	146769
997.873	143365
998.001	143208
998.129	141347
998.256	140790
998.384	139639
998.512	139786
998.640	138973
998.768	139413
998.896	139389
999.023	139386
999.151	139342
999.279	140122
999.407	140741
999.535	141499
999.663	143116
999.790	144965
999.918	146782
1000.046	149010
1000.174	150568
1000.302	151084
1000.430	151963
1000.557	153364
1000.685	154938
1000.813	156471
1000.941	157952
1001.069	159873
1001.197	160847
1001.324	161432
1001.452	161259
1001.580	161190
1001.708	161397
1001.836	160975
1001.964	160687
1002.091	161155
1002.219	161229
1002.347	160942
1002.475	160280
1002.603	159786
1002.731	159538
1002.858	158719
1002.986	158465
1003.114	156922
1003.242	155308
1003.370	152967
1003.498	151726
1003.625	150833
1003.753	149767
1003.881	148929
1004.009	148249
1004.137	147446
1004.265	146104
1004.392	144649
1004.520	144121
1004.648	143866
1004.776	142681
1004.904	140612
1005.032	138846
1005.160	137821
1005.287	137496
1005.415	138098
1005.543	138286
1005.671	138021
1005.799	136375
1005.927	133258
1006.054	131112
1006.182	128779
1006.310	127112
1006.438	124826
1006.566	122926
1006.694	121526
1006.821	120423
1006.949	121415
1007.077	121665
1007.205	121629
1007.333	122509
1007.461	122209
1007.588	120916
1007.716	121616
1007.844	120602
1007.972	118875
1008.100	117869
1008.228	115766
1008.355	115230
1008.483	114734
1008.611	114647
1008.739	115364
1008.867	115851
1008.995	116798
1009.122	117350
1009.250	118496
1009.378	120093
1009.506	121481
1009.634	122391
1009.762	122387
1009.889	121903
1010.017	122057
1010.145	122698
1010.273	123350
1010.401	124340
1010.529	125512
1010.656	126559
1010.784	127197
1010.912	127007
1011.040	126818
1011.168	127167
1011.296	127564
1011.423	127354
1011.551	126821
1011.679	126617
1011.807	125907
1011.935	125323
1012.063	124302
1012.190	123084
1012.318	121935
1012.446	120968
1012.574	119987
1012.702	118924
1012.830	117866
1012.957	116072
1013.085	115070
1013.213	114026
1013.341	113550
1013.469	112942
1013.597	111554
1013.725	110401
1013.852	108975
1013.980	107448
1014.108	106471
1014.236	105967
1014.364	105653
1014.492	106139
1014.619	105585
1014.747	104823
1014.875	104376
1015.003	103558
1015.131	102768
1015.259	102081
1015.386	101067
1015.514	100731
1015.642	100418
1015.770	100068
1015.898	99561.9
1016.026	99286.9
1016.153	99270.6
1016.281	99012.7
1016.409	98908.8
1016.537	99354.1
1016.665	99653.6
1016.793	100042
1016.920	100532
1017.048	100248
1017.176	99856.4
1017.304	99567.5
1017.432	99163.1
1017.560	98963.5
1017.687	99437
1017.815	99365.8
1017.943	99119.5
1018.071	99190.6
1018.199	99709.8
1018.327	99859.4
1018.454	101236
1018.582	102646
1018.710	103240
1018.838	105300
1018.966	106549
1019.094	106109
1019.221	107018
1019.349	107436
1019.477	107801
1019.605	107519
1019.733	107828
1019.861	107874
1019.988	107855
1020.116	106737
1020.244	105696
1020.372	105151
1020.500	105648
1020.628	105453
1020.755	106202
1020.883	106699
1021.011	106074
1021.139	105734
1021.267	105176
1021.395	104100
1021.523	104283
1021.650	103657
1021.778	102840
1021.906	101662
1022.034	100617
1022.162	99698.9
1022.290	99826.8
1022.417	99807.6
1022.545	100004
1022.673	100053
1022.801	99640
1022.929	99032.6
1023.057	98305.6
1023.184	98004.5
1023.312	97134.9
1023.440	96744.5
1023.568	96100.7
1023.696	94988.9
1023.824	93491.3
1023.951	92158.4
1024.079	90729.9
1024.207	89747.1
1024.335	89059.1
1024.463	88629.2
1024.591	88152.4
1024.718	87958.6
1024.846	88156.7
1024.974	88049
1025.102	88429
1025.230	88905.4
1025.358	88518.1
1025.485	87507.1
1025.613	86228.9
1025.741	85356.6
1025.869	84548.4
1025.997	83792.8
1026.125	83659.2
1026.252	83600.8
1026.380	83075.4
1026.508	82447.9
1026.636	82257.7
1026.764	82066.9
1026.892	81867.7
1027.019	81684.7
1027.147	81816.2
1027.275	81610.9
1027.403	81802.5
1027.531	82056.8
1027.659	82355.6
1027.786	82479.1
1027.914	82129
1028.042	81741.5
1028.170	81283.3
1028.298	81034.2
1028.426	81278.2
1028.553	81758.8
1028.681	82450.4
1028.809	83022.6
1028.937	84263.6
1029.065	85012
1029.193	85659.9
1029.321	86738.3
1029.448	87077.5
1029.576	86986
1029.704	87067.2
1029.832	87579.7
1029.960	86910.2
1030.088	86150.8
1030.215	85024.3
1030.343	84402.9
1030.471	83793.5
1030.599	84035.1
1030.727	84273.9
1030.855	85094.4
1030.982	85509.9
1031.110	85571.9
1031.238	85525.3
1031.366	85809.3
1031.494	86063.1
1031.622	85873.2
1031.749	85846.3
1031.877	85581.4
1032.005	85350.2
1032.133	85370.8
1032.261	84851.3
1032.389	84393.3
1032.516	83646.5
1032.644	82508.5
1032.772	81517.9
1032.900	80586
1033.028	80328.7
1033.156	80847.2
1033.283	81791.7
1033.411	82541.1
1033.539	83142
1033.667	83341.3
1033.795	82822.2
1033.923	81798.3
1034.050	80917.4
1034.178	79957.3
1034.306	78699
1034.434	78211.1
1034.562	77409.8
1034.690	77002.3
1034.817	76603.1
1034.945	75776.7
1035.073	75380.5
1035.201	75158
1035.329	74554.4
1035.457	74319.6
1035.584	74271.1
1035.712	74159.3
1035.840	74218.4
1035.968	74188.4
1036.096	74193.1
1036.224	73787.2
1036.351	73724
1036.479	73639.6
1036.607	73437.7
1036.735	73791.6
1036.863	73947.3
1036.991	73721.2
1037.119	73687.8
1037.246	73487.7
1037.374	73472.8
1037.502	73424.3
1037.630	73122.9
1037.758	73013.4
1037.886	73250.3
1038.013	73749.5
1038.141	73755.2
1038.269	73852.1
1038.397	73769.1
1038.525	73150.8
1038.653	72476.3
1038.780	72178.1
1038.908	72035.4
1039.036	72015.7
1039.164	71915.9
1039.292	71777.9
1039.420	71719.3
1039.547	71726.5
1039.675	71487.8
1039.803	71621.9
1039.931	71544.5
1040.059	71515.3
1040.187	71334.6
1040.314	70988.5
1040.442	70936
1040.570	70898.1
1040.698	70872.5
1040.826	70841.2
1040.954	70496.5
1041.081	70575.4
1041.209	70515.5
1041.337	70570.5
1041.465	70464.1
1041.593	70485.6
1041.721	70501
1041.848	70781.5
1041.976	71020.9
1042.104	70560.8
1042.232	70312.8
1042.360	70116.4
1042.488	69650.7
1042.615	69321.6
1042.743	69342.7
1042.871	69036.4
1042.999	68916.4
1043.127	68842
1043.255	68677.4
1043.382	68667
1043.510	68337.1
1043.638	68195.7
1043.766	68118
1043.894	68011.5
1044.022	68294.5
1044.149	67997.6
1044.277	67860.9
1044.405	67717.2
1044.533	67576
1044.661	67602.6
1044.789	67574.7
1044.916	67573.7
1045.044	67435.2
1045.172	67204.8
1045.300	67175.5
1045.428	67097.5
1045.556	67329.2
1045.684	67614.7
1045.811	67602.8
1045.939	67937.4
1046.067	67783.9
1046.195	67619.5
1046.323	67545.6
1046.451	67158
1046.578	67293.3
1046.706	67369.1
1046.834	67379.4
1046.962	67435.1
1047.090	67425.7
1047.218	67560.1
1047.345	68022
1047.473	68019
1047.601	68155.8
1047.729	68072.8
1047.857	67787.3
1047.985	67834.8
1048.112	67505.7
1048.240	67500.3
1048.368	67593.1
1048.496	67235.8
1048.624	67664.6
1048.752	67683.3
1048.879	67419.9
1049.007	67171.8
1049.135	66883.4
1049.263	66900.4
1049.391	66825.8
1049.519	66708.9
1049.646	66467.1
1049.774	65927.8
1049.902	65799.9
1050.030	65539.5
1050.158	65439.1
1050.286	65509.6
1050.413	65198.4
1050.541	65456.3
1050.669	65378.6
1050.797	65084.2
1050.925	65260.5
1051.053	65079.5
1051.180	65070
1051.308	65098.7
1051.436	64840.8
1051.564	64941.2
1051.692	64649.1
1051.820	64555.9
1051.947	64397.9
1052.075	64406
1052.203	64404.4
1052.331	64267.2
1052.459	64294.9
1052.587	64442.7
1052.714	64300.7
1052.842	64460
1052.970	64195.1
1053.098	64234.4
1053.226	64316.3
1053.354	64229.7
1053.482	64234.3
1053.609	64427.4
1053.737	64158.2
1053.865	64159.2
1053.993	64142.7
1054.121	63993.7
1054.249	64168
1054.376	63893.5
1054.504	63975.6
1054.632	63972.6
1054.760	63941
1054.888	63898.5
1055.016	63710.6
1055.143	63739.6
1055.271	63857.9
1055.399	63572
1055.527	63816.5
1055.655	63518.5
1055.783	63638.8
1055.910	63599.5
1056.038	63402.9
1056.166	63631.2
1056.294	63287.6
1056.422	63610
1056.550	63529
1056.677	63446.9
1056.805	63613.7
1056.933	63647.4
1057.061	63687.5
1057.189	63735
1057.317	63739.5
1057.444	63804.7
1057.572	64022.6
1057.700	64152.7
1057.828	64331.8
1057.956	64058.8
1058.084	64130.3
1058.211	64075.1
1058.339	64071.2
1058.467	64122.9
1058.595	63878.6
1058.723	64032
1058.851	64161.7
1058.978	64044
1059.106	64017.1
1059.234	63900
1059.362	63978
1059.490	63754.5
1059.618	63505.8
1059.745	63664.8
1059.873	63561.7
1060.001	63365.2
1060.129	63411.1
1060.257	63431.7
1060.385	63334.3
1060.512	63266.4
1060.640	63393.5
1060.768	63268.9
1060.896	63062.6
1061.024	63156.9
1061.152	63103.2
1061.280	63110.8
1061.407	63086
1061.535	63130.2
1061.663	63046.4
1061.791	62851.5
1061.919	62921.9
1062.047	62715.3
1062.174	62793.7
1062.302	62935.2
1062.430	62572.3
1062.558	62549.8
1062.686	62699.7
1062.814	62671.6
1062.941	62526
1063.069	62331.5
1063.197	62412.7
1063.325	62504.1
1063.453	62256.7
1063.581	62353.8
1063.708	62153.6
1063.836	62355
1063.964	62372.9
1064.092	62246.7
1064.220	62286.8
1064.348	62211.5
1064.475	62139.5
1064.603	62057.5
1064.731	61963.1
1064.859	62392.3
1064.987	62296.6
1065.115	62112.6
1065.242	62290.1
1065.370	62143.4
1065.498	62307.5
1065.626	62007.1
1065.754	62091.4
1065.882	62251.3
1066.009	62235.1
1066.137	62228.4
1066.265	62173.4
1066.393	62161.2
1066.521	62386.4
1066.649	62217
1066.776	62101.5
1066.904	62232.8
1067.032	62130.2
1067.160	62191.9
1067.288	62142.3
1067.416	62154.3
1067.543	62117.5
1067.671	61955.4
1067.799	62077.4
1067.927	62012.4
1068.055	62037.9
1068.183	62121.9
1068.310	61972
1068.438	61952.9
1068.566	61913.8
1068.694	61930.6
1068.822	61910.7
1068.950	61847.5
1069.077	61943.7
1069.205	61840.3
1069.333	61888.5
1069.461	61963.5
1069.589	61781
1069.717	61858.8
1069.845	61938.5
1069.972	61861.9
1070.100	61970
1070.228	61753.4
1070.356	61889
1070.484	61953.8
1070.612	61838.3
1070.739	61832.6
1070.867	61655
1070.995	61871.3
1071.123	61631.3
1071.251	61560.3
1071.379	61852.1
1071.506	61593.1
1071.634	61695.3
1071.762	61734.2
1071.890	61747.7
1072.018	61701.1
1072.146	61483.2
1072.273	61796.1
1072.401	61977.1
1072.529	61746.2
1072.657	61684.6
1072.785	61741.8
1072.913	61821.4
1073.040	61918
1073.168	61716.1
1073.296	61776.1
1073.424	61838.4
1073.552	61756.5
1073.680	61717.8
1073.807	61790.8
1073.935	61837.6
1074.063	61697
1074.191	61729.6
1074.319	61786.6
1074.447	61637.2
1074.574	61642.6
1074.702	61590.1
1074.830	61693.7
1074.958	61656.3
1075.086	61627.8
1075.214	61822.9
1075.341	61617.4
1075.469	61617.6
1075.597	61772.1
1075.725	61560.3
1075.853	61677
1075.981	61650.1
1076.108	61519.1
1076.236	61610.3
1076.364	61432.9
1076.492	61670.3
1076.620	61394
1076.748	61678.9
1076.875	61737.9
1077.003	61352.9
1077.131	61711.1
1077.259	61510.2
1077.387	61404.4
1077.515	61658.1
1077.643	61427.6
1077.770	61663.2
1077.898	61608
1078.026	61509.2
1078.154	61706.6
1078.282	61486.7
1078.410	61507.9
1078.537	61516.2
1078.665	61590.5
1078.793	61731.1
1078.921	61610.5
1079.049	61560.2
1079.177	61565
1079.304	61450.4
1079.432	61538.8
1079.560	61546.2
1079.688	61598.8
1079.816	61566.2
1079.944	61478.7
1080.071	61488.4
1080.199	61469.3
1080.327	61562.4
1080.455	61561.6
1080.583	61595.4
1080.711	61579.1
1080.838	61462.9
1080.966	61800.4
1081.094	61490.9
1081.222	61531.7
1081.350	61718.5
1081.478	61556.4
1081.605	61592
1081.733	61626.8
1081.861	61706.7
1081.989	61772.5
1082.117	61507.4
1082.245	61709.1
1082.372	61697.9
1082.500	61629.2
1082.628	61885.1
1082.756	61792.3
1082.884	61761
1083.012	61723.2
1083.139	61625.6
1083.267	61706.3
1083.395	61776.7
1083.523	61784.9
1083.651	61702.4
1083.779	61686.8
1083.906	61731.5
1084.034	61669.6
1084.162	61805.5
1084.290	61647.2
1084.418	61471.2
1084.546	61599
1084.673	61735.3
1084.801	61854.5
1084.929	61665.9
1085.057	61742.6
1085.185	61799.1
1085.313	61601.6
1085.441	61802
1085.568	61832
1085.696	61728
1085.824	61863.8
1085.952	61762.9
1086.080	61693.7
1086.208	61703.3
1086.335	61764.3
1086.463	61715
1086.591	61699.7
1086.719	61632.9
1086.847	61781.3
1086.975	61646.3
1087.102	61703.5
1087.230	61561.1
1087.358	61594.1
1087.486	61600.1
1087.614	61576.3
1087.742	61709.7
1087.869	61646.2
1087.997	61646.3
1088.125	61679
1088.253	61650.8
1088.381	61695.2
1088.509	61617.3
1088.636	61703.4
1088.764	61606.5
1088.892	61655.2
1089.020	61600.9
1089.148	61579.6
1089.276	61731.8
1089.403	61607.5
1089.531	61709.5
1089.659	61754.9
1089.787	61737.8
1089.915	61657.2
1090.043	61667.8
1090.170	61862.8
1090.298	61860.1
1090.426	61542.5
1090.554	61638.5
1090.682	61763.7
1090.810	61722.2
1090.937	61639.1
1091.065	61598.5
1091.193	61822.8
1091.321	61839.2
1091.449	61724.3
1091.577	61691.5
1091.704	61638.7
1091.832	61822.4
1091.960	61728.8
1092.088	61831.7
1092.216	61905.3
1092.344	61731.4
1092.471	61807.9
1092.599	61739.5
1092.727	61850.4
1092.855	61792.5
1092.983	61785
1093.111	61974.8
1093.239	61841.7
1093.366	61833.8
1093.494	61816.5
1093.622	61835.3
1093.750	61951.2
1093.878	61813.2
1094.006	61931.8
1094.133	61898.6
1094.261	61749.6
1094.389	61975.5
1094.517	61832
1094.645	61795.2
1094.773	61950.3
1094.900	61910.8
1095.028	61921.3
1095.156	61871.6
1095.284	62010.5
1095.412	61844.1
1095.540	61705.6
1095.667	61928.8
1095.795	61890
1095.923	61910.8
1096.051	61998.6
1096.179	61849
1096.307	62038.2
1096.434	61786.9
1096.562	61995.9
1096.690	62006.4
1096.818	61981.5
1096.946	61902.6
1097.074	61753.7
1097.201	62072.6
1097.329	62115.6
1097.457	62001.8
1097.585	62188.8
1097.713	62008.3
1097.841	62068.8
1097.968	62061.3
1098.096	62070.7
1098.224	62052.9
1098.352	62037
1098.480	62044.7
1098.608	61881.2
1098.735	62112.9
1098.863	62169.1
1098.991	61908
1099.119	62052.3
1099.247	61992.1
1099.375	62216.7
1099.502	62195.4
1099.630	62135.6
1099.758	62226.9
1099.886	62026.5
1100.014	62110.9
